track_id,track_name,information_required,why_required,current_status,provided_value,source_url,verified_at,notes
FLEMINGTON,Flemington,Exact racecourse latitude and longitude,Required to validate forecast location and calculate fallback-station distance.,REQUIRED,,,,
FLEMINGTON,Flemington,Official current-observation source,Confirms whether the track has its own live station or must use BOM observations.,REQUIRED,,,,
FLEMINGTON,Flemington,Primary observation URL or endpoint,Required for automated current conditions ingestion.,REQUIRED,,,,
FLEMINGTON,Flemington,Primary station name and station ID,Required for source lineage and operational monitoring.,REQUIRED,,,,
FLEMINGTON,Flemington,Observed fields available,"Required to know whether temperature, wind, gusts, rainfall and humidity are supplied.",REQUIRED,,,,
FLEMINGTON,Flemington,Observation update frequency,Required for freshness thresholds and stale-state handling.,REQUIRED,,,,
FLEMINGTON,Flemington,BOM forecast page or forecast location,Required for hourly and daily race-day forecasting.,REQUIRED,,,,
FLEMINGTON,Flemington,BOM fallback observation station,Required when the preferred live source is unavailable.,REQUIRED,,,,
FLEMINGTON,Flemington,Fallback distance from racecourse,Required so EDGEiQ discloses how representative the fallback observation is.,REQUIRED,,,,
CAULFIELD,Caulfield,Exact racecourse latitude and longitude,Required to validate forecast location and calculate fallback-station distance.,REQUIRED,,,,
CAULFIELD,Caulfield,Official current-observation source,Confirms whether the track has its own live station or must use BOM observations.,REQUIRED,,,,
CAULFIELD,Caulfield,Primary observation URL or endpoint,Required for automated current conditions ingestion.,REQUIRED,,,,
CAULFIELD,Caulfield,Primary station name and station ID,Required for source lineage and operational monitoring.,REQUIRED,,,,
CAULFIELD,Caulfield,Observed fields available,"Required to know whether temperature, wind, gusts, rainfall and humidity are supplied.",REQUIRED,,,,
CAULFIELD,Caulfield,Observation update frequency,Required for freshness thresholds and stale-state handling.,REQUIRED,,,,
CAULFIELD,Caulfield,BOM forecast page or forecast location,Required for hourly and daily race-day forecasting.,REQUIRED,,,,
CAULFIELD,Caulfield,BOM fallback observation station,Required when the preferred live source is unavailable.,REQUIRED,,,,
CAULFIELD,Caulfield,Fallback distance from racecourse,Required so EDGEiQ discloses how representative the fallback observation is.,REQUIRED,,,,
CAULFIELD_HEATH,Caulfield Heath,Exact racecourse latitude and longitude,Required to validate forecast location and calculate fallback-station distance.,REQUIRED,,,,
CAULFIELD_HEATH,Caulfield Heath,Official current-observation source,Confirms whether the track has its own live station or must use BOM observations.,REQUIRED,,,,
CAULFIELD_HEATH,Caulfield Heath,Primary observation URL or endpoint,Required for automated current conditions ingestion.,REQUIRED,,,,
CAULFIELD_HEATH,Caulfield Heath,Primary station name and station ID,Required for source lineage and operational monitoring.,REQUIRED,,,,
CAULFIELD_HEATH,Caulfield Heath,Observed fields available,"Required to know whether temperature, wind, gusts, rainfall and humidity are supplied.",REQUIRED,,,,
CAULFIELD_HEATH,Caulfield Heath,Observation update frequency,Required for freshness thresholds and stale-state handling.,REQUIRED,,,,
CAULFIELD_HEATH,Caulfield Heath,BOM forecast page or forecast location,Required for hourly and daily race-day forecasting.,REQUIRED,,,,
CAULFIELD_HEATH,Caulfield Heath,BOM fallback observation station,Required when the preferred live source is unavailable.,REQUIRED,,,,
CAULFIELD_HEATH,Caulfield Heath,Fallback distance from racecourse,Required so EDGEiQ discloses how representative the fallback observation is.,REQUIRED,,,,
SANDOWN_HILLSIDE,Sandown Hillside,Exact racecourse latitude and longitude,Required to validate forecast location and calculate fallback-station distance.,REQUIRED,,,,
SANDOWN_HILLSIDE,Sandown Hillside,Official current-observation source,Confirms whether the track has its own live station or must use BOM observations.,REQUIRED,,,,
SANDOWN_HILLSIDE,Sandown Hillside,Primary observation URL or endpoint,Required for automated current conditions ingestion.,REQUIRED,,,,
SANDOWN_HILLSIDE,Sandown Hillside,Primary station name and station ID,Required for source lineage and operational monitoring.,REQUIRED,,,,
SANDOWN_HILLSIDE,Sandown Hillside,Observed fields available,"Required to know whether temperature, wind, gusts, rainfall and humidity are supplied.",REQUIRED,,,,
SANDOWN_HILLSIDE,Sandown Hillside,Observation update frequency,Required for freshness thresholds and stale-state handling.,REQUIRED,,,,
SANDOWN_HILLSIDE,Sandown Hillside,BOM forecast page or forecast location,Required for hourly and daily race-day forecasting.,REQUIRED,,,,
SANDOWN_HILLSIDE,Sandown Hillside,BOM fallback observation station,Required when the preferred live source is unavailable.,REQUIRED,,,,
SANDOWN_HILLSIDE,Sandown Hillside,Fallback distance from racecourse,Required so EDGEiQ discloses how representative the fallback observation is.,REQUIRED,,,,
SANDOWN_LAKESIDE,Sandown Lakeside,Exact racecourse latitude and longitude,Required to validate forecast location and calculate fallback-station distance.,REQUIRED,,,,
SANDOWN_LAKESIDE,Sandown Lakeside,Official current-observation source,Confirms whether the track has its own live station or must use BOM observations.,REQUIRED,,,,
SANDOWN_LAKESIDE,Sandown Lakeside,Primary observation URL or endpoint,Required for automated current conditions ingestion.,REQUIRED,,,,
SANDOWN_LAKESIDE,Sandown Lakeside,Primary station name and station ID,Required for source lineage and operational monitoring.,REQUIRED,,,,
SANDOWN_LAKESIDE,Sandown Lakeside,Observed fields available,"Required to know whether temperature, wind, gusts, rainfall and humidity are supplied.",REQUIRED,,,,
SANDOWN_LAKESIDE,Sandown Lakeside,Observation update frequency,Required for freshness thresholds and stale-state handling.,REQUIRED,,,,
SANDOWN_LAKESIDE,Sandown Lakeside,BOM forecast page or forecast location,Required for hourly and daily race-day forecasting.,REQUIRED,,,,
SANDOWN_LAKESIDE,Sandown Lakeside,BOM fallback observation station,Required when the preferred live source is unavailable.,REQUIRED,,,,
SANDOWN_LAKESIDE,Sandown Lakeside,Fallback distance from racecourse,Required so EDGEiQ discloses how representative the fallback observation is.,REQUIRED,,,,
MORNINGTON,Mornington,Exact racecourse latitude and longitude,Required to validate forecast location and calculate fallback-station distance.,REQUIRED,,,,
MORNINGTON,Mornington,Official current-observation source,Confirms whether the track has its own live station or must use BOM observations.,REQUIRED,,,,
MORNINGTON,Mornington,Primary observation URL or endpoint,Required for automated current conditions ingestion.,REQUIRED,,,,
MORNINGTON,Mornington,Primary station name and station ID,Required for source lineage and operational monitoring.,REQUIRED,,,,
MORNINGTON,Mornington,Observed fields available,"Required to know whether temperature, wind, gusts, rainfall and humidity are supplied.",REQUIRED,,,,
MORNINGTON,Mornington,Observation update frequency,Required for freshness thresholds and stale-state handling.,REQUIRED,,,,
MORNINGTON,Mornington,BOM forecast page or forecast location,Required for hourly and daily race-day forecasting.,REQUIRED,,,,
MORNINGTON,Mornington,BOM fallback observation station,Required when the preferred live source is unavailable.,REQUIRED,,,,
MORNINGTON,Mornington,Fallback distance from racecourse,Required so EDGEiQ discloses how representative the fallback observation is.,REQUIRED,,,,
MOONEE_VALLEY,Moonee Valley,Exact racecourse latitude and longitude,Required to validate forecast location and calculate fallback-station distance.,REQUIRED,,,,
MOONEE_VALLEY,Moonee Valley,Official current-observation source,Confirms whether the track has its own live station or must use BOM observations.,REQUIRED,,,,
MOONEE_VALLEY,Moonee Valley,Primary observation URL or endpoint,Required for automated current conditions ingestion.,REQUIRED,,,,
MOONEE_VALLEY,Moonee Valley,Primary station name and station ID,Required for source lineage and operational monitoring.,REQUIRED,,,,
MOONEE_VALLEY,Moonee Valley,Observed fields available,"Required to know whether temperature, wind, gusts, rainfall and humidity are supplied.",REQUIRED,,,,
MOONEE_VALLEY,Moonee Valley,Observation update frequency,Required for freshness thresholds and stale-state handling.,REQUIRED,,,,
MOONEE_VALLEY,Moonee Valley,BOM forecast page or forecast location,Required for hourly and daily race-day forecasting.,REQUIRED,,,,
MOONEE_VALLEY,Moonee Valley,BOM fallback observation station,Required when the preferred live source is unavailable.,REQUIRED,,,,
MOONEE_VALLEY,Moonee Valley,Fallback distance from racecourse,Required so EDGEiQ discloses how representative the fallback observation is.,REQUIRED,,,,
CRANBOURNE,Cranbourne,Exact racecourse latitude and longitude,Required to validate forecast location and calculate fallback-station distance.,REQUIRED,,,,
CRANBOURNE,Cranbourne,Official current-observation source,Confirms whether the track has its own live station or must use BOM observations.,REQUIRED,,,,
CRANBOURNE,Cranbourne,Primary observation URL or endpoint,Required for automated current conditions ingestion.,REQUIRED,,,,
CRANBOURNE,Cranbourne,Primary station name and station ID,Required for source lineage and operational monitoring.,REQUIRED,,,,
CRANBOURNE,Cranbourne,Observed fields available,"Required to know whether temperature, wind, gusts, rainfall and humidity are supplied.",REQUIRED,,,,
CRANBOURNE,Cranbourne,Observation update frequency,Required for freshness thresholds and stale-state handling.,REQUIRED,,,,
CRANBOURNE,Cranbourne,BOM forecast page or forecast location,Required for hourly and daily race-day forecasting.,REQUIRED,,,,
CRANBOURNE,Cranbourne,BOM fallback observation station,Required when the preferred live source is unavailable.,REQUIRED,,,,
CRANBOURNE,Cranbourne,Fallback distance from racecourse,Required so EDGEiQ discloses how representative the fallback observation is.,REQUIRED,,,,
PAKENHAM,Pakenham,Exact racecourse latitude and longitude,Required to validate forecast location and calculate fallback-station distance.,REQUIRED,,,,
PAKENHAM,Pakenham,Official current-observation source,Confirms whether the track has its own live station or must use BOM observations.,REQUIRED,,,,
PAKENHAM,Pakenham,Primary observation URL or endpoint,Required for automated current conditions ingestion.,REQUIRED,,,,
PAKENHAM,Pakenham,Primary station name and station ID,Required for source lineage and operational monitoring.,REQUIRED,,,,
PAKENHAM,Pakenham,Observed fields available,"Required to know whether temperature, wind, gusts, rainfall and humidity are supplied.",REQUIRED,,,,
PAKENHAM,Pakenham,Observation update frequency,Required for freshness thresholds and stale-state handling.,REQUIRED,,,,
PAKENHAM,Pakenham,BOM forecast page or forecast location,Required for hourly and daily race-day forecasting.,REQUIRED,,,,
PAKENHAM,Pakenham,BOM fallback observation station,Required when the preferred live source is unavailable.,REQUIRED,,,,
PAKENHAM,Pakenham,Fallback distance from racecourse,Required so EDGEiQ discloses how representative the fallback observation is.,REQUIRED,,,,
PAKENHAM_SYNTHETIC,Pakenham Synthetic,Exact racecourse latitude and longitude,Required to validate forecast location and calculate fallback-station distance.,REQUIRED,,,,
PAKENHAM_SYNTHETIC,Pakenham Synthetic,Official current-observation source,Confirms whether the track has its own live station or must use BOM observations.,REQUIRED,,,,
PAKENHAM_SYNTHETIC,Pakenham Synthetic,Primary observation URL or endpoint,Required for automated current conditions ingestion.,REQUIRED,,,,
PAKENHAM_SYNTHETIC,Pakenham Synthetic,Primary station name and station ID,Required for source lineage and operational monitoring.,REQUIRED,,,,
PAKENHAM_SYNTHETIC,Pakenham Synthetic,Observed fields available,"Required to know whether temperature, wind, gusts, rainfall and humidity are supplied.",REQUIRED,,,,
PAKENHAM_SYNTHETIC,Pakenham Synthetic,Observation update frequency,Required for freshness thresholds and stale-state handling.,REQUIRED,,,,
PAKENHAM_SYNTHETIC,Pakenham Synthetic,BOM forecast page or forecast location,Required for hourly and daily race-day forecasting.,REQUIRED,,,,
PAKENHAM_SYNTHETIC,Pakenham Synthetic,BOM fallback observation station,Required when the preferred live source is unavailable.,REQUIRED,,,,
PAKENHAM_SYNTHETIC,Pakenham Synthetic,Fallback distance from racecourse,Required so EDGEiQ discloses how representative the fallback observation is.,REQUIRED,,,,
BALLARAT,Ballarat,Exact racecourse latitude and longitude,Required to validate forecast location and calculate fallback-station distance.,REQUIRED,,,,
BALLARAT,Ballarat,Official current-observation source,Confirms whether the track has its own live station or must use BOM observations.,REQUIRED,,,,
BALLARAT,Ballarat,Primary observation URL or endpoint,Required for automated current conditions ingestion.,REQUIRED,,,,
BALLARAT,Ballarat,Primary station name and station ID,Required for source lineage and operational monitoring.,REQUIRED,,,,
BALLARAT,Ballarat,Observed fields available,"Required to know whether temperature, wind, gusts, rainfall and humidity are supplied.",REQUIRED,,,,
BALLARAT,Ballarat,Observation update frequency,Required for freshness thresholds and stale-state handling.,REQUIRED,,,,
BALLARAT,Ballarat,BOM forecast page or forecast location,Required for hourly and daily race-day forecasting.,REQUIRED,,,,
BALLARAT,Ballarat,BOM fallback observation station,Required when the preferred live source is unavailable.,REQUIRED,,,,
BALLARAT,Ballarat,Fallback distance from racecourse,Required so EDGEiQ discloses how representative the fallback observation is.,REQUIRED,,,,
BALLARAT_SYNTHETIC,Ballarat Synthetic,Exact racecourse latitude and longitude,Required to validate forecast location and calculate fallback-station distance.,REQUIRED,,,,
BALLARAT_SYNTHETIC,Ballarat Synthetic,Official current-observation source,Confirms whether the track has its own live station or must use BOM observations.,REQUIRED,,,,
BALLARAT_SYNTHETIC,Ballarat Synthetic,Primary observation URL or endpoint,Required for automated current conditions ingestion.,REQUIRED,,,,
BALLARAT_SYNTHETIC,Ballarat Synthetic,Primary station name and station ID,Required for source lineage and operational monitoring.,REQUIRED,,,,
BALLARAT_SYNTHETIC,Ballarat Synthetic,Observed fields available,"Required to know whether temperature, wind, gusts, rainfall and humidity are supplied.",REQUIRED,,,,
BALLARAT_SYNTHETIC,Ballarat Synthetic,Observation update frequency,Required for freshness thresholds and stale-state handling.,REQUIRED,,,,
BALLARAT_SYNTHETIC,Ballarat Synthetic,BOM forecast page or forecast location,Required for hourly and daily race-day forecasting.,REQUIRED,,,,
BALLARAT_SYNTHETIC,Ballarat Synthetic,BOM fallback observation station,Required when the preferred live source is unavailable.,REQUIRED,,,,
BALLARAT_SYNTHETIC,Ballarat Synthetic,Fallback distance from racecourse,Required so EDGEiQ discloses how representative the fallback observation is.,REQUIRED,,,,
BENDIGO,Bendigo,Exact racecourse latitude and longitude,Required to validate forecast location and calculate fallback-station distance.,REQUIRED,,,,
BENDIGO,Bendigo,Official current-observation source,Confirms whether the track has its own live station or must use BOM observations.,REQUIRED,,,,
BENDIGO,Bendigo,Primary observation URL or endpoint,Required for automated current conditions ingestion.,REQUIRED,,,,
BENDIGO,Bendigo,Primary station name and station ID,Required for source lineage and operational monitoring.,REQUIRED,,,,
BENDIGO,Bendigo,Observed fields available,"Required to know whether temperature, wind, gusts, rainfall and humidity are supplied.",REQUIRED,,,,
BENDIGO,Bendigo,Observation update frequency,Required for freshness thresholds and stale-state handling.,REQUIRED,,,,
BENDIGO,Bendigo,BOM forecast page or forecast location,Required for hourly and daily race-day forecasting.,REQUIRED,,,,
BENDIGO,Bendigo,BOM fallback observation station,Required when the preferred live source is unavailable.,REQUIRED,,,,
BENDIGO,Bendigo,Fallback distance from racecourse,Required so EDGEiQ discloses how representative the fallback observation is.,REQUIRED,,,,
BENALLA,Benalla,Exact racecourse latitude and longitude,Required to validate forecast location and calculate fallback-station distance.,REQUIRED,,,,
BENALLA,Benalla,Official current-observation source,Confirms whether the track has its own live station or must use BOM observations.,REQUIRED,,,,
BENALLA,Benalla,Primary observation URL or endpoint,Required for automated current conditions ingestion.,REQUIRED,,,,
BENALLA,Benalla,Primary station name and station ID,Required for source lineage and operational monitoring.,REQUIRED,,,,
BENALLA,Benalla,Observed fields available,"Required to know whether temperature, wind, gusts, rainfall and humidity are supplied.",REQUIRED,,,,
BENALLA,Benalla,Observation update frequency,Required for freshness thresholds and stale-state handling.,REQUIRED,,,,
BENALLA,Benalla,BOM forecast page or forecast location,Required for hourly and daily race-day forecasting.,REQUIRED,,,,
BENALLA,Benalla,BOM fallback observation station,Required when the preferred live source is unavailable.,REQUIRED,,,,
BENALLA,Benalla,Fallback distance from racecourse,Required so EDGEiQ discloses how representative the fallback observation is.,REQUIRED,,,,
CAMPERDOWN,Camperdown,Exact racecourse latitude and longitude,Required to validate forecast location and calculate fallback-station distance.,REQUIRED,,,,
CAMPERDOWN,Camperdown,Official current-observation source,Confirms whether the track has its own live station or must use BOM observations.,REQUIRED,,,,
CAMPERDOWN,Camperdown,Primary observation URL or endpoint,Required for automated current conditions ingestion.,REQUIRED,,,,
CAMPERDOWN,Camperdown,Primary station name and station ID,Required for source lineage and operational monitoring.,REQUIRED,,,,
CAMPERDOWN,Camperdown,Observed fields available,"Required to know whether temperature, wind, gusts, rainfall and humidity are supplied.",REQUIRED,,,,
CAMPERDOWN,Camperdown,Observation update frequency,Required for freshness thresholds and stale-state handling.,REQUIRED,,,,
CAMPERDOWN,Camperdown,BOM forecast page or forecast location,Required for hourly and daily race-day forecasting.,REQUIRED,,,,
CAMPERDOWN,Camperdown,BOM fallback observation station,Required when the preferred live source is unavailable.,REQUIRED,,,,
CAMPERDOWN,Camperdown,Fallback distance from racecourse,Required so EDGEiQ discloses how representative the fallback observation is.,REQUIRED,,,,
CASTERTON,Casterton,Exact racecourse latitude and longitude,Required to validate forecast location and calculate fallback-station distance.,REQUIRED,,,,
CASTERTON,Casterton,Official current-observation source,Confirms whether the track has its own live station or must use BOM observations.,REQUIRED,,,,
CASTERTON,Casterton,Primary observation URL or endpoint,Required for automated current conditions ingestion.,REQUIRED,,,,
CASTERTON,Casterton,Primary station name and station ID,Required for source lineage and operational monitoring.,REQUIRED,,,,
CASTERTON,Casterton,Observed fields available,"Required to know whether temperature, wind, gusts, rainfall and humidity are supplied.",REQUIRED,,,,
CASTERTON,Casterton,Observation update frequency,Required for freshness thresholds and stale-state handling.,REQUIRED,,,,
CASTERTON,Casterton,BOM forecast page or forecast location,Required for hourly and daily race-day forecasting.,REQUIRED,,,,
CASTERTON,Casterton,BOM fallback observation station,Required when the preferred live source is unavailable.,REQUIRED,,,,
CASTERTON,Casterton,Fallback distance from racecourse,Required so EDGEiQ discloses how representative the fallback observation is.,REQUIRED,,,,
COLAC,Colac,Exact racecourse latitude and longitude,Required to validate forecast location and calculate fallback-station distance.,REQUIRED,,,,
COLAC,Colac,Official current-observation source,Confirms whether the track has its own live station or must use BOM observations.,REQUIRED,,,,
COLAC,Colac,Primary observation URL or endpoint,Required for automated current conditions ingestion.,REQUIRED,,,,
COLAC,Colac,Primary station name and station ID,Required for source lineage and operational monitoring.,REQUIRED,,,,
COLAC,Colac,Observed fields available,"Required to know whether temperature, wind, gusts, rainfall and humidity are supplied.",REQUIRED,,,,
COLAC,Colac,Observation update frequency,Required for freshness thresholds and stale-state handling.,REQUIRED,,,,
COLAC,Colac,BOM forecast page or forecast location,Required for hourly and daily race-day forecasting.,REQUIRED,,,,
COLAC,Colac,BOM fallback observation station,Required when the preferred live source is unavailable.,REQUIRED,,,,
COLAC,Colac,Fallback distance from racecourse,Required so EDGEiQ discloses how representative the fallback observation is.,REQUIRED,,,,
DONALD,Donald,Exact racecourse latitude and longitude,Required to validate forecast location and calculate fallback-station distance.,REQUIRED,,,,
DONALD,Donald,Official current-observation source,Confirms whether the track has its own live station or must use BOM observations.,REQUIRED,,,,
DONALD,Donald,Primary observation URL or endpoint,Required for automated current conditions ingestion.,REQUIRED,,,,
DONALD,Donald,Primary station name and station ID,Required for source lineage and operational monitoring.,REQUIRED,,,,
DONALD,Donald,Observed fields available,"Required to know whether temperature, wind, gusts, rainfall and humidity are supplied.",REQUIRED,,,,
DONALD,Donald,Observation update frequency,Required for freshness thresholds and stale-state handling.,REQUIRED,,,,
DONALD,Donald,BOM forecast page or forecast location,Required for hourly and daily race-day forecasting.,REQUIRED,,,,
DONALD,Donald,BOM fallback observation station,Required when the preferred live source is unavailable.,REQUIRED,,,,
DONALD,Donald,Fallback distance from racecourse,Required so EDGEiQ discloses how representative the fallback observation is.,REQUIRED,,,,
ECHUCA,Echuca,Exact racecourse latitude and longitude,Required to validate forecast location and calculate fallback-station distance.,REQUIRED,,,,
ECHUCA,Echuca,Official current-observation source,Confirms whether the track has its own live station or must use BOM observations.,REQUIRED,,,,
ECHUCA,Echuca,Primary observation URL or endpoint,Required for automated current conditions ingestion.,REQUIRED,,,,
ECHUCA,Echuca,Primary station name and station ID,Required for source lineage and operational monitoring.,REQUIRED,,,,
ECHUCA,Echuca,Observed fields available,"Required to know whether temperature, wind, gusts, rainfall and humidity are supplied.",REQUIRED,,,,
ECHUCA,Echuca,Observation update frequency,Required for freshness thresholds and stale-state handling.,REQUIRED,,,,
ECHUCA,Echuca,BOM forecast page or forecast location,Required for hourly and daily race-day forecasting.,REQUIRED,,,,
ECHUCA,Echuca,BOM fallback observation station,Required when the preferred live source is unavailable.,REQUIRED,,,,
ECHUCA,Echuca,Fallback distance from racecourse,Required so EDGEiQ discloses how representative the fallback observation is.,REQUIRED,,,,
GEELONG,Geelong,Exact racecourse latitude and longitude,Required to validate forecast location and calculate fallback-station distance.,REQUIRED,,,,
GEELONG,Geelong,Official current-observation source,Confirms whether the track has its own live station or must use BOM observations.,REQUIRED,,,,
GEELONG,Geelong,Primary observation URL or endpoint,Required for automated current conditions ingestion.,REQUIRED,,,,
GEELONG,Geelong,Primary station name and station ID,Required for source lineage and operational monitoring.,REQUIRED,,,,
GEELONG,Geelong,Observed fields available,"Required to know whether temperature, wind, gusts, rainfall and humidity are supplied.",REQUIRED,,,,
GEELONG,Geelong,Observation update frequency,Required for freshness thresholds and stale-state handling.,REQUIRED,,,,
GEELONG,Geelong,BOM forecast page or forecast location,Required for hourly and daily race-day forecasting.,REQUIRED,,,,
GEELONG,Geelong,BOM fallback observation station,Required when the preferred live source is unavailable.,REQUIRED,,,,
GEELONG,Geelong,Fallback distance from racecourse,Required so EDGEiQ discloses how representative the fallback observation is.,REQUIRED,,,,
HAMILTON,Hamilton,Exact racecourse latitude and longitude,Required to validate forecast location and calculate fallback-station distance.,REQUIRED,,,,
HAMILTON,Hamilton,Official current-observation source,Confirms whether the track has its own live station or must use BOM observations.,REQUIRED,,,,
HAMILTON,Hamilton,Primary observation URL or endpoint,Required for automated current conditions ingestion.,REQUIRED,,,,
HAMILTON,Hamilton,Primary station name and station ID,Required for source lineage and operational monitoring.,REQUIRED,,,,
HAMILTON,Hamilton,Observed fields available,"Required to know whether temperature, wind, gusts, rainfall and humidity are supplied.",REQUIRED,,,,
HAMILTON,Hamilton,Observation update frequency,Required for freshness thresholds and stale-state handling.,REQUIRED,,,,
HAMILTON,Hamilton,BOM forecast page or forecast location,Required for hourly and daily race-day forecasting.,REQUIRED,,,,
HAMILTON,Hamilton,BOM fallback observation station,Required when the preferred live source is unavailable.,REQUIRED,,,,
HAMILTON,Hamilton,Fallback distance from racecourse,Required so EDGEiQ discloses how representative the fallback observation is.,REQUIRED,,,,
HORSHAM,Horsham,Exact racecourse latitude and longitude,Required to validate forecast location and calculate fallback-station distance.,REQUIRED,,,,
HORSHAM,Horsham,Official current-observation source,Confirms whether the track has its own live station or must use BOM observations.,REQUIRED,,,,
HORSHAM,Horsham,Primary observation URL or endpoint,Required for automated current conditions ingestion.,REQUIRED,,,,
HORSHAM,Horsham,Primary station name and station ID,Required for source lineage and operational monitoring.,REQUIRED,,,,
HORSHAM,Horsham,Observed fields available,"Required to know whether temperature, wind, gusts, rainfall and humidity are supplied.",REQUIRED,,,,
HORSHAM,Horsham,Observation update frequency,Required for freshness thresholds and stale-state handling.,REQUIRED,,,,
HORSHAM,Horsham,BOM forecast page or forecast location,Required for hourly and daily race-day forecasting.,REQUIRED,,,,
HORSHAM,Horsham,BOM fallback observation station,Required when the preferred live source is unavailable.,REQUIRED,,,,
HORSHAM,Horsham,Fallback distance from racecourse,Required so EDGEiQ discloses how representative the fallback observation is.,REQUIRED,,,,
KILMORE,Kilmore,Exact racecourse latitude and longitude,Required to validate forecast location and calculate fallback-station distance.,REQUIRED,,,,
KILMORE,Kilmore,Official current-observation source,Confirms whether the track has its own live station or must use BOM observations.,REQUIRED,,,,
KILMORE,Kilmore,Primary observation URL or endpoint,Required for automated current conditions ingestion.,REQUIRED,,,,
KILMORE,Kilmore,Primary station name and station ID,Required for source lineage and operational monitoring.,REQUIRED,,,,
KILMORE,Kilmore,Observed fields available,"Required to know whether temperature, wind, gusts, rainfall and humidity are supplied.",REQUIRED,,,,
KILMORE,Kilmore,Observation update frequency,Required for freshness thresholds and stale-state handling.,REQUIRED,,,,
KILMORE,Kilmore,BOM forecast page or forecast location,Required for hourly and daily race-day forecasting.,REQUIRED,,,,
KILMORE,Kilmore,BOM fallback observation station,Required when the preferred live source is unavailable.,REQUIRED,,,,
KILMORE,Kilmore,Fallback distance from racecourse,Required so EDGEiQ discloses how representative the fallback observation is.,REQUIRED,,,,
KYNETON,Kyneton,Exact racecourse latitude and longitude,Required to validate forecast location and calculate fallback-station distance.,REQUIRED,,,,
KYNETON,Kyneton,Official current-observation source,Confirms whether the track has its own live station or must use BOM observations.,REQUIRED,,,,
KYNETON,Kyneton,Primary observation URL or endpoint,Required for automated current conditions ingestion.,REQUIRED,,,,
KYNETON,Kyneton,Primary station name and station ID,Required for source lineage and operational monitoring.,REQUIRED,,,,
KYNETON,Kyneton,Observed fields available,"Required to know whether temperature, wind, gusts, rainfall and humidity are supplied.",REQUIRED,,,,
KYNETON,Kyneton,Observation update frequency,Required for freshness thresholds and stale-state handling.,REQUIRED,,,,
KYNETON,Kyneton,BOM forecast page or forecast location,Required for hourly and daily race-day forecasting.,REQUIRED,,,,
KYNETON,Kyneton,BOM fallback observation station,Required when the preferred live source is unavailable.,REQUIRED,,,,
KYNETON,Kyneton,Fallback distance from racecourse,Required so EDGEiQ discloses how representative the fallback observation is.,REQUIRED,,,,
MANSFIELD,Mansfield,Exact racecourse latitude and longitude,Required to validate forecast location and calculate fallback-station distance.,REQUIRED,,,,
MANSFIELD,Mansfield,Official current-observation source,Confirms whether the track has its own live station or must use BOM observations.,REQUIRED,,,,
MANSFIELD,Mansfield,Primary observation URL or endpoint,Required for automated current conditions ingestion.,REQUIRED,,,,
MANSFIELD,Mansfield,Primary station name and station ID,Required for source lineage and operational monitoring.,REQUIRED,,,,
MANSFIELD,Mansfield,Observed fields available,"Required to know whether temperature, wind, gusts, rainfall and humidity are supplied.",REQUIRED,,,,
MANSFIELD,Mansfield,Observation update frequency,Required for freshness thresholds and stale-state handling.,REQUIRED,,,,
MANSFIELD,Mansfield,BOM forecast page or forecast location,Required for hourly and daily race-day forecasting.,REQUIRED,,,,
MANSFIELD,Mansfield,BOM fallback observation station,Required when the preferred live source is unavailable.,REQUIRED,,,,
MANSFIELD,Mansfield,Fallback distance from racecourse,Required so EDGEiQ discloses how representative the fallback observation is.,REQUIRED,,,,
MOE,Moe,Exact racecourse latitude and longitude,Required to validate forecast location and calculate fallback-station distance.,REQUIRED,,,,
MOE,Moe,Official current-observation source,Confirms whether the track has its own live station or must use BOM observations.,REQUIRED,,,,
MOE,Moe,Primary observation URL or endpoint,Required for automated current conditions ingestion.,REQUIRED,,,,
MOE,Moe,Primary station name and station ID,Required for source lineage and operational monitoring.,REQUIRED,,,,
MOE,Moe,Observed fields available,"Required to know whether temperature, wind, gusts, rainfall and humidity are supplied.",REQUIRED,,,,
MOE,Moe,Observation update frequency,Required for freshness thresholds and stale-state handling.,REQUIRED,,,,
MOE,Moe,BOM forecast page or forecast location,Required for hourly and daily race-day forecasting.,REQUIRED,,,,
MOE,Moe,BOM fallback observation station,Required when the preferred live source is unavailable.,REQUIRED,,,,
MOE,Moe,Fallback distance from racecourse,Required so EDGEiQ discloses how representative the fallback observation is.,REQUIRED,,,,
MURTOA,Murtoa,Exact racecourse latitude and longitude,Required to validate forecast location and calculate fallback-station distance.,REQUIRED,,,,
MURTOA,Murtoa,Official current-observation source,Confirms whether the track has its own live station or must use BOM observations.,REQUIRED,,,,
MURTOA,Murtoa,Primary observation URL or endpoint,Required for automated current conditions ingestion.,REQUIRED,,,,
MURTOA,Murtoa,Primary station name and station ID,Required for source lineage and operational monitoring.,REQUIRED,,,,
MURTOA,Murtoa,Observed fields available,"Required to know whether temperature, wind, gusts, rainfall and humidity are supplied.",REQUIRED,,,,
MURTOA,Murtoa,Observation update frequency,Required for freshness thresholds and stale-state handling.,REQUIRED,,,,
MURTOA,Murtoa,BOM forecast page or forecast location,Required for hourly and daily race-day forecasting.,REQUIRED,,,,
MURTOA,Murtoa,BOM fallback observation station,Required when the preferred live source is unavailable.,REQUIRED,,,,
MURTOA,Murtoa,Fallback distance from racecourse,Required so EDGEiQ discloses how representative the fallback observation is.,REQUIRED,,,,
SALE,Sale,Exact racecourse latitude and longitude,Required to validate forecast location and calculate fallback-station distance.,REQUIRED,,,,
SALE,Sale,Official current-observation source,Confirms whether the track has its own live station or must use BOM observations.,REQUIRED,,,,
SALE,Sale,Primary observation URL or endpoint,Required for automated current conditions ingestion.,REQUIRED,,,,
SALE,Sale,Primary station name and station ID,Required for source lineage and operational monitoring.,REQUIRED,,,,
SALE,Sale,Observed fields available,"Required to know whether temperature, wind, gusts, rainfall and humidity are supplied.",REQUIRED,,,,
SALE,Sale,Observation update frequency,Required for freshness thresholds and stale-state handling.,REQUIRED,,,,
SALE,Sale,BOM forecast page or forecast location,Required for hourly and daily race-day forecasting.,REQUIRED,,,,
SALE,Sale,BOM fallback observation station,Required when the preferred live source is unavailable.,REQUIRED,,,,
SALE,Sale,Fallback distance from racecourse,Required so EDGEiQ discloses how representative the fallback observation is.,REQUIRED,,,,
SEYMOUR,Seymour,Exact racecourse latitude and longitude,Required to validate forecast location and calculate fallback-station distance.,REQUIRED,,,,
SEYMOUR,Seymour,Official current-observation source,Confirms whether the track has its own live station or must use BOM observations.,REQUIRED,,,,
SEYMOUR,Seymour,Primary observation URL or endpoint,Required for automated current conditions ingestion.,REQUIRED,,,,
SEYMOUR,Seymour,Primary station name and station ID,Required for source lineage and operational monitoring.,REQUIRED,,,,
SEYMOUR,Seymour,Observed fields available,"Required to know whether temperature, wind, gusts, rainfall and humidity are supplied.",REQUIRED,,,,
SEYMOUR,Seymour,Observation update frequency,Required for freshness thresholds and stale-state handling.,REQUIRED,,,,
SEYMOUR,Seymour,BOM forecast page or forecast location,Required for hourly and daily race-day forecasting.,REQUIRED,,,,
SEYMOUR,Seymour,BOM fallback observation station,Required when the preferred live source is unavailable.,REQUIRED,,,,
SEYMOUR,Seymour,Fallback distance from racecourse,Required so EDGEiQ discloses how representative the fallback observation is.,REQUIRED,,,,
ST_ARNAUD,St Arnaud,Exact racecourse latitude and longitude,Required to validate forecast location and calculate fallback-station distance.,REQUIRED,,,,
ST_ARNAUD,St Arnaud,Official current-observation source,Confirms whether the track has its own live station or must use BOM observations.,REQUIRED,,,,
ST_ARNAUD,St Arnaud,Primary observation URL or endpoint,Required for automated current conditions ingestion.,REQUIRED,,,,
ST_ARNAUD,St Arnaud,Primary station name and station ID,Required for source lineage and operational monitoring.,REQUIRED,,,,
ST_ARNAUD,St Arnaud,Observed fields available,"Required to know whether temperature, wind, gusts, rainfall and humidity are supplied.",REQUIRED,,,,
ST_ARNAUD,St Arnaud,Observation update frequency,Required for freshness thresholds and stale-state handling.,REQUIRED,,,,
ST_ARNAUD,St Arnaud,BOM forecast page or forecast location,Required for hourly and daily race-day forecasting.,REQUIRED,,,,
ST_ARNAUD,St Arnaud,BOM fallback observation station,Required when the preferred live source is unavailable.,REQUIRED,,,,
ST_ARNAUD,St Arnaud,Fallback distance from racecourse,Required so EDGEiQ discloses how representative the fallback observation is.,REQUIRED,,,,
SWAN_HILL,Swan Hill,Exact racecourse latitude and longitude,Required to validate forecast location and calculate fallback-station distance.,REQUIRED,,,,
SWAN_HILL,Swan Hill,Official current-observation source,Confirms whether the track has its own live station or must use BOM observations.,REQUIRED,,,,
SWAN_HILL,Swan Hill,Primary observation URL or endpoint,Required for automated current conditions ingestion.,REQUIRED,,,,
SWAN_HILL,Swan Hill,Primary station name and station ID,Required for source lineage and operational monitoring.,REQUIRED,,,,
SWAN_HILL,Swan Hill,Observed fields available,"Required to know whether temperature, wind, gusts, rainfall and humidity are supplied.",REQUIRED,,,,
SWAN_HILL,Swan Hill,Observation update frequency,Required for freshness thresholds and stale-state handling.,REQUIRED,,,,
SWAN_HILL,Swan Hill,BOM forecast page or forecast location,Required for hourly and daily race-day forecasting.,REQUIRED,,,,
SWAN_HILL,Swan Hill,BOM fallback observation station,Required when the preferred live source is unavailable.,REQUIRED,,,,
SWAN_HILL,Swan Hill,Fallback distance from racecourse,Required so EDGEiQ discloses how representative the fallback observation is.,REQUIRED,,,,
TERANG,Terang,Exact racecourse latitude and longitude,Required to validate forecast location and calculate fallback-station distance.,REQUIRED,,,,
TERANG,Terang,Official current-observation source,Confirms whether the track has its own live station or must use BOM observations.,REQUIRED,,,,
TERANG,Terang,Primary observation URL or endpoint,Required for automated current conditions ingestion.,REQUIRED,,,,
TERANG,Terang,Primary station name and station ID,Required for source lineage and operational monitoring.,REQUIRED,,,,
TERANG,Terang,Observed fields available,"Required to know whether temperature, wind, gusts, rainfall and humidity are supplied.",REQUIRED,,,,
TERANG,Terang,Observation update frequency,Required for freshness thresholds and stale-state handling.,REQUIRED,,,,
TERANG,Terang,BOM forecast page or forecast location,Required for hourly and daily race-day forecasting.,REQUIRED,,,,
TERANG,Terang,BOM fallback observation station,Required when the preferred live source is unavailable.,REQUIRED,,,,
TERANG,Terang,Fallback distance from racecourse,Required so EDGEiQ discloses how representative the fallback observation is.,REQUIRED,,,,
WANGARATTA,Wangaratta,Exact racecourse latitude and longitude,Required to validate forecast location and calculate fallback-station distance.,REQUIRED,,,,
WANGARATTA,Wangaratta,Official current-observation source,Confirms whether the track has its own live station or must use BOM observations.,REQUIRED,,,,
WANGARATTA,Wangaratta,Primary observation URL or endpoint,Required for automated current conditions ingestion.,REQUIRED,,,,
WANGARATTA,Wangaratta,Primary station name and station ID,Required for source lineage and operational monitoring.,REQUIRED,,,,
WANGARATTA,Wangaratta,Observed fields available,"Required to know whether temperature, wind, gusts, rainfall and humidity are supplied.",REQUIRED,,,,
WANGARATTA,Wangaratta,Observation update frequency,Required for freshness thresholds and stale-state handling.,REQUIRED,,,,
WANGARATTA,Wangaratta,BOM forecast page or forecast location,Required for hourly and daily race-day forecasting.,REQUIRED,,,,
WANGARATTA,Wangaratta,BOM fallback observation station,Required when the preferred live source is unavailable.,REQUIRED,,,,
WANGARATTA,Wangaratta,Fallback distance from racecourse,Required so EDGEiQ discloses how representative the fallback observation is.,REQUIRED,,,,
WARRACKNABEAL,Warracknabeal,Exact racecourse latitude and longitude,Required to validate forecast location and calculate fallback-station distance.,REQUIRED,,,,
WARRACKNABEAL,Warracknabeal,Official current-observation source,Confirms whether the track has its own live station or must use BOM observations.,REQUIRED,,,,
WARRACKNABEAL,Warracknabeal,Primary observation URL or endpoint,Required for automated current conditions ingestion.,REQUIRED,,,,
WARRACKNABEAL,Warracknabeal,Primary station name and station ID,Required for source lineage and operational monitoring.,REQUIRED,,,,
WARRACKNABEAL,Warracknabeal,Observed fields available,"Required to know whether temperature, wind, gusts, rainfall and humidity are supplied.",REQUIRED,,,,
WARRACKNABEAL,Warracknabeal,Observation update frequency,Required for freshness thresholds and stale-state handling.,REQUIRED,,,,
WARRACKNABEAL,Warracknabeal,BOM forecast page or forecast location,Required for hourly and daily race-day forecasting.,REQUIRED,,,,
WARRACKNABEAL,Warracknabeal,BOM fallback observation station,Required when the preferred live source is unavailable.,REQUIRED,,,,
WARRACKNABEAL,Warracknabeal,Fallback distance from racecourse,Required so EDGEiQ discloses how representative the fallback observation is.,REQUIRED,,,,
WARRNAMBOOL,Warrnambool,Exact racecourse latitude and longitude,Required to validate forecast location and calculate fallback-station distance.,REQUIRED,,,,
WARRNAMBOOL,Warrnambool,Official current-observation source,Confirms whether the track has its own live station or must use BOM observations.,REQUIRED,,,,
WARRNAMBOOL,Warrnambool,Primary observation URL or endpoint,Required for automated current conditions ingestion.,REQUIRED,,,,
WARRNAMBOOL,Warrnambool,Primary station name and station ID,Required for source lineage and operational monitoring.,REQUIRED,,,,
WARRNAMBOOL,Warrnambool,Observed fields available,"Required to know whether temperature, wind, gusts, rainfall and humidity are supplied.",REQUIRED,,,,
WARRNAMBOOL,Warrnambool,Observation update frequency,Required for freshness thresholds and stale-state handling.,REQUIRED,,,,
WARRNAMBOOL,Warrnambool,BOM forecast page or forecast location,Required for hourly and daily race-day forecasting.,REQUIRED,,,,
WARRNAMBOOL,Warrnambool,BOM fallback observation station,Required when the preferred live source is unavailable.,REQUIRED,,,,
WARRNAMBOOL,Warrnambool,Fallback distance from racecourse,Required so EDGEiQ discloses how representative the fallback observation is.,REQUIRED,,,,
WERRIBEE,Werribee,Exact racecourse latitude and longitude,Required to validate forecast location and calculate fallback-station distance.,REQUIRED,,,,
WERRIBEE,Werribee,Official current-observation source,Confirms whether the track has its own live station or must use BOM observations.,REQUIRED,,,,
WERRIBEE,Werribee,Primary observation URL or endpoint,Required for automated current conditions ingestion.,REQUIRED,,,,
WERRIBEE,Werribee,Primary station name and station ID,Required for source lineage and operational monitoring.,REQUIRED,,,,
WERRIBEE,Werribee,Observed fields available,"Required to know whether temperature, wind, gusts, rainfall and humidity are supplied.",REQUIRED,,,,
WERRIBEE,Werribee,Observation update frequency,Required for freshness thresholds and stale-state handling.,REQUIRED,,,,
WERRIBEE,Werribee,BOM forecast page or forecast location,Required for hourly and daily race-day forecasting.,REQUIRED,,,,
WERRIBEE,Werribee,BOM fallback observation station,Required when the preferred live source is unavailable.,REQUIRED,,,,
WERRIBEE,Werribee,Fallback distance from racecourse,Required so EDGEiQ discloses how representative the fallback observation is.,REQUIRED,,,,
WODONGA,Wodonga,Exact racecourse latitude and longitude,Required to validate forecast location and calculate fallback-station distance.,REQUIRED,,,,
WODONGA,Wodonga,Official current-observation source,Confirms whether the track has its own live station or must use BOM observations.,REQUIRED,,,,
WODONGA,Wodonga,Primary observation URL or endpoint,Required for automated current conditions ingestion.,REQUIRED,,,,
WODONGA,Wodonga,Primary station name and station ID,Required for source lineage and operational monitoring.,REQUIRED,,,,
WODONGA,Wodonga,Observed fields available,"Required to know whether temperature, wind, gusts, rainfall and humidity are supplied.",REQUIRED,,,,
WODONGA,Wodonga,Observation update frequency,Required for freshness thresholds and stale-state handling.,REQUIRED,,,,
WODONGA,Wodonga,BOM forecast page or forecast location,Required for hourly and daily race-day forecasting.,REQUIRED,,,,
WODONGA,Wodonga,BOM fallback observation station,Required when the preferred live source is unavailable.,REQUIRED,,,,
WODONGA,Wodonga,Fallback distance from racecourse,Required so EDGEiQ discloses how representative the fallback observation is.,REQUIRED,,,,
YARRA_VALLEY,Yarra Valley,Exact racecourse latitude and longitude,Required to validate forecast location and calculate fallback-station distance.,REQUIRED,,,,
YARRA_VALLEY,Yarra Valley,Official current-observation source,Confirms whether the track has its own live station or must use BOM observations.,REQUIRED,,,,
YARRA_VALLEY,Yarra Valley,Primary observation URL or endpoint,Required for automated current conditions ingestion.,REQUIRED,,,,
YARRA_VALLEY,Yarra Valley,Primary station name and station ID,Required for source lineage and operational monitoring.,REQUIRED,,,,
YARRA_VALLEY,Yarra Valley,Observed fields available,"Required to know whether temperature, wind, gusts, rainfall and humidity are supplied.",REQUIRED,,,,
YARRA_VALLEY,Yarra Valley,Observation update frequency,Required for freshness thresholds and stale-state handling.,REQUIRED,,,,
YARRA_VALLEY,Yarra Valley,BOM forecast page or forecast location,Required for hourly and daily race-day forecasting.,REQUIRED,,,,
YARRA_VALLEY,Yarra Valley,BOM fallback observation station,Required when the preferred live source is unavailable.,REQUIRED,,,,
YARRA_VALLEY,Yarra Valley,Fallback distance from racecourse,Required so EDGEiQ discloses how representative the fallback observation is.,REQUIRED,,,,
