canonical_race_id,canonical_meeting_id,race_date,jurisdiction,result_status,timing_status,condition_status,speed_status,performance_base_status,normalisation_status,rating_status,publication_status,overall_lifecycle_status,first_discovered_at,last_checked_at,last_changed_at,result_source_hash,timing_source_hash,condition_source_hash,speed_source_hash,retry_eligible,next_retry_class,unresolved_reason,builder_version,contract_version,operation_run_id,transition_recorded_at
EIQD-15E252197DD6EFD483F6DECE,EIQM-B8B0002678898E5C3B4F8C1A,2026-07-21,AU,RESULT_OFFICIAL,TIME_PENDING,RACE_LEVEL_OFFICIAL,SPEED_DATA_PENDING,GOVERNED_UNAVAILABLE,GOVERNED_UNAVAILABLE,GOVERNED_UNAVAILABLE,PUBLISHED_PENDING,SOURCE_DELAYED,2026-07-29T01:10:18Z,2026-07-29T01:10:19Z,2026-07-29T01:10:19Z,f938cb5665ff565870746501508f42ab72ba4d4d636b8de4d10525f2c7c7ec3e,,16f79da598e2a9596e02da8f7849aa5cac4c3442103861d7c9cfdb2b691fd161,5e8a41d65dbbd198325f1e3305209065ef8d7c49c137127f465d1cf834f833fd,TRUE,TIME_PENDING,TIME_PENDING,EDGEIQ_DAILY_OPERATIONS_ENGINE_V1,1.0.0,LIFECYCLE-2026-07-21-2026-07-21-E7BF23EEA9,2026-07-29T01:10:19Z
EIQD-9507900F3E7984C85CF6F935,EIQM-B8B0002678898E5C3B4F8C1A,2026-07-21,AU,RESULT_OFFICIAL,TIME_PENDING,SOURCE_NOT_PUBLISHED,SPEED_DATA_PENDING,GOVERNED_UNAVAILABLE,GOVERNED_UNAVAILABLE,GOVERNED_UNAVAILABLE,PUBLISHED_PENDING,SOURCE_DELAYED,2026-07-29T01:10:18Z,2026-07-29T01:10:19Z,2026-07-29T01:10:19Z,fdc900636b07012276562600b39593e7b785502691b4f4878dde35d53955081e,,fdc900636b07012276562600b39593e7b785502691b4f4878dde35d53955081e,1340efacc5f3d52f5a39ca3ead5dd32cccc0047a115dd80305d176da41c742eb,TRUE,TIME_PENDING,TIME_PENDING,EDGEIQ_DAILY_OPERATIONS_ENGINE_V1,1.0.0,LIFECYCLE-2026-07-21-2026-07-21-E7BF23EEA9,2026-07-29T01:10:19Z
EIQD-15E252197DD6EFD483F6DECE,EIQM-B8B0002678898E5C3B4F8C1A,2026-07-21,AU,RESULT_OFFICIAL,TIMING_ACCEPTED,RACE_LEVEL_OFFICIAL,SPEED_DATA_PENDING,PERFORMANCE_BASE_AVAILABLE,NORMALISATION_PENDING,RATED_PENDING,PUBLISHED_PENDING,SOURCE_DELAYED,2026-07-29T01:10:37Z,2026-07-29T01:10:38Z,2026-07-29T01:10:38Z,f938cb5665ff565870746501508f42ab72ba4d4d636b8de4d10525f2c7c7ec3e,16f79da598e2a9596e02da8f7849aa5cac4c3442103861d7c9cfdb2b691fd161,16f79da598e2a9596e02da8f7849aa5cac4c3442103861d7c9cfdb2b691fd161,5e8a41d65dbbd198325f1e3305209065ef8d7c49c137127f465d1cf834f833fd,TRUE,COMPLETE_NO_RECHECK_REQUIRED,,EDGEIQ_DAILY_OPERATIONS_ENGINE_V1,1.0.0,LIFECYCLE-2026-07-21-2026-07-21-B6A8EB98FB,2026-07-29T01:10:38Z
EIQD-9507900F3E7984C85CF6F935,EIQM-B8B0002678898E5C3B4F8C1A,2026-07-21,AU,RESULT_OFFICIAL,TIME_PENDING,SOURCE_NOT_PUBLISHED,SPEED_DATA_PENDING,GOVERNED_UNAVAILABLE,GOVERNED_UNAVAILABLE,GOVERNED_UNAVAILABLE,PUBLISHED_PENDING,SOURCE_DELAYED,2026-07-29T01:10:37Z,2026-07-29T01:10:38Z,2026-07-29T01:10:38Z,fdc900636b07012276562600b39593e7b785502691b4f4878dde35d53955081e,,fdc900636b07012276562600b39593e7b785502691b4f4878dde35d53955081e,1340efacc5f3d52f5a39ca3ead5dd32cccc0047a115dd80305d176da41c742eb,TRUE,TIME_PENDING,TIME_PENDING,EDGEIQ_DAILY_OPERATIONS_ENGINE_V1,1.0.0,LIFECYCLE-2026-07-21-2026-07-21-B6A8EB98FB,2026-07-29T01:10:38Z
EIQD-19445836D33B2F0F26B382D2,EIQM-3AB304DDE649DBE37ADB72E8,2026-07-26,AU,RESULT_PENDING,TIME_PENDING,RACE_LEVEL_OFFICIAL,SPEED_DATA_PENDING,GOVERNED_UNAVAILABLE,GOVERNED_UNAVAILABLE,GOVERNED_UNAVAILABLE,PUBLISHED_PENDING,SOURCE_DELAYED,2026-07-29T01:13:25Z,2026-07-29T01:14:02Z,2026-07-29T01:14:02Z,,,cf8350d5516481d74b2e44b5f0b230470c56d6b1eb02e2e4511dee84ffb0e62f,d0a6c2221e7d69971aeee7e578776122ac7779b1404e28235b6ba55a55efd98b,TRUE,RESULT_PENDING,RESULT_PENDING;TIME_PENDING,EDGEIQ_DAILY_OPERATIONS_ENGINE_V1,1.0.0,LIFECYCLE-2026-07-15-2026-07-28-3B732B0201,2026-07-29T01:14:02Z
EIQD-1BFF6200CF83E84CD399762B,EIQM-3560DCAC43CE69CF989F9E87,2026-07-26,AU,RESULT_PENDING,TIME_PENDING,CONDITION_PENDING,SPEED_DATA_PENDING,GOVERNED_UNAVAILABLE,GOVERNED_UNAVAILABLE,GOVERNED_UNAVAILABLE,PUBLISHED_PENDING,SOURCE_DELAYED,2026-07-29T01:13:25Z,2026-07-29T01:14:02Z,2026-07-29T01:14:02Z,,,,5c3691116c2a5a1cf261dd56c3a7d150b354ea5934df362cebb5600f420bd528,TRUE,RESULT_PENDING,RESULT_PENDING;TIME_PENDING;CONDITION_PENDING,EDGEIQ_DAILY_OPERATIONS_ENGINE_V1,1.0.0,LIFECYCLE-2026-07-15-2026-07-28-3B732B0201,2026-07-29T01:14:02Z
EIQD-501E672A45FB9A2FF99E1210,EIQM-3560DCAC43CE69CF989F9E87,2026-07-26,AU,RESULT_PENDING,TIME_PENDING,CONDITION_PENDING,SPEED_DATA_PENDING,GOVERNED_UNAVAILABLE,GOVERNED_UNAVAILABLE,GOVERNED_UNAVAILABLE,PUBLISHED_PENDING,SOURCE_DELAYED,2026-07-29T01:13:25Z,2026-07-29T01:14:02Z,2026-07-29T01:14:02Z,,,,44fca757eca49f666d2f3fca361e52487169796c676a495ef9c12face29661de,TRUE,RESULT_PENDING,RESULT_PENDING;TIME_PENDING;CONDITION_PENDING,EDGEIQ_DAILY_OPERATIONS_ENGINE_V1,1.0.0,LIFECYCLE-2026-07-15-2026-07-28-3B732B0201,2026-07-29T01:14:02Z
EIQD-50644F32264698C6622A9D4E,EIQM-3AB304DDE649DBE37ADB72E8,2026-07-26,AU,RESULT_PENDING,TIME_PENDING,RACE_LEVEL_OFFICIAL,SPEED_DATA_PENDING,GOVERNED_UNAVAILABLE,GOVERNED_UNAVAILABLE,GOVERNED_UNAVAILABLE,PUBLISHED_PENDING,SOURCE_DELAYED,2026-07-29T01:13:25Z,2026-07-29T01:14:02Z,2026-07-29T01:14:02Z,,,9850cdc36bd343438540f1a5396961a8ac9d36a22143c5ac351ee9226b47176d,b3a9b8a7c8c59795fc06c4f6c357a6b2225abfee95c34e2430c76e89d14bece2,TRUE,RESULT_PENDING,RESULT_PENDING;TIME_PENDING,EDGEIQ_DAILY_OPERATIONS_ENGINE_V1,1.0.0,LIFECYCLE-2026-07-15-2026-07-28-3B732B0201,2026-07-29T01:14:02Z
EIQD-595677658C8B1255C051E0E6,EIQM-3560DCAC43CE69CF989F9E87,2026-07-26,AU,RESULT_PENDING,TIME_PENDING,CONDITION_PENDING,SPEED_DATA_PENDING,GOVERNED_UNAVAILABLE,GOVERNED_UNAVAILABLE,GOVERNED_UNAVAILABLE,PUBLISHED_PENDING,SOURCE_DELAYED,2026-07-29T01:13:25Z,2026-07-29T01:14:02Z,2026-07-29T01:14:02Z,,,,b120dbf2885d90ac7c6da7468fcd74679072c8c2ab15559e0e417b19033389f6,TRUE,RESULT_PENDING,RESULT_PENDING;TIME_PENDING;CONDITION_PENDING,EDGEIQ_DAILY_OPERATIONS_ENGINE_V1,1.0.0,LIFECYCLE-2026-07-15-2026-07-28-3B732B0201,2026-07-29T01:14:02Z
EIQD-71A234543B743BE5E885C43B,EIQM-3AB304DDE649DBE37ADB72E8,2026-07-26,AU,RESULT_PENDING,TIME_PENDING,RACE_LEVEL_OFFICIAL,SPEED_DATA_PENDING,GOVERNED_UNAVAILABLE,GOVERNED_UNAVAILABLE,GOVERNED_UNAVAILABLE,PUBLISHED_PENDING,SOURCE_DELAYED,2026-07-29T01:13:25Z,2026-07-29T01:14:02Z,2026-07-29T01:14:02Z,,,fe8f48faf1658423ee9ee9ef443158fc67f9eec50f33b7706caecf762c6e1761,2885f6f552b4a60ef1983a1b7f9077d403572a149f2981d8f743f004eff5b3d4,TRUE,RESULT_PENDING,RESULT_PENDING;TIME_PENDING,EDGEIQ_DAILY_OPERATIONS_ENGINE_V1,1.0.0,LIFECYCLE-2026-07-15-2026-07-28-3B732B0201,2026-07-29T01:14:02Z
EIQD-72203D3EA32E5111249F0123,EIQM-3560DCAC43CE69CF989F9E87,2026-07-26,AU,RESULT_PENDING,TIME_PENDING,CONDITION_PENDING,SPEED_DATA_PENDING,GOVERNED_UNAVAILABLE,GOVERNED_UNAVAILABLE,GOVERNED_UNAVAILABLE,PUBLISHED_PENDING,SOURCE_DELAYED,2026-07-29T01:13:25Z,2026-07-29T01:14:02Z,2026-07-29T01:14:02Z,,,,e924477c9af4034283381e7f8674078cc55ce0e734ba336630754cc5750ecad7,TRUE,RESULT_PENDING,RESULT_PENDING;TIME_PENDING;CONDITION_PENDING,EDGEIQ_DAILY_OPERATIONS_ENGINE_V1,1.0.0,LIFECYCLE-2026-07-15-2026-07-28-3B732B0201,2026-07-29T01:14:02Z
EIQD-76714D9C55FE8602F0C3179C,EIQM-3560DCAC43CE69CF989F9E87,2026-07-26,AU,RESULT_PENDING,TIME_PENDING,CONDITION_PENDING,SPEED_DATA_PENDING,GOVERNED_UNAVAILABLE,GOVERNED_UNAVAILABLE,GOVERNED_UNAVAILABLE,PUBLISHED_PENDING,SOURCE_DELAYED,2026-07-29T01:13:25Z,2026-07-29T01:14:02Z,2026-07-29T01:14:02Z,,,,66bb2f4ddae232eb55622d2d65dd9dc507eb1008e91bbbe94a100f0f29e915b4,TRUE,RESULT_PENDING,RESULT_PENDING;TIME_PENDING;CONDITION_PENDING,EDGEIQ_DAILY_OPERATIONS_ENGINE_V1,1.0.0,LIFECYCLE-2026-07-15-2026-07-28-3B732B0201,2026-07-29T01:14:02Z
EIQD-8578F25B2BD8A2E4555DA63D,EIQM-3AB304DDE649DBE37ADB72E8,2026-07-26,AU,RESULT_PENDING,TIME_PENDING,RACE_LEVEL_OFFICIAL,SPEED_DATA_PENDING,GOVERNED_UNAVAILABLE,GOVERNED_UNAVAILABLE,GOVERNED_UNAVAILABLE,PUBLISHED_PENDING,SOURCE_DELAYED,2026-07-29T01:13:25Z,2026-07-29T01:14:02Z,2026-07-29T01:14:02Z,,,b6facccfdbd24f7ab3e7bc6496574814e04634418bbcdaeb794858334259d595,c8646f11243cfb2503a9db51f867abe8899d7314cf5d4f3ccc46196a0834ed53,TRUE,RESULT_PENDING,RESULT_PENDING;TIME_PENDING,EDGEIQ_DAILY_OPERATIONS_ENGINE_V1,1.0.0,LIFECYCLE-2026-07-15-2026-07-28-3B732B0201,2026-07-29T01:14:02Z
EIQD-888970FBDDCADE66F7C4FF39,EIQM-3560DCAC43CE69CF989F9E87,2026-07-26,AU,RESULT_PENDING,TIME_PENDING,CONDITION_PENDING,SPEED_DATA_PENDING,GOVERNED_UNAVAILABLE,GOVERNED_UNAVAILABLE,GOVERNED_UNAVAILABLE,PUBLISHED_PENDING,SOURCE_DELAYED,2026-07-29T01:13:25Z,2026-07-29T01:14:02Z,2026-07-29T01:14:02Z,,,,d5f682f21697b46f13d054161bedd4367a9ba61c02cc94f4dac2ba7703882f67,TRUE,RESULT_PENDING,RESULT_PENDING;TIME_PENDING;CONDITION_PENDING,EDGEIQ_DAILY_OPERATIONS_ENGINE_V1,1.0.0,LIFECYCLE-2026-07-15-2026-07-28-3B732B0201,2026-07-29T01:14:02Z
EIQD-B73B72CEE9BED9F019A469E6,EIQM-3AB304DDE649DBE37ADB72E8,2026-07-26,AU,RESULT_PENDING,TIME_PENDING,RACE_LEVEL_OFFICIAL,SPEED_DATA_PENDING,GOVERNED_UNAVAILABLE,GOVERNED_UNAVAILABLE,GOVERNED_UNAVAILABLE,PUBLISHED_PENDING,SOURCE_DELAYED,2026-07-29T01:13:25Z,2026-07-29T01:14:02Z,2026-07-29T01:14:02Z,,,70fdd6ee552cf57afc896e087feb5af22a7f84054128b3d3b01c02919c9e029b,fd181fc6676c880bf98e1c669dcdf576de4856e04c1ce79b0ce48d84ce73a10b,TRUE,RESULT_PENDING,RESULT_PENDING;TIME_PENDING,EDGEIQ_DAILY_OPERATIONS_ENGINE_V1,1.0.0,LIFECYCLE-2026-07-15-2026-07-28-3B732B0201,2026-07-29T01:14:02Z
EIQD-C65AE222B624F793CD1BE641,EIQM-3560DCAC43CE69CF989F9E87,2026-07-26,AU,RESULT_PENDING,TIME_PENDING,CONDITION_PENDING,SPEED_DATA_PENDING,GOVERNED_UNAVAILABLE,GOVERNED_UNAVAILABLE,GOVERNED_UNAVAILABLE,PUBLISHED_PENDING,SOURCE_DELAYED,2026-07-29T01:13:25Z,2026-07-29T01:14:02Z,2026-07-29T01:14:02Z,,,,4d7e301acb6da52e48132568aa2837ed491cc9479f2511c61d50f1ed4b7c8f04,TRUE,RESULT_PENDING,RESULT_PENDING;TIME_PENDING;CONDITION_PENDING,EDGEIQ_DAILY_OPERATIONS_ENGINE_V1,1.0.0,LIFECYCLE-2026-07-15-2026-07-28-3B732B0201,2026-07-29T01:14:02Z
EIQD-E2FBF289335458742CFDAD1B,EIQM-3560DCAC43CE69CF989F9E87,2026-07-26,AU,RESULT_PENDING,TIME_PENDING,CONDITION_PENDING,SPEED_DATA_PENDING,GOVERNED_UNAVAILABLE,GOVERNED_UNAVAILABLE,GOVERNED_UNAVAILABLE,PUBLISHED_PENDING,SOURCE_DELAYED,2026-07-29T01:13:25Z,2026-07-29T01:14:02Z,2026-07-29T01:14:02Z,,,,687c7aefb3010fc972adfd2d129d3b0b1fb96197382bd7a78a05edcc05897cf0,TRUE,RESULT_PENDING,RESULT_PENDING;TIME_PENDING;CONDITION_PENDING,EDGEIQ_DAILY_OPERATIONS_ENGINE_V1,1.0.0,LIFECYCLE-2026-07-15-2026-07-28-3B732B0201,2026-07-29T01:14:02Z
EIQD-F6DAA5AA128D476F854F6DA3,EIQM-3AB304DDE649DBE37ADB72E8,2026-07-26,AU,RESULT_PENDING,TIME_PENDING,RACE_LEVEL_OFFICIAL,SPEED_DATA_PENDING,GOVERNED_UNAVAILABLE,GOVERNED_UNAVAILABLE,GOVERNED_UNAVAILABLE,PUBLISHED_PENDING,SOURCE_DELAYED,2026-07-29T01:13:25Z,2026-07-29T01:14:02Z,2026-07-29T01:14:02Z,,,fa893a050a8f90fc8b118b8fff9b8eba85f41f553c0f90ed38b895c241cde169,4f4a15e97b17ef60cbabf535a742721d090ef5467eea73144a41f9e2411d02df,TRUE,RESULT_PENDING,RESULT_PENDING;TIME_PENDING,EDGEIQ_DAILY_OPERATIONS_ENGINE_V1,1.0.0,LIFECYCLE-2026-07-15-2026-07-28-3B732B0201,2026-07-29T01:14:02Z
EIQD-FBF0AAFEA019B2A1A1230F6A,EIQM-3AB304DDE649DBE37ADB72E8,2026-07-26,AU,RESULT_PENDING,TIME_PENDING,RACE_LEVEL_OFFICIAL,SPEED_DATA_PENDING,GOVERNED_UNAVAILABLE,GOVERNED_UNAVAILABLE,GOVERNED_UNAVAILABLE,PUBLISHED_PENDING,SOURCE_DELAYED,2026-07-29T01:13:25Z,2026-07-29T01:14:02Z,2026-07-29T01:14:02Z,,,f09d350b0c6eb3f57b65b68e1d48e5c3845bb97a91f830d4fef974a0877330f1,1a671d028317c5e10e4f571c93be10ece17e9cb34db4883f379059e8d53a9958,TRUE,RESULT_PENDING,RESULT_PENDING;TIME_PENDING,EDGEIQ_DAILY_OPERATIONS_ENGINE_V1,1.0.0,LIFECYCLE-2026-07-15-2026-07-28-3B732B0201,2026-07-29T01:14:02Z
EIQD-19445836D33B2F0F26B382D2,,2026-07-26,AU,RESULT_PENDING,TIME_PENDING,CONDITION_PENDING,SPEED_DATA_PENDING,GOVERNED_UNAVAILABLE,GOVERNED_UNAVAILABLE,GOVERNED_UNAVAILABLE,PUBLISHED_PENDING,SOURCE_DELAYED,2026-07-29T01:34:26Z,2026-07-29T01:34:26Z,2026-07-29T01:34:26Z,,,,d0a6c2221e7d69971aeee7e578776122ac7779b1404e28235b6ba55a55efd98b,TRUE,RESULT_PENDING,RESULT_PENDING;TIME_PENDING;CONDITION_PENDING,EDGEIQ_DAILY_OPERATIONS_ENGINE_V1,1.0.0,LIFECYCLE-2026-07-29-2026-07-29-4A1453D9DA,2026-07-29T01:34:26Z
EIQD-1BFF6200CF83E84CD399762B,,2026-07-26,AU,RESULT_PENDING,TIME_PENDING,CONDITION_PENDING,SPEED_DATA_PENDING,GOVERNED_UNAVAILABLE,GOVERNED_UNAVAILABLE,GOVERNED_UNAVAILABLE,PUBLISHED_PENDING,SOURCE_DELAYED,2026-07-29T01:34:26Z,2026-07-29T01:34:26Z,2026-07-29T01:34:26Z,,,,5c3691116c2a5a1cf261dd56c3a7d150b354ea5934df362cebb5600f420bd528,TRUE,RESULT_PENDING,RESULT_PENDING;TIME_PENDING;CONDITION_PENDING,EDGEIQ_DAILY_OPERATIONS_ENGINE_V1,1.0.0,LIFECYCLE-2026-07-29-2026-07-29-4A1453D9DA,2026-07-29T01:34:26Z
EIQD-501E672A45FB9A2FF99E1210,,2026-07-26,AU,RESULT_PENDING,TIME_PENDING,CONDITION_PENDING,SPEED_DATA_PENDING,GOVERNED_UNAVAILABLE,GOVERNED_UNAVAILABLE,GOVERNED_UNAVAILABLE,PUBLISHED_PENDING,SOURCE_DELAYED,2026-07-29T01:34:26Z,2026-07-29T01:34:26Z,2026-07-29T01:34:26Z,,,,44fca757eca49f666d2f3fca361e52487169796c676a495ef9c12face29661de,TRUE,RESULT_PENDING,RESULT_PENDING;TIME_PENDING;CONDITION_PENDING,EDGEIQ_DAILY_OPERATIONS_ENGINE_V1,1.0.0,LIFECYCLE-2026-07-29-2026-07-29-4A1453D9DA,2026-07-29T01:34:26Z
EIQD-50644F32264698C6622A9D4E,,2026-07-26,AU,RESULT_PENDING,TIME_PENDING,CONDITION_PENDING,SPEED_DATA_PENDING,GOVERNED_UNAVAILABLE,GOVERNED_UNAVAILABLE,GOVERNED_UNAVAILABLE,PUBLISHED_PENDING,SOURCE_DELAYED,2026-07-29T01:34:26Z,2026-07-29T01:34:26Z,2026-07-29T01:34:26Z,,,,b3a9b8a7c8c59795fc06c4f6c357a6b2225abfee95c34e2430c76e89d14bece2,TRUE,RESULT_PENDING,RESULT_PENDING;TIME_PENDING;CONDITION_PENDING,EDGEIQ_DAILY_OPERATIONS_ENGINE_V1,1.0.0,LIFECYCLE-2026-07-29-2026-07-29-4A1453D9DA,2026-07-29T01:34:26Z
EIQD-595677658C8B1255C051E0E6,,2026-07-26,AU,RESULT_PENDING,TIME_PENDING,CONDITION_PENDING,SPEED_DATA_PENDING,GOVERNED_UNAVAILABLE,GOVERNED_UNAVAILABLE,GOVERNED_UNAVAILABLE,PUBLISHED_PENDING,SOURCE_DELAYED,2026-07-29T01:34:26Z,2026-07-29T01:34:26Z,2026-07-29T01:34:26Z,,,,b120dbf2885d90ac7c6da7468fcd74679072c8c2ab15559e0e417b19033389f6,TRUE,RESULT_PENDING,RESULT_PENDING;TIME_PENDING;CONDITION_PENDING,EDGEIQ_DAILY_OPERATIONS_ENGINE_V1,1.0.0,LIFECYCLE-2026-07-29-2026-07-29-4A1453D9DA,2026-07-29T01:34:26Z
EIQD-71A234543B743BE5E885C43B,,2026-07-26,AU,RESULT_PENDING,TIME_PENDING,CONDITION_PENDING,SPEED_DATA_PENDING,GOVERNED_UNAVAILABLE,GOVERNED_UNAVAILABLE,GOVERNED_UNAVAILABLE,PUBLISHED_PENDING,SOURCE_DELAYED,2026-07-29T01:34:26Z,2026-07-29T01:34:26Z,2026-07-29T01:34:26Z,,,,2885f6f552b4a60ef1983a1b7f9077d403572a149f2981d8f743f004eff5b3d4,TRUE,RESULT_PENDING,RESULT_PENDING;TIME_PENDING;CONDITION_PENDING,EDGEIQ_DAILY_OPERATIONS_ENGINE_V1,1.0.0,LIFECYCLE-2026-07-29-2026-07-29-4A1453D9DA,2026-07-29T01:34:26Z
EIQD-72203D3EA32E5111249F0123,,2026-07-26,AU,RESULT_PENDING,TIME_PENDING,CONDITION_PENDING,SPEED_DATA_PENDING,GOVERNED_UNAVAILABLE,GOVERNED_UNAVAILABLE,GOVERNED_UNAVAILABLE,PUBLISHED_PENDING,SOURCE_DELAYED,2026-07-29T01:34:26Z,2026-07-29T01:34:26Z,2026-07-29T01:34:26Z,,,,e924477c9af4034283381e7f8674078cc55ce0e734ba336630754cc5750ecad7,TRUE,RESULT_PENDING,RESULT_PENDING;TIME_PENDING;CONDITION_PENDING,EDGEIQ_DAILY_OPERATIONS_ENGINE_V1,1.0.0,LIFECYCLE-2026-07-29-2026-07-29-4A1453D9DA,2026-07-29T01:34:26Z
EIQD-76580BD7AE5C0C57F55A55D2,EIQM-9BAB049320CE4394393E64F8,2026-07-29,AU,RESULT_PENDING,TIME_PENDING,RACE_LEVEL_OFFICIAL,SPEED_PENDING,GOVERNED_UNAVAILABLE,GOVERNED_UNAVAILABLE,GOVERNED_UNAVAILABLE,PUBLISHED_PENDING,SOURCE_DELAYED,2026-07-29T01:33:47Z,2026-07-29T01:34:26Z,2026-07-29T01:34:26Z,,,9b5067fe70d55f5164f0757f9ef1db0149f2a7a5f79121adb86179bdf0854113,,TRUE,RESULT_PENDING,RESULT_PENDING;TIME_PENDING;SPEED_PENDING,EDGEIQ_DAILY_OPERATIONS_ENGINE_V1,1.0.0,LIFECYCLE-2026-07-29-2026-07-29-4A1453D9DA,2026-07-29T01:34:26Z
EIQD-76714D9C55FE8602F0C3179C,,2026-07-26,AU,RESULT_PENDING,TIME_PENDING,CONDITION_PENDING,SPEED_DATA_PENDING,GOVERNED_UNAVAILABLE,GOVERNED_UNAVAILABLE,GOVERNED_UNAVAILABLE,PUBLISHED_PENDING,SOURCE_DELAYED,2026-07-29T01:34:26Z,2026-07-29T01:34:26Z,2026-07-29T01:34:26Z,,,,66bb2f4ddae232eb55622d2d65dd9dc507eb1008e91bbbe94a100f0f29e915b4,TRUE,RESULT_PENDING,RESULT_PENDING;TIME_PENDING;CONDITION_PENDING,EDGEIQ_DAILY_OPERATIONS_ENGINE_V1,1.0.0,LIFECYCLE-2026-07-29-2026-07-29-4A1453D9DA,2026-07-29T01:34:26Z
EIQD-8578F25B2BD8A2E4555DA63D,,2026-07-26,AU,RESULT_PENDING,TIME_PENDING,CONDITION_PENDING,SPEED_DATA_PENDING,GOVERNED_UNAVAILABLE,GOVERNED_UNAVAILABLE,GOVERNED_UNAVAILABLE,PUBLISHED_PENDING,SOURCE_DELAYED,2026-07-29T01:34:26Z,2026-07-29T01:34:26Z,2026-07-29T01:34:26Z,,,,c8646f11243cfb2503a9db51f867abe8899d7314cf5d4f3ccc46196a0834ed53,TRUE,RESULT_PENDING,RESULT_PENDING;TIME_PENDING;CONDITION_PENDING,EDGEIQ_DAILY_OPERATIONS_ENGINE_V1,1.0.0,LIFECYCLE-2026-07-29-2026-07-29-4A1453D9DA,2026-07-29T01:34:26Z
EIQD-888970FBDDCADE66F7C4FF39,,2026-07-26,AU,RESULT_PENDING,TIME_PENDING,CONDITION_PENDING,SPEED_DATA_PENDING,GOVERNED_UNAVAILABLE,GOVERNED_UNAVAILABLE,GOVERNED_UNAVAILABLE,PUBLISHED_PENDING,SOURCE_DELAYED,2026-07-29T01:34:26Z,2026-07-29T01:34:26Z,2026-07-29T01:34:26Z,,,,d5f682f21697b46f13d054161bedd4367a9ba61c02cc94f4dac2ba7703882f67,TRUE,RESULT_PENDING,RESULT_PENDING;TIME_PENDING;CONDITION_PENDING,EDGEIQ_DAILY_OPERATIONS_ENGINE_V1,1.0.0,LIFECYCLE-2026-07-29-2026-07-29-4A1453D9DA,2026-07-29T01:34:26Z
EIQD-89A788A980F1813AA2A36DA7,EIQM-9BAB049320CE4394393E64F8,2026-07-29,AU,RESULT_PENDING,TIME_PENDING,RACE_LEVEL_OFFICIAL,SPEED_PENDING,GOVERNED_UNAVAILABLE,GOVERNED_UNAVAILABLE,GOVERNED_UNAVAILABLE,PUBLISHED_PENDING,SOURCE_DELAYED,2026-07-29T01:33:47Z,2026-07-29T01:34:26Z,2026-07-29T01:34:26Z,,,12944c3592a2237fa82f9f22c1c494a830a5fcb15111a8486df5e3dbc9ce1f48,,TRUE,RESULT_PENDING,RESULT_PENDING;TIME_PENDING;SPEED_PENDING,EDGEIQ_DAILY_OPERATIONS_ENGINE_V1,1.0.0,LIFECYCLE-2026-07-29-2026-07-29-4A1453D9DA,2026-07-29T01:34:26Z
EIQD-B40F150CCA671567DD00DC66,EIQM-9BAB049320CE4394393E64F8,2026-07-29,AU,RESULT_PENDING,TIME_PENDING,RACE_LEVEL_OFFICIAL,SPEED_PENDING,GOVERNED_UNAVAILABLE,GOVERNED_UNAVAILABLE,GOVERNED_UNAVAILABLE,PUBLISHED_PENDING,SOURCE_DELAYED,2026-07-29T01:33:47Z,2026-07-29T01:34:26Z,2026-07-29T01:34:26Z,,,6f343d3efe41cc84239ada0c7d73ea2ad751462334953547b1e1900bf7a96b9b,,TRUE,RESULT_PENDING,RESULT_PENDING;TIME_PENDING;SPEED_PENDING,EDGEIQ_DAILY_OPERATIONS_ENGINE_V1,1.0.0,LIFECYCLE-2026-07-29-2026-07-29-4A1453D9DA,2026-07-29T01:34:26Z
EIQD-B73B72CEE9BED9F019A469E6,,2026-07-26,AU,RESULT_PENDING,TIME_PENDING,CONDITION_PENDING,SPEED_DATA_PENDING,GOVERNED_UNAVAILABLE,GOVERNED_UNAVAILABLE,GOVERNED_UNAVAILABLE,PUBLISHED_PENDING,SOURCE_DELAYED,2026-07-29T01:34:26Z,2026-07-29T01:34:26Z,2026-07-29T01:34:26Z,,,,fd181fc6676c880bf98e1c669dcdf576de4856e04c1ce79b0ce48d84ce73a10b,TRUE,RESULT_PENDING,RESULT_PENDING;TIME_PENDING;CONDITION_PENDING,EDGEIQ_DAILY_OPERATIONS_ENGINE_V1,1.0.0,LIFECYCLE-2026-07-29-2026-07-29-4A1453D9DA,2026-07-29T01:34:26Z
EIQD-BA38430D73A837265A5C5299,EIQM-9BAB049320CE4394393E64F8,2026-07-29,AU,RESULT_PENDING,TIME_PENDING,RACE_LEVEL_OFFICIAL,SPEED_PENDING,GOVERNED_UNAVAILABLE,GOVERNED_UNAVAILABLE,GOVERNED_UNAVAILABLE,PUBLISHED_PENDING,SOURCE_DELAYED,2026-07-29T01:33:47Z,2026-07-29T01:34:26Z,2026-07-29T01:34:26Z,,,16b5c432e354640871735c3228b31c249e1025524efabf1934394d6e5d876df0,,TRUE,RESULT_PENDING,RESULT_PENDING;TIME_PENDING;SPEED_PENDING,EDGEIQ_DAILY_OPERATIONS_ENGINE_V1,1.0.0,LIFECYCLE-2026-07-29-2026-07-29-4A1453D9DA,2026-07-29T01:34:26Z
EIQD-C65AE222B624F793CD1BE641,,2026-07-26,AU,RESULT_PENDING,TIME_PENDING,CONDITION_PENDING,SPEED_DATA_PENDING,GOVERNED_UNAVAILABLE,GOVERNED_UNAVAILABLE,GOVERNED_UNAVAILABLE,PUBLISHED_PENDING,SOURCE_DELAYED,2026-07-29T01:34:26Z,2026-07-29T01:34:26Z,2026-07-29T01:34:26Z,,,,4d7e301acb6da52e48132568aa2837ed491cc9479f2511c61d50f1ed4b7c8f04,TRUE,RESULT_PENDING,RESULT_PENDING;TIME_PENDING;CONDITION_PENDING,EDGEIQ_DAILY_OPERATIONS_ENGINE_V1,1.0.0,LIFECYCLE-2026-07-29-2026-07-29-4A1453D9DA,2026-07-29T01:34:26Z
EIQD-C91219434C4EAB57CC92D79A,EIQM-9BAB049320CE4394393E64F8,2026-07-29,AU,RESULT_PENDING,TIME_PENDING,RACE_LEVEL_OFFICIAL,SPEED_PENDING,GOVERNED_UNAVAILABLE,GOVERNED_UNAVAILABLE,GOVERNED_UNAVAILABLE,PUBLISHED_PENDING,SOURCE_DELAYED,2026-07-29T01:33:47Z,2026-07-29T01:34:26Z,2026-07-29T01:34:26Z,,,362739480e45010ece664195d92605d943cf82c9067fc15b198f65b0a8a924c8,,TRUE,RESULT_PENDING,RESULT_PENDING;TIME_PENDING;SPEED_PENDING,EDGEIQ_DAILY_OPERATIONS_ENGINE_V1,1.0.0,LIFECYCLE-2026-07-29-2026-07-29-4A1453D9DA,2026-07-29T01:34:26Z
EIQD-D426470CF3E9BCF1CDFE1B79,EIQM-9BAB049320CE4394393E64F8,2026-07-29,AU,RESULT_PENDING,TIME_PENDING,RACE_LEVEL_OFFICIAL,SPEED_PENDING,GOVERNED_UNAVAILABLE,GOVERNED_UNAVAILABLE,GOVERNED_UNAVAILABLE,PUBLISHED_PENDING,SOURCE_DELAYED,2026-07-29T01:33:47Z,2026-07-29T01:34:26Z,2026-07-29T01:34:26Z,,,289bc5e8fbd83a6866f5fce9a6dec123cc89050890cfc64441116c63af4f6659,,TRUE,RESULT_PENDING,RESULT_PENDING;TIME_PENDING;SPEED_PENDING,EDGEIQ_DAILY_OPERATIONS_ENGINE_V1,1.0.0,LIFECYCLE-2026-07-29-2026-07-29-4A1453D9DA,2026-07-29T01:34:26Z
EIQD-E2FBF289335458742CFDAD1B,,2026-07-26,AU,RESULT_PENDING,TIME_PENDING,CONDITION_PENDING,SPEED_DATA_PENDING,GOVERNED_UNAVAILABLE,GOVERNED_UNAVAILABLE,GOVERNED_UNAVAILABLE,PUBLISHED_PENDING,SOURCE_DELAYED,2026-07-29T01:34:26Z,2026-07-29T01:34:26Z,2026-07-29T01:34:26Z,,,,687c7aefb3010fc972adfd2d129d3b0b1fb96197382bd7a78a05edcc05897cf0,TRUE,RESULT_PENDING,RESULT_PENDING;TIME_PENDING;CONDITION_PENDING,EDGEIQ_DAILY_OPERATIONS_ENGINE_V1,1.0.0,LIFECYCLE-2026-07-29-2026-07-29-4A1453D9DA,2026-07-29T01:34:26Z
EIQD-E57169BB2AE87EA80A1379D0,EIQM-9BAB049320CE4394393E64F8,2026-07-29,AU,RESULT_PENDING,TIME_PENDING,RACE_LEVEL_OFFICIAL,SPEED_PENDING,GOVERNED_UNAVAILABLE,GOVERNED_UNAVAILABLE,GOVERNED_UNAVAILABLE,PUBLISHED_PENDING,SOURCE_DELAYED,2026-07-29T01:33:47Z,2026-07-29T01:34:26Z,2026-07-29T01:34:26Z,,,87e7e80792847b1ad37bd715ee64e7e5f2038c7a36b03a8ef7dc03d27f6f9ebd,,TRUE,RESULT_PENDING,RESULT_PENDING;TIME_PENDING;SPEED_PENDING,EDGEIQ_DAILY_OPERATIONS_ENGINE_V1,1.0.0,LIFECYCLE-2026-07-29-2026-07-29-4A1453D9DA,2026-07-29T01:34:26Z
EIQD-F6DAA5AA128D476F854F6DA3,,2026-07-26,AU,RESULT_PENDING,TIME_PENDING,CONDITION_PENDING,SPEED_DATA_PENDING,GOVERNED_UNAVAILABLE,GOVERNED_UNAVAILABLE,GOVERNED_UNAVAILABLE,PUBLISHED_PENDING,SOURCE_DELAYED,2026-07-29T01:34:26Z,2026-07-29T01:34:26Z,2026-07-29T01:34:26Z,,,,4f4a15e97b17ef60cbabf535a742721d090ef5467eea73144a41f9e2411d02df,TRUE,RESULT_PENDING,RESULT_PENDING;TIME_PENDING;CONDITION_PENDING,EDGEIQ_DAILY_OPERATIONS_ENGINE_V1,1.0.0,LIFECYCLE-2026-07-29-2026-07-29-4A1453D9DA,2026-07-29T01:34:26Z
EIQD-FBF0AAFEA019B2A1A1230F6A,,2026-07-26,AU,RESULT_PENDING,TIME_PENDING,CONDITION_PENDING,SPEED_DATA_PENDING,GOVERNED_UNAVAILABLE,GOVERNED_UNAVAILABLE,GOVERNED_UNAVAILABLE,PUBLISHED_PENDING,SOURCE_DELAYED,2026-07-29T01:34:26Z,2026-07-29T01:34:26Z,2026-07-29T01:34:26Z,,,,1a671d028317c5e10e4f571c93be10ece17e9cb34db4883f379059e8d53a9958,TRUE,RESULT_PENDING,RESULT_PENDING;TIME_PENDING;CONDITION_PENDING,EDGEIQ_DAILY_OPERATIONS_ENGINE_V1,1.0.0,LIFECYCLE-2026-07-29-2026-07-29-4A1453D9DA,2026-07-29T01:34:26Z
EIQD-FCCD5563C45365E8787F4B09,EIQM-9BAB049320CE4394393E64F8,2026-07-29,AU,RESULT_PENDING,TIME_PENDING,RACE_LEVEL_OFFICIAL,SPEED_PENDING,GOVERNED_UNAVAILABLE,GOVERNED_UNAVAILABLE,GOVERNED_UNAVAILABLE,PUBLISHED_PENDING,SOURCE_DELAYED,2026-07-29T01:33:47Z,2026-07-29T01:34:26Z,2026-07-29T01:34:26Z,,,b6e224321dc37bd50f2ecf18b00aff9c3549e9f999a660d1c2f563964d54a497,,TRUE,RESULT_PENDING,RESULT_PENDING;TIME_PENDING;SPEED_PENDING,EDGEIQ_DAILY_OPERATIONS_ENGINE_V1,1.0.0,LIFECYCLE-2026-07-29-2026-07-29-4A1453D9DA,2026-07-29T01:34:26Z
EIQD-76580BD7AE5C0C57F55A55D2,EIQM-9BAB049320CE4394393E64F8,2026-07-29,AU,RESULT_PENDING,TIME_PENDING,RACE_LEVEL_OFFICIAL,SPEED_PENDING,GOVERNED_UNAVAILABLE,GOVERNED_UNAVAILABLE,GOVERNED_UNAVAILABLE,PUBLISHED_PENDING,SOURCE_DELAYED,2026-07-29T01:33:47Z,2026-07-29T01:34:36Z,2026-07-29T01:34:36Z,,,9b5067fe70d55f5164f0757f9ef1db0149f2a7a5f79121adb86179bdf0854113,,TRUE,RESULT_PENDING,RESULT_PENDING;TIME_PENDING;SPEED_PENDING,EDGEIQ_DAILY_OPERATIONS_ENGINE_V1,1.0.0,LIFECYCLE-2026-07-15-2026-07-28-4AB8E414A0,2026-07-29T01:34:36Z
EIQD-89A788A980F1813AA2A36DA7,EIQM-9BAB049320CE4394393E64F8,2026-07-29,AU,RESULT_PENDING,TIME_PENDING,RACE_LEVEL_OFFICIAL,SPEED_PENDING,GOVERNED_UNAVAILABLE,GOVERNED_UNAVAILABLE,GOVERNED_UNAVAILABLE,PUBLISHED_PENDING,SOURCE_DELAYED,2026-07-29T01:33:47Z,2026-07-29T01:34:36Z,2026-07-29T01:34:36Z,,,12944c3592a2237fa82f9f22c1c494a830a5fcb15111a8486df5e3dbc9ce1f48,,TRUE,RESULT_PENDING,RESULT_PENDING;TIME_PENDING;SPEED_PENDING,EDGEIQ_DAILY_OPERATIONS_ENGINE_V1,1.0.0,LIFECYCLE-2026-07-15-2026-07-28-4AB8E414A0,2026-07-29T01:34:36Z
EIQD-B40F150CCA671567DD00DC66,EIQM-9BAB049320CE4394393E64F8,2026-07-29,AU,RESULT_PENDING,TIME_PENDING,RACE_LEVEL_OFFICIAL,SPEED_PENDING,GOVERNED_UNAVAILABLE,GOVERNED_UNAVAILABLE,GOVERNED_UNAVAILABLE,PUBLISHED_PENDING,SOURCE_DELAYED,2026-07-29T01:33:47Z,2026-07-29T01:34:36Z,2026-07-29T01:34:36Z,,,6f343d3efe41cc84239ada0c7d73ea2ad751462334953547b1e1900bf7a96b9b,,TRUE,RESULT_PENDING,RESULT_PENDING;TIME_PENDING;SPEED_PENDING,EDGEIQ_DAILY_OPERATIONS_ENGINE_V1,1.0.0,LIFECYCLE-2026-07-15-2026-07-28-4AB8E414A0,2026-07-29T01:34:36Z
EIQD-BA38430D73A837265A5C5299,EIQM-9BAB049320CE4394393E64F8,2026-07-29,AU,RESULT_PENDING,TIME_PENDING,RACE_LEVEL_OFFICIAL,SPEED_PENDING,GOVERNED_UNAVAILABLE,GOVERNED_UNAVAILABLE,GOVERNED_UNAVAILABLE,PUBLISHED_PENDING,SOURCE_DELAYED,2026-07-29T01:33:47Z,2026-07-29T01:34:36Z,2026-07-29T01:34:36Z,,,16b5c432e354640871735c3228b31c249e1025524efabf1934394d6e5d876df0,,TRUE,RESULT_PENDING,RESULT_PENDING;TIME_PENDING;SPEED_PENDING,EDGEIQ_DAILY_OPERATIONS_ENGINE_V1,1.0.0,LIFECYCLE-2026-07-15-2026-07-28-4AB8E414A0,2026-07-29T01:34:36Z
EIQD-C91219434C4EAB57CC92D79A,EIQM-9BAB049320CE4394393E64F8,2026-07-29,AU,RESULT_PENDING,TIME_PENDING,RACE_LEVEL_OFFICIAL,SPEED_PENDING,GOVERNED_UNAVAILABLE,GOVERNED_UNAVAILABLE,GOVERNED_UNAVAILABLE,PUBLISHED_PENDING,SOURCE_DELAYED,2026-07-29T01:33:47Z,2026-07-29T01:34:36Z,2026-07-29T01:34:36Z,,,362739480e45010ece664195d92605d943cf82c9067fc15b198f65b0a8a924c8,,TRUE,RESULT_PENDING,RESULT_PENDING;TIME_PENDING;SPEED_PENDING,EDGEIQ_DAILY_OPERATIONS_ENGINE_V1,1.0.0,LIFECYCLE-2026-07-15-2026-07-28-4AB8E414A0,2026-07-29T01:34:36Z
EIQD-D426470CF3E9BCF1CDFE1B79,EIQM-9BAB049320CE4394393E64F8,2026-07-29,AU,RESULT_PENDING,TIME_PENDING,RACE_LEVEL_OFFICIAL,SPEED_PENDING,GOVERNED_UNAVAILABLE,GOVERNED_UNAVAILABLE,GOVERNED_UNAVAILABLE,PUBLISHED_PENDING,SOURCE_DELAYED,2026-07-29T01:33:47Z,2026-07-29T01:34:36Z,2026-07-29T01:34:36Z,,,289bc5e8fbd83a6866f5fce9a6dec123cc89050890cfc64441116c63af4f6659,,TRUE,RESULT_PENDING,RESULT_PENDING;TIME_PENDING;SPEED_PENDING,EDGEIQ_DAILY_OPERATIONS_ENGINE_V1,1.0.0,LIFECYCLE-2026-07-15-2026-07-28-4AB8E414A0,2026-07-29T01:34:36Z
EIQD-E57169BB2AE87EA80A1379D0,EIQM-9BAB049320CE4394393E64F8,2026-07-29,AU,RESULT_PENDING,TIME_PENDING,RACE_LEVEL_OFFICIAL,SPEED_PENDING,GOVERNED_UNAVAILABLE,GOVERNED_UNAVAILABLE,GOVERNED_UNAVAILABLE,PUBLISHED_PENDING,SOURCE_DELAYED,2026-07-29T01:33:47Z,2026-07-29T01:34:36Z,2026-07-29T01:34:36Z,,,87e7e80792847b1ad37bd715ee64e7e5f2038c7a36b03a8ef7dc03d27f6f9ebd,,TRUE,RESULT_PENDING,RESULT_PENDING;TIME_PENDING;SPEED_PENDING,EDGEIQ_DAILY_OPERATIONS_ENGINE_V1,1.0.0,LIFECYCLE-2026-07-15-2026-07-28-4AB8E414A0,2026-07-29T01:34:36Z
EIQD-FCCD5563C45365E8787F4B09,EIQM-9BAB049320CE4394393E64F8,2026-07-29,AU,RESULT_PENDING,TIME_PENDING,RACE_LEVEL_OFFICIAL,SPEED_PENDING,GOVERNED_UNAVAILABLE,GOVERNED_UNAVAILABLE,GOVERNED_UNAVAILABLE,PUBLISHED_PENDING,SOURCE_DELAYED,2026-07-29T01:33:47Z,2026-07-29T01:34:36Z,2026-07-29T01:34:36Z,,,b6e224321dc37bd50f2ecf18b00aff9c3549e9f999a660d1c2f563964d54a497,,TRUE,RESULT_PENDING,RESULT_PENDING;TIME_PENDING;SPEED_PENDING,EDGEIQ_DAILY_OPERATIONS_ENGINE_V1,1.0.0,LIFECYCLE-2026-07-15-2026-07-28-4AB8E414A0,2026-07-29T01:34:36Z
EIQD-1BFF6200CF83E84CD399762B,EIQM-3560DCAC43CE69CF989F9E87,2026-07-26,AU,RESULT_PENDING,TIME_PENDING,CONDITION_PENDING,SPEED_DATA_PENDING,GOVERNED_UNAVAILABLE,GOVERNED_UNAVAILABLE,GOVERNED_UNAVAILABLE,PUBLISHED_PENDING,SOURCE_DELAYED,2026-07-29T01:35:37Z,2026-07-29T01:36:15Z,2026-07-29T01:36:15Z,,,,5c3691116c2a5a1cf261dd56c3a7d150b354ea5934df362cebb5600f420bd528,TRUE,RESULT_PENDING,RESULT_PENDING;TIME_PENDING;CONDITION_PENDING,EDGEIQ_DAILY_OPERATIONS_ENGINE_V1,1.0.0,LIFECYCLE-2026-07-15-2026-07-28-B92E71AE25,2026-07-29T01:36:15Z
EIQD-501E672A45FB9A2FF99E1210,EIQM-3560DCAC43CE69CF989F9E87,2026-07-26,AU,RESULT_PENDING,TIME_PENDING,CONDITION_PENDING,SPEED_DATA_PENDING,GOVERNED_UNAVAILABLE,GOVERNED_UNAVAILABLE,GOVERNED_UNAVAILABLE,PUBLISHED_PENDING,SOURCE_DELAYED,2026-07-29T01:35:37Z,2026-07-29T01:36:15Z,2026-07-29T01:36:15Z,,,,44fca757eca49f666d2f3fca361e52487169796c676a495ef9c12face29661de,TRUE,RESULT_PENDING,RESULT_PENDING;TIME_PENDING;CONDITION_PENDING,EDGEIQ_DAILY_OPERATIONS_ENGINE_V1,1.0.0,LIFECYCLE-2026-07-15-2026-07-28-B92E71AE25,2026-07-29T01:36:15Z
EIQD-595677658C8B1255C051E0E6,EIQM-3560DCAC43CE69CF989F9E87,2026-07-26,AU,RESULT_PENDING,TIME_PENDING,CONDITION_PENDING,SPEED_DATA_PENDING,GOVERNED_UNAVAILABLE,GOVERNED_UNAVAILABLE,GOVERNED_UNAVAILABLE,PUBLISHED_PENDING,SOURCE_DELAYED,2026-07-29T01:35:37Z,2026-07-29T01:36:15Z,2026-07-29T01:36:15Z,,,,b120dbf2885d90ac7c6da7468fcd74679072c8c2ab15559e0e417b19033389f6,TRUE,RESULT_PENDING,RESULT_PENDING;TIME_PENDING;CONDITION_PENDING,EDGEIQ_DAILY_OPERATIONS_ENGINE_V1,1.0.0,LIFECYCLE-2026-07-15-2026-07-28-B92E71AE25,2026-07-29T01:36:15Z
EIQD-72203D3EA32E5111249F0123,EIQM-3560DCAC43CE69CF989F9E87,2026-07-26,AU,RESULT_PENDING,TIME_PENDING,CONDITION_PENDING,SPEED_DATA_PENDING,GOVERNED_UNAVAILABLE,GOVERNED_UNAVAILABLE,GOVERNED_UNAVAILABLE,PUBLISHED_PENDING,SOURCE_DELAYED,2026-07-29T01:35:37Z,2026-07-29T01:36:15Z,2026-07-29T01:36:15Z,,,,e924477c9af4034283381e7f8674078cc55ce0e734ba336630754cc5750ecad7,TRUE,RESULT_PENDING,RESULT_PENDING;TIME_PENDING;CONDITION_PENDING,EDGEIQ_DAILY_OPERATIONS_ENGINE_V1,1.0.0,LIFECYCLE-2026-07-15-2026-07-28-B92E71AE25,2026-07-29T01:36:15Z
EIQD-76714D9C55FE8602F0C3179C,EIQM-3560DCAC43CE69CF989F9E87,2026-07-26,AU,RESULT_PENDING,TIME_PENDING,CONDITION_PENDING,SPEED_DATA_PENDING,GOVERNED_UNAVAILABLE,GOVERNED_UNAVAILABLE,GOVERNED_UNAVAILABLE,PUBLISHED_PENDING,SOURCE_DELAYED,2026-07-29T01:35:37Z,2026-07-29T01:36:15Z,2026-07-29T01:36:15Z,,,,66bb2f4ddae232eb55622d2d65dd9dc507eb1008e91bbbe94a100f0f29e915b4,TRUE,RESULT_PENDING,RESULT_PENDING;TIME_PENDING;CONDITION_PENDING,EDGEIQ_DAILY_OPERATIONS_ENGINE_V1,1.0.0,LIFECYCLE-2026-07-15-2026-07-28-B92E71AE25,2026-07-29T01:36:15Z
EIQD-888970FBDDCADE66F7C4FF39,EIQM-3560DCAC43CE69CF989F9E87,2026-07-26,AU,RESULT_PENDING,TIME_PENDING,CONDITION_PENDING,SPEED_DATA_PENDING,GOVERNED_UNAVAILABLE,GOVERNED_UNAVAILABLE,GOVERNED_UNAVAILABLE,PUBLISHED_PENDING,SOURCE_DELAYED,2026-07-29T01:35:37Z,2026-07-29T01:36:15Z,2026-07-29T01:36:15Z,,,,d5f682f21697b46f13d054161bedd4367a9ba61c02cc94f4dac2ba7703882f67,TRUE,RESULT_PENDING,RESULT_PENDING;TIME_PENDING;CONDITION_PENDING,EDGEIQ_DAILY_OPERATIONS_ENGINE_V1,1.0.0,LIFECYCLE-2026-07-15-2026-07-28-B92E71AE25,2026-07-29T01:36:15Z
EIQD-C65AE222B624F793CD1BE641,EIQM-3560DCAC43CE69CF989F9E87,2026-07-26,AU,RESULT_PENDING,TIME_PENDING,CONDITION_PENDING,SPEED_DATA_PENDING,GOVERNED_UNAVAILABLE,GOVERNED_UNAVAILABLE,GOVERNED_UNAVAILABLE,PUBLISHED_PENDING,SOURCE_DELAYED,2026-07-29T01:35:37Z,2026-07-29T01:36:15Z,2026-07-29T01:36:15Z,,,,4d7e301acb6da52e48132568aa2837ed491cc9479f2511c61d50f1ed4b7c8f04,TRUE,RESULT_PENDING,RESULT_PENDING;TIME_PENDING;CONDITION_PENDING,EDGEIQ_DAILY_OPERATIONS_ENGINE_V1,1.0.0,LIFECYCLE-2026-07-15-2026-07-28-B92E71AE25,2026-07-29T01:36:15Z
EIQD-E2FBF289335458742CFDAD1B,EIQM-3560DCAC43CE69CF989F9E87,2026-07-26,AU,RESULT_PENDING,TIME_PENDING,CONDITION_PENDING,SPEED_DATA_PENDING,GOVERNED_UNAVAILABLE,GOVERNED_UNAVAILABLE,GOVERNED_UNAVAILABLE,PUBLISHED_PENDING,SOURCE_DELAYED,2026-07-29T01:35:37Z,2026-07-29T01:36:15Z,2026-07-29T01:36:15Z,,,,687c7aefb3010fc972adfd2d129d3b0b1fb96197382bd7a78a05edcc05897cf0,TRUE,RESULT_PENDING,RESULT_PENDING;TIME_PENDING;CONDITION_PENDING,EDGEIQ_DAILY_OPERATIONS_ENGINE_V1,1.0.0,LIFECYCLE-2026-07-15-2026-07-28-B92E71AE25,2026-07-29T01:36:15Z
