benchmark_observation_id,race_key,race_date,track_name,race_no,official_distance_metres,runner_count,race_split_coverage_type,benchmark_use_class,standard_time_eligible,membership_group_id,standard_time_match_status,race_time_delta_id,terminal_stage,rejection_reason
BOF1-67F454F7C819930DE2A82BB0,2026-05-30|CAULFIELD|R01,2026-05-30,Caulfield,1,1200,8,FULL_RACE,STANDARD_TIME_ELIGIBLE,true,BGF1-70C53A3124E4671DCB4C2A98,YES,RTD1-2EC59E1B39398AB8732645B0,NORMALISATION_REJECTED,NORMALISATION_PARAMETER_NOT_EFFECTIVE_FOR_PERFORMANCE_DATE
BOF1-6C01FD4F21505965A03B3F34,2026-05-30|CAULFIELD|R02,2026-05-30,Caulfield,2,1200,9,FULL_RACE,STANDARD_TIME_ELIGIBLE,true,BGF1-70C53A3124E4671DCB4C2A98,YES,RTD1-ED343CD09221F030A1CC723D,NORMALISATION_REJECTED,NORMALISATION_PARAMETER_NOT_EFFECTIVE_FOR_PERFORMANCE_DATE
BOF1-F0DED6BBDFB119455EA532DB,2026-05-30|CAULFIELD|R03,2026-05-30,Caulfield,3,1400,8,FULL_RACE,STANDARD_TIME_ELIGIBLE,true,BGF1-B3C71DA2FE289C11545D3380,YES,RTD1-EF638BF87A686D80C20F64CE,NORMALISATION_REJECTED,NORMALISATION_PARAMETER_NOT_EFFECTIVE_FOR_PERFORMANCE_DATE
BOF1-B37B439FD03E9BEB53518519,2026-05-30|CAULFIELD|R04,2026-05-30,Caulfield,4,1600,7,FULL_RACE,STANDARD_TIME_ELIGIBLE,true,BGF1-D970C6EC93DD94E0336D5163,YES,RTD1-2DCA1E168095FA4BB470BB95,NORMALISATION_REJECTED,NORMALISATION_PARAMETER_NOT_EFFECTIVE_FOR_PERFORMANCE_DATE
BOF1-7549AEF3D43EBF79E355A2C7,2026-05-30|CAULFIELD|R05,2026-05-30,Caulfield,5,1600,7,FULL_RACE,STANDARD_TIME_ELIGIBLE,true,BGF1-D970C6EC93DD94E0336D5163,YES,RTD1-D0AEA3B1A296B9CA43EC40C5,NORMALISATION_REJECTED,NORMALISATION_PARAMETER_NOT_EFFECTIVE_FOR_PERFORMANCE_DATE
BOF1-AB7109E43A6F1163138C5C77,2026-05-30|CAULFIELD|R06,2026-05-30,Caulfield,6,2000,9,FULL_RACE,STANDARD_TIME_ELIGIBLE,true,BGF1-F420E16D1DA9832E3587589B,YES,RTD1-046A5A95F8D6A290944790D2,NORMALISATION_REJECTED,NORMALISATION_PARAMETER_NOT_EFFECTIVE_FOR_PERFORMANCE_DATE
BOF1-C9047FD08B0DAD607CAA972C,2026-05-30|CAULFIELD|R07,2026-05-30,Caulfield,7,1100,10,FULL_RACE,STANDARD_TIME_ELIGIBLE,true,BGF1-624F532CE50F55ADB7E7B9D3,YES,RTD1-34576373CD22B412221DBAC5,NORMALISATION_REJECTED,NORMALISATION_PARAMETER_NOT_EFFECTIVE_FOR_PERFORMANCE_DATE
BOF1-E8F2DA9D8A0297087D6606F2,2026-05-30|CAULFIELD|R08,2026-05-30,Caulfield,8,1100,11,FULL_RACE,STANDARD_TIME_ELIGIBLE,true,BGF1-624F532CE50F55ADB7E7B9D3,YES,RTD1-2D926424C3584FE63C3EDAD4,NORMALISATION_REJECTED,NORMALISATION_PARAMETER_NOT_EFFECTIVE_FOR_PERFORMANCE_DATE
BOF1-9FB522CC4AB71ED7CFCA4177,2026-05-30|CAULFIELD|R09,2026-05-30,Caulfield,9,1200,10,FULL_RACE,STANDARD_TIME_ELIGIBLE,true,BGF1-70C53A3124E4671DCB4C2A98,YES,RTD1-6F366FB17BC1AFF7F0F225E3,NORMALISATION_REJECTED,NORMALISATION_PARAMETER_NOT_EFFECTIVE_FOR_PERFORMANCE_DATE
BOF1-E1BF6DD64E53617386261D03,2026-05-30|PICKLEBET PARK WERRIBEE|R01,2026-05-30,Picklebet Park Werribee,1,,7,PARTIAL_TIMING_WINDOW,SECTIONAL_REFERENCE_ONLY,false,,NO,,NOT_STANDARD_TIME_ELIGIBLE,PARTIAL_WINDOW_SECTIONAL_EVIDENCE_ONLY
BOF1-551C0C122C03D77D75DA6472,2026-05-30|PICKLEBET PARK WERRIBEE|R02,2026-05-30,Picklebet Park Werribee,2,,13,PARTIAL_TIMING_WINDOW,SECTIONAL_REFERENCE_ONLY,false,,NO,,NOT_STANDARD_TIME_ELIGIBLE,PARTIAL_WINDOW_SECTIONAL_EVIDENCE_ONLY
BOF1-E86DBE98DE4C3167C353A160,2026-05-30|PICKLEBET PARK WERRIBEE|R03,2026-05-30,Picklebet Park Werribee,3,,11,PARTIAL_TIMING_WINDOW,SECTIONAL_REFERENCE_ONLY,false,,NO,,NOT_STANDARD_TIME_ELIGIBLE,PARTIAL_WINDOW_SECTIONAL_EVIDENCE_ONLY
BOF1-62B317A73DDC0018E190D6A9,2026-05-30|PICKLEBET PARK WERRIBEE|R04,2026-05-30,Picklebet Park Werribee,4,,13,PARTIAL_TIMING_WINDOW,SECTIONAL_REFERENCE_ONLY,false,,NO,,NOT_STANDARD_TIME_ELIGIBLE,PARTIAL_WINDOW_SECTIONAL_EVIDENCE_ONLY
BOF1-C430F6E04FF0F3C3475C9EC7,2026-05-30|PICKLEBET PARK WERRIBEE|R05,2026-05-30,Picklebet Park Werribee,5,,13,PARTIAL_TIMING_WINDOW,SECTIONAL_REFERENCE_ONLY,false,,NO,,NOT_STANDARD_TIME_ELIGIBLE,PARTIAL_WINDOW_SECTIONAL_EVIDENCE_ONLY
BOF1-4431FED0E8F8E47D59EF9047,2026-05-30|PICKLEBET PARK WERRIBEE|R06,2026-05-30,Picklebet Park Werribee,6,,13,PARTIAL_TIMING_WINDOW,SECTIONAL_REFERENCE_ONLY,false,,NO,,NOT_STANDARD_TIME_ELIGIBLE,PARTIAL_WINDOW_SECTIONAL_EVIDENCE_ONLY
BOF1-7C339CB33BEECD2B89FB5B68,2026-05-30|PICKLEBET PARK WERRIBEE|R07,2026-05-30,Picklebet Park Werribee,7,,13,PARTIAL_TIMING_WINDOW,SECTIONAL_REFERENCE_ONLY,false,,NO,,NOT_STANDARD_TIME_ELIGIBLE,PARTIAL_WINDOW_SECTIONAL_EVIDENCE_ONLY
BOF1-ABA58DBCE5C4C20E7F856AF6,2026-05-31|SPORTSBET SANDOWN LAKESIDE|R03,2026-05-31,Sportsbet Sandown Lakeside,3,1600,8,FULL_RACE,STANDARD_TIME_ELIGIBLE,true,BGF1-6A704874EB880EF68991A796,YES,RTD1-51B6321B2CAEE4B24A5903EA,NORMALISATION_REJECTED,NORMALISATION_PARAMETER_NOT_EFFECTIVE_FOR_PERFORMANCE_DATE
BOF1-67F484E59C5A12AE5761A6A5,2026-05-31|SPORTSBET SANDOWN LAKESIDE|R05,2026-05-31,Sportsbet Sandown Lakeside,5,2100,11,FULL_RACE,STANDARD_TIME_ELIGIBLE,true,BGF1-F8198C048CAF94C8F769F4A7,YES,RTD1-EAB878B8AFCABC51B2B34B19,NORMALISATION_REJECTED,NORMALISATION_PARAMETER_NOT_EFFECTIVE_FOR_PERFORMANCE_DATE
BOF1-FAF0317BF4538C651A64C599,2026-05-31|SPORTSBET SANDOWN LAKESIDE|R06,2026-05-31,Sportsbet Sandown Lakeside,6,3200,8,FULL_RACE,STANDARD_TIME_ELIGIBLE,true,BGF1-A1385CC651A35D18C109EEA7,NO,,NO_STANDARD_TIME_MATCH,
BOF1-EB3EBC2E8C956AAEEC633909,2026-05-31|SPORTSBET SANDOWN LAKESIDE|R07,2026-05-31,Sportsbet Sandown Lakeside,7,1400,12,FULL_RACE,STANDARD_TIME_ELIGIBLE,true,BGF1-D4384E6517A8187C6DFDCC5B,YES,RTD1-7CA4C68A5D9F4A1E1B5B6D4D,NORMALISATION_REJECTED,NORMALISATION_PARAMETER_NOT_EFFECTIVE_FOR_PERFORMANCE_DATE
BOF1-25CA53EDA5ECADC8093BE6D0,2026-05-31|SPORTSBET SANDOWN LAKESIDE|R08,2026-05-31,Sportsbet Sandown Lakeside,8,1200,12,FULL_RACE,STANDARD_TIME_ELIGIBLE,true,BGF1-90506077D791570BD671E010,YES,RTD1-DB1FC3B8DA152E29164A8285,NORMALISATION_REJECTED,NORMALISATION_PARAMETER_NOT_EFFECTIVE_FOR_PERFORMANCE_DATE
BOF1-971A06A680ECA1293547F8FC,2026-06-01|BET365 PARK KILMORE|R01,2026-06-01,Bet365 Park Kilmore,1,,10,PARTIAL_TIMING_WINDOW,SECTIONAL_REFERENCE_ONLY,false,,NO,,NOT_STANDARD_TIME_ELIGIBLE,PARTIAL_WINDOW_SECTIONAL_EVIDENCE_ONLY
BOF1-A46E8D13BD26C8DC45289854,2026-06-01|BET365 PARK KILMORE|R02,2026-06-01,Bet365 Park Kilmore,2,,12,PARTIAL_TIMING_WINDOW,SECTIONAL_REFERENCE_ONLY,false,,NO,,NOT_STANDARD_TIME_ELIGIBLE,PARTIAL_WINDOW_SECTIONAL_EVIDENCE_ONLY
BOF1-7C484D384D9E44108BE996E7,2026-06-01|BET365 PARK KILMORE|R03,2026-06-01,Bet365 Park Kilmore,3,,12,PARTIAL_TIMING_WINDOW,SECTIONAL_REFERENCE_ONLY,false,,NO,,NOT_STANDARD_TIME_ELIGIBLE,PARTIAL_WINDOW_SECTIONAL_EVIDENCE_ONLY
BOF1-48045D62B3F13F193EACD176,2026-06-01|BET365 PARK KILMORE|R04,2026-06-01,Bet365 Park Kilmore,4,,12,PARTIAL_TIMING_WINDOW,SECTIONAL_REFERENCE_ONLY,false,,NO,,NOT_STANDARD_TIME_ELIGIBLE,PARTIAL_WINDOW_SECTIONAL_EVIDENCE_ONLY
BOF1-5F5C26E61471CD48F59F568C,2026-06-01|BET365 PARK KILMORE|R05,2026-06-01,Bet365 Park Kilmore,5,,12,PARTIAL_TIMING_WINDOW,SECTIONAL_REFERENCE_ONLY,false,,NO,,NOT_STANDARD_TIME_ELIGIBLE,PARTIAL_WINDOW_SECTIONAL_EVIDENCE_ONLY
BOF1-C22AE291274A50446C57BFC6,2026-06-01|BET365 PARK KILMORE|R06,2026-06-01,Bet365 Park Kilmore,6,,10,PARTIAL_TIMING_WINDOW,SECTIONAL_REFERENCE_ONLY,false,,NO,,NOT_STANDARD_TIME_ELIGIBLE,PARTIAL_WINDOW_SECTIONAL_EVIDENCE_ONLY
BOF1-61E014394A889157003604D7,2026-06-01|BET365 PARK KILMORE|R07,2026-06-01,Bet365 Park Kilmore,7,,11,PARTIAL_TIMING_WINDOW,SECTIONAL_REFERENCE_ONLY,false,,NO,,NOT_STANDARD_TIME_ELIGIBLE,PARTIAL_WINDOW_SECTIONAL_EVIDENCE_ONLY
BOF1-56C913EC17754C6D4EDB6ED6,2026-06-01|BET365 PARK KILMORE|R08,2026-06-01,Bet365 Park Kilmore,8,,10,PARTIAL_TIMING_WINDOW,SECTIONAL_REFERENCE_ONLY,false,,NO,,NOT_STANDARD_TIME_ELIGIBLE,PARTIAL_WINDOW_SECTIONAL_EVIDENCE_ONLY
BOF1-F74C0E7EF837AC36D66EE7D5,2026-07-01|SPORTSBET SANDOWN LAKESIDE|R01,2026-07-01,Sportsbet Sandown Lakeside,1,1300,6,FULL_RACE,STANDARD_TIME_ELIGIBLE,true,BGF1-235D8592DB90A830EF0C91E4,NO,,NO_STANDARD_TIME_MATCH,
BOF1-78DE85DAF2FDB583BA6C4939,2026-07-01|SPORTSBET SANDOWN LAKESIDE|R02,2026-07-01,Sportsbet Sandown Lakeside,2,1600,8,FULL_RACE,STANDARD_TIME_ELIGIBLE,true,BGF1-6A704874EB880EF68991A796,YES,RTD1-8533801CAF59DF123CBFBEE9,LENGTHS_STANDARD_REJECTED,NO_WAREHOUSE_CONDITION_EVIDENCE
BOF1-364AA30FC9200AFCD8F8700C,2026-07-01|SPORTSBET SANDOWN LAKESIDE|R03,2026-07-01,Sportsbet Sandown Lakeside,3,1600,12,FULL_RACE,STANDARD_TIME_ELIGIBLE,true,BGF1-6A704874EB880EF68991A796,YES,RTD1-9F7797A5FD8720DA50CE9BD2,LENGTHS_STANDARD_REJECTED,NO_WAREHOUSE_CONDITION_EVIDENCE
BOF1-CA728D6CD390AE1A2D0E2F09,2026-07-01|SPORTSBET SANDOWN LAKESIDE|R04,2026-07-01,Sportsbet Sandown Lakeside,4,2400,11,FULL_RACE,STANDARD_TIME_ELIGIBLE,true,BGF1-67A2042513E15B469E765E71,NO,,NO_STANDARD_TIME_MATCH,
BOF1-83674821CE827CA36BC0B480,2026-07-01|SPORTSBET SANDOWN LAKESIDE|R05,2026-07-01,Sportsbet Sandown Lakeside,5,1300,12,FULL_RACE,STANDARD_TIME_ELIGIBLE,true,BGF1-235D8592DB90A830EF0C91E4,NO,,NO_STANDARD_TIME_MATCH,
BOF1-EA8A5C956F1F4B371DA51998,2026-07-01|SPORTSBET SANDOWN LAKESIDE|R06,2026-07-01,Sportsbet Sandown Lakeside,6,1200,10,FULL_RACE,STANDARD_TIME_ELIGIBLE,true,BGF1-90506077D791570BD671E010,YES,RTD1-83B34CCAED8188E38F75A4E8,LENGTHS_STANDARD_REJECTED,NO_WAREHOUSE_CONDITION_EVIDENCE
BOF1-F4B955D14F394E75FD8BC1A2,2026-07-01|SPORTSBET SANDOWN LAKESIDE|R07,2026-07-01,Sportsbet Sandown Lakeside,7,1600,13,FULL_RACE,STANDARD_TIME_ELIGIBLE,true,BGF1-6A704874EB880EF68991A796,YES,RTD1-64748318A12EFE6768E2BC8B,LENGTHS_STANDARD_REJECTED,NO_WAREHOUSE_CONDITION_EVIDENCE
BOF1-87203BAFCCF32B27F250BE2C,2026-07-01|SPORTSBET SANDOWN LAKESIDE|R10,2026-07-01,Sportsbet Sandown Lakeside,10,1300,6,FULL_RACE,STANDARD_TIME_ELIGIBLE,true,BGF1-235D8592DB90A830EF0C91E4,NO,,NO_STANDARD_TIME_MATCH,
BOF1-E3D6A49218238B855E37EB3A,2026-07-01|SPORTSBET SANDOWN LAKESIDE|R11,2026-07-01,Sportsbet Sandown Lakeside,11,1300,6,FULL_RACE,STANDARD_TIME_ELIGIBLE,true,BGF1-235D8592DB90A830EF0C91E4,NO,,NO_STANDARD_TIME_MATCH,
BOF1-89223AFC7500F87A9FF527CF,2026-07-01|SPORTSBET SANDOWN LAKESIDE|R12,2026-07-01,Sportsbet Sandown Lakeside,12,1300,6,FULL_RACE,STANDARD_TIME_ELIGIBLE,true,BGF1-235D8592DB90A830EF0C91E4,NO,,NO_STANDARD_TIME_MATCH,
