horse_performance_rating_id,horse_performance_aggregate_id,canonical_horse_id,canonical_horse_name,rating_as_of_date,horse_performance_aggregation_parameter_id,aggregation_method,included_observation_count,aggregate_rating_value,horse_performance_rating_value,horse_performance_rating_method,horse_performance_rating_status,aggregation_model_version,source_horse_performance_aggregate_evidence_sha256,horse_performance_rating_evidence_sha256,source_builder_version,builder_version,contract_version,built_at_utc
HPR1-404EC8D8D9FB913E214C83B3,HPA1-3995E7FE1428FD3122EBCA60,RCOM_HORSE_5252692,Blondeau,2026-07-20,HPAP1-4F0DC9995DC926243F99E771,WEIGHTED_ARITHMETIC_MEAN,7,0.230786,0.230786,DIRECT_HISTORICAL_AGGREGATE_VALUE,HISTORICAL_HORSE_RATING_GOVERNED,HPR-AGG-B-v1,c911cfc2bbfc93f4cc16cf8ca88615dd4fc747f5ca42f3861e6b50aece439f32,6b2f94244a27f6f05b06c92abacf66ee325eda9991b5d52ad1b0951ee4eddebb,edgeiq_horse_performance_aggregate_fact_v1.0.0,edgeiq_horse_performance_rating_fact_v1.0.0,1.0.0,2026-07-23T02:58:50Z
HPR1-2971EE8DF0899BD15DD3E607,HPA1-ABC89EF3FEBA94E48CA82E2D,RCOM_HORSE_5253234,Lulu Darling,2026-07-20,HPAP1-4F0DC9995DC926243F99E771,WEIGHTED_ARITHMETIC_MEAN,7,0.027878,0.027878,DIRECT_HISTORICAL_AGGREGATE_VALUE,HISTORICAL_HORSE_RATING_GOVERNED,HPR-AGG-B-v1,5cb21da9b1b09d71eb8d9975498287d542fff1bdc157eeb11666c0c2b09d6b24,dfe90222b58d018dde15c5cf34210541b7e32540588ffaee0e808afc7afe32c5,edgeiq_horse_performance_aggregate_fact_v1.0.0,edgeiq_horse_performance_rating_fact_v1.0.0,1.0.0,2026-07-23T02:58:50Z
HPR1-84F83AB244B86E86B9ECF736,HPA1-73809E3D89613C555300ED31,RCOM_HORSE_5289533,Queen Of Tuscany,2026-07-20,HPAP1-4F0DC9995DC926243F99E771,WEIGHTED_ARITHMETIC_MEAN,7,-0.019184,-0.019184,DIRECT_HISTORICAL_AGGREGATE_VALUE,HISTORICAL_HORSE_RATING_GOVERNED,HPR-AGG-B-v1,d0a9e242311d476320a8807698b6d21871ef7709b286da3b4f5f391b772abf36,3f4288eaee8a20d96021b717c19f6d9a2317e8bf253a9b2e16697cc4acc5d47d,edgeiq_horse_performance_aggregate_fact_v1.0.0,edgeiq_horse_performance_rating_fact_v1.0.0,1.0.0,2026-07-23T02:58:50Z
HPR1-925A6A3D25027DCE556CC0DB,HPA1-3C922DEB1DF5D42995A73FA2,RCOM_HORSE_5303211,The Negotiator,2026-07-20,HPAP1-4F0DC9995DC926243F99E771,WEIGHTED_ARITHMETIC_MEAN,7,0.426154,0.426154,DIRECT_HISTORICAL_AGGREGATE_VALUE,HISTORICAL_HORSE_RATING_GOVERNED,HPR-AGG-B-v1,c0dad374dbec303991c56e9ef73f4b3e1df8cf9cd010d5fa2e2c915115715043,2e54fc584178b6824c5479c764fd312f4a5739a94f2cf6621584ad652b7aff48,edgeiq_horse_performance_aggregate_fact_v1.0.0,edgeiq_horse_performance_rating_fact_v1.0.0,1.0.0,2026-07-23T02:58:50Z
HPR1-8E68720B62D4EE00D288BC7B,HPA1-464ABFFADD7569346A5E74C6,RCOM_HORSE_5308393,Gallant Prince,2026-07-20,HPAP1-4F0DC9995DC926243F99E771,WEIGHTED_ARITHMETIC_MEAN,7,0.123521,0.123521,DIRECT_HISTORICAL_AGGREGATE_VALUE,HISTORICAL_HORSE_RATING_GOVERNED,HPR-AGG-B-v1,c6f4aa68625f37a12bbe6e561f327b46ba5d2b53e9d77785e34de5a7a73ea120,4ac17b719a49487aae31a09b1437fb17508158da3b3042960fc5fa98c08a608a,edgeiq_horse_performance_aggregate_fact_v1.0.0,edgeiq_horse_performance_rating_fact_v1.0.0,1.0.0,2026-07-23T02:58:50Z
HPR1-376077E1478259E1022D1E93,HPA1-DC84E93205C92BDAE386B4DD,RCOM_HORSE_5312478,Quebeck,2026-07-20,HPAP1-4F0DC9995DC926243F99E771,WEIGHTED_ARITHMETIC_MEAN,7,0.169013,0.169013,DIRECT_HISTORICAL_AGGREGATE_VALUE,HISTORICAL_HORSE_RATING_GOVERNED,HPR-AGG-B-v1,bbbb70ae1498c6916dd32e1bd0269b841d2c7baa5dea46667bd55462facb4e57,c9022c97f869508f70f4924ee3b49001318e28081df7aa6c1d3681c838d76717,edgeiq_horse_performance_aggregate_fact_v1.0.0,edgeiq_horse_performance_rating_fact_v1.0.0,1.0.0,2026-07-23T02:58:50Z
HPR1-9321D07C38F6C5FDB5788880,HPA1-06E44098A0BD28331E415BCF,RCOM_HORSE_5315275,Claymore Mine,2026-07-20,HPAP1-4F0DC9995DC926243F99E771,WEIGHTED_ARITHMETIC_MEAN,7,0.152575,0.152575,DIRECT_HISTORICAL_AGGREGATE_VALUE,HISTORICAL_HORSE_RATING_GOVERNED,HPR-AGG-B-v1,e745390647c5f749b060f7623393ef93ef8e1e92c73c06954d4378b7f9981538,698a57f25d1ff45f5fd699a80cbe1009d1d893fe5a60bdcf3bdce901105dc920,edgeiq_horse_performance_aggregate_fact_v1.0.0,edgeiq_horse_performance_rating_fact_v1.0.0,1.0.0,2026-07-23T02:58:50Z
HPR1-FAFC4A9E958E69626BF66532,HPA1-256B3ABA5628B6B180760462,RCOM_HORSE_5318108,Shooter Mcgavin,2026-07-20,HPAP1-4F0DC9995DC926243F99E771,WEIGHTED_ARITHMETIC_MEAN,7,-0.238424,-0.238424,DIRECT_HISTORICAL_AGGREGATE_VALUE,HISTORICAL_HORSE_RATING_GOVERNED,HPR-AGG-B-v1,ae17cdcfc206b58683f0bcd37828c6366574d770e2e3189c30999bd87d9260ea,d67cb2b792b0bc6f58319ac6a8cd634bea13f08296c918aec15d8f54cbdcb12c,edgeiq_horse_performance_aggregate_fact_v1.0.0,edgeiq_horse_performance_rating_fact_v1.0.0,1.0.0,2026-07-23T02:58:50Z
HPR1-CA743951CB902AE1A453FF45,HPA1-4F75AE79C504B932F0718CFB,RCOM_HORSE_5324742,Triple Triple,2026-07-20,HPAP1-4F0DC9995DC926243F99E771,WEIGHTED_ARITHMETIC_MEAN,7,-1.417025,-1.417025,DIRECT_HISTORICAL_AGGREGATE_VALUE,HISTORICAL_HORSE_RATING_GOVERNED,HPR-AGG-B-v1,53dc52e0e511a47e507025c219fa5fe662ba8735015cd1d6facf97c1f42be4d2,b64d8ed1d9f6e3c276b5f2f9f838322e6cb12f097b4edbe2656bc452b5175457,edgeiq_horse_performance_aggregate_fact_v1.0.0,edgeiq_horse_performance_rating_fact_v1.0.0,1.0.0,2026-07-23T02:58:50Z
HPR1-4DBB55C8DC23DDBD66D37477,HPA1-4397855D0F1F0D0BC1AD9B9E,RCOM_HORSE_5327949,Paramount Plus,2026-07-20,HPAP1-4F0DC9995DC926243F99E771,WEIGHTED_ARITHMETIC_MEAN,7,0.082217,0.082217,DIRECT_HISTORICAL_AGGREGATE_VALUE,HISTORICAL_HORSE_RATING_GOVERNED,HPR-AGG-B-v1,ff95264fd78ddf9fd1c8a2b9a4e8b3e757f0218a32f66bd9957dbd3a2b3db832,99430a56b8ad4a5f7c286fbffa2e0c648814a7b93bdac4f8f269f27bd2e57949,edgeiq_horse_performance_aggregate_fact_v1.0.0,edgeiq_horse_performance_rating_fact_v1.0.0,1.0.0,2026-07-23T02:58:50Z
HPR1-F175688E203EB7039E54D8E3,HPA1-E2FB3FD3C4CF77F5449B2EEE,RCOM_HORSE_5331799,Swift Circle,2026-07-20,HPAP1-4F0DC9995DC926243F99E771,WEIGHTED_ARITHMETIC_MEAN,7,0.005682,0.005682,DIRECT_HISTORICAL_AGGREGATE_VALUE,HISTORICAL_HORSE_RATING_GOVERNED,HPR-AGG-B-v1,68a80970c416f0a08f1264d2034f1c3f5d37f7e721dc94a46403f210ab673532,56d5a176295345972cbce902f95761defa0699fc99b7382c786864df0d41c74f,edgeiq_horse_performance_aggregate_fact_v1.0.0,edgeiq_horse_performance_rating_fact_v1.0.0,1.0.0,2026-07-23T02:58:50Z
HPR1-4801BD36C766708D027063C0,HPA1-5B32AD6565A3274394F03AEC,RCOM_HORSE_5339834,Banknote Hustler,2026-07-20,HPAP1-4F0DC9995DC926243F99E771,WEIGHTED_ARITHMETIC_MEAN,7,0.393488,0.393488,DIRECT_HISTORICAL_AGGREGATE_VALUE,HISTORICAL_HORSE_RATING_GOVERNED,HPR-AGG-B-v1,204f4d15a6308777a05c44d019c76d05842a7bd0c5dcbd6f69a92399a145b6e9,a1b797cc614c764feaa256546049df90e36c8534a92cb3a9bf8c97c50b9b990e,edgeiq_horse_performance_aggregate_fact_v1.0.0,edgeiq_horse_performance_rating_fact_v1.0.0,1.0.0,2026-07-23T02:58:50Z
HPR1-C3018068F42FD763F9F5C48D,HPA1-94411DC8C7F1EBC069EDC705,RCOM_HORSE_5339873,Aloisi,2026-07-20,HPAP1-4F0DC9995DC926243F99E771,WEIGHTED_ARITHMETIC_MEAN,7,-0.155503,-0.155503,DIRECT_HISTORICAL_AGGREGATE_VALUE,HISTORICAL_HORSE_RATING_GOVERNED,HPR-AGG-B-v1,1602080ee5fe491cf691f154b61c6b97fc7ce6ffbf6173511927a27420a7ac83,d1d45cac789c2bb8c8ce90dac8e12ed3c4b742569a6382bc357f2c0392529d4d,edgeiq_horse_performance_aggregate_fact_v1.0.0,edgeiq_horse_performance_rating_fact_v1.0.0,1.0.0,2026-07-23T02:58:50Z
HPR1-10393223286619CE04BB11AF,HPA1-CA206B4DF0033A65AD207EB2,RCOM_HORSE_5340095,Nostro Roccia,2026-07-20,HPAP1-4F0DC9995DC926243F99E771,WEIGHTED_ARITHMETIC_MEAN,7,-0.446253,-0.446253,DIRECT_HISTORICAL_AGGREGATE_VALUE,HISTORICAL_HORSE_RATING_GOVERNED,HPR-AGG-B-v1,2ccb23ab6643080e70dd80db1b882234cde4d8d46cbe7f2af27da5189eb71f42,e1784f3398edd9a0c3dfe901e241c734d37853afe05abbec03f3eed4b168c9c7,edgeiq_horse_performance_aggregate_fact_v1.0.0,edgeiq_horse_performance_rating_fact_v1.0.0,1.0.0,2026-07-23T02:58:50Z
HPR1-851F6CF43B8B551DD4F25FB3,HPA1-584B94FAB4514A4EC956357F,RCOM_HORSE_5340487,Clansman,2026-07-20,HPAP1-4F0DC9995DC926243F99E771,WEIGHTED_ARITHMETIC_MEAN,7,-0.066822,-0.066822,DIRECT_HISTORICAL_AGGREGATE_VALUE,HISTORICAL_HORSE_RATING_GOVERNED,HPR-AGG-B-v1,fe42586138929b2f32e3e4c901cb6b181acd7562e057ef8be4ae3931c9134491,d0cb848304afcb45bacb5391c79f840fadf3f7b644161ba9702c8b7709a47750,edgeiq_horse_performance_aggregate_fact_v1.0.0,edgeiq_horse_performance_rating_fact_v1.0.0,1.0.0,2026-07-23T02:58:50Z
HPR1-02DD80E335D50468B86198CB,HPA1-9D17D5E50818427C7D114658,RCOM_HORSE_5342692,Cresta Crystal,2026-07-20,HPAP1-4F0DC9995DC926243F99E771,WEIGHTED_ARITHMETIC_MEAN,7,-0.028188,-0.028188,DIRECT_HISTORICAL_AGGREGATE_VALUE,HISTORICAL_HORSE_RATING_GOVERNED,HPR-AGG-B-v1,ed2cb78a1527e7225c37c785ef97aedbe8b824f1617303532909ffb4cd7c7bcd,4de042833438f7293987b59059c0a960d15e80e8215492a882fe0530f01ceb40,edgeiq_horse_performance_aggregate_fact_v1.0.0,edgeiq_horse_performance_rating_fact_v1.0.0,1.0.0,2026-07-23T02:58:50Z
HPR1-3FFAE31E2F5D54AA2CD62DC0,HPA1-3BC91CA56E6E7876DF71872A,RCOM_HORSE_5344244,King Maywin,2026-07-20,HPAP1-4F0DC9995DC926243F99E771,WEIGHTED_ARITHMETIC_MEAN,7,-0.151315,-0.151315,DIRECT_HISTORICAL_AGGREGATE_VALUE,HISTORICAL_HORSE_RATING_GOVERNED,HPR-AGG-B-v1,691cdcc13995a96edb7c97ecf0738a91668d6d5b634dcede4fc5bce2c7642e45,1d32039418d9d2a2cd67fa392cfbd9985f542058a39c94b7185b115219033543,edgeiq_horse_performance_aggregate_fact_v1.0.0,edgeiq_horse_performance_rating_fact_v1.0.0,1.0.0,2026-07-23T02:58:50Z
HPR1-BBB5AD1A84596557A3C8C657,HPA1-AFFE558EE9C6C26FFFC5AFD1,RCOM_HORSE_5346431,Pro Velocity,2026-07-20,HPAP1-4F0DC9995DC926243F99E771,WEIGHTED_ARITHMETIC_MEAN,7,-0.264285,-0.264285,DIRECT_HISTORICAL_AGGREGATE_VALUE,HISTORICAL_HORSE_RATING_GOVERNED,HPR-AGG-B-v1,1def2dd2925932a421716a112eabebb27aeef503236e0485dd27e322e9c381a2,2c7abb2a65dc38dfbe170afe0c070b23e282b1c71d0c1bb7b13dec0bb02b02e7,edgeiq_horse_performance_aggregate_fact_v1.0.0,edgeiq_horse_performance_rating_fact_v1.0.0,1.0.0,2026-07-23T02:58:50Z
HPR1-4C4C2947ACE20C1C4EC0FF3B,HPA1-AF790B515A3685D42C42E850,RCOM_HORSE_5348428,Impending War,2026-07-20,HPAP1-4F0DC9995DC926243F99E771,WEIGHTED_ARITHMETIC_MEAN,7,0.385950,0.385950,DIRECT_HISTORICAL_AGGREGATE_VALUE,HISTORICAL_HORSE_RATING_GOVERNED,HPR-AGG-B-v1,2e0280dc3c38a41db395039c8df9a8c04e3d74e4fc6e9ad53166020aaba35069,bc8c0c1d6f48ca336de57f3747ba88eb6d4ec1507e8695a7433453f3e404d98e,edgeiq_horse_performance_aggregate_fact_v1.0.0,edgeiq_horse_performance_rating_fact_v1.0.0,1.0.0,2026-07-23T02:58:50Z
HPR1-B5B5FE59F76A5E5F5F444B53,HPA1-BB441143AE894FFD677579E4,RCOM_HORSE_5348731,Bella Pietra,2026-07-20,HPAP1-4F0DC9995DC926243F99E771,WEIGHTED_ARITHMETIC_MEAN,7,-0.024890,-0.024890,DIRECT_HISTORICAL_AGGREGATE_VALUE,HISTORICAL_HORSE_RATING_GOVERNED,HPR-AGG-B-v1,2cd155ae8db038083ad4538817e5d4a4cfaa40fd321bceb9b064023cb125911d,7250ba6d18580125ce519cfe5f931768398b0307bcfaf9e07ac847791d296b93,edgeiq_horse_performance_aggregate_fact_v1.0.0,edgeiq_horse_performance_rating_fact_v1.0.0,1.0.0,2026-07-23T02:58:50Z
HPR1-0472393AB86A1F3FF1020AD2,HPA1-592F1E2E661F7F6C45C68F00,RCOM_HORSE_5352352,Military Base,2026-07-20,HPAP1-4F0DC9995DC926243F99E771,WEIGHTED_ARITHMETIC_MEAN,7,0.319256,0.319256,DIRECT_HISTORICAL_AGGREGATE_VALUE,HISTORICAL_HORSE_RATING_GOVERNED,HPR-AGG-B-v1,85da60f72cc992f5a9d726811ce3b151bdfd6f2b3bfbc2bb8995db0409032359,0e24d84fd6d20605d3a0095dc273383f29cf75aca32beaacd1a9b71c8b74bf89,edgeiq_horse_performance_aggregate_fact_v1.0.0,edgeiq_horse_performance_rating_fact_v1.0.0,1.0.0,2026-07-23T02:58:50Z
HPR1-2B6601AD71D452869F4F2130,HPA1-D6107F1701747E66A74A0418,RCOM_HORSE_5352878,Baltic Blizzard,2026-07-20,HPAP1-4F0DC9995DC926243F99E771,WEIGHTED_ARITHMETIC_MEAN,7,-0.091270,-0.091270,DIRECT_HISTORICAL_AGGREGATE_VALUE,HISTORICAL_HORSE_RATING_GOVERNED,HPR-AGG-B-v1,3aeff34b628c9f89e5a48a6615a8b6a0dd3edf3a44c7d99e0fd74ed43cd1e896,3344eb6db9ed3bd785d398f63192b6d7da3060a80d0267eeed1b3aa157739101,edgeiq_horse_performance_aggregate_fact_v1.0.0,edgeiq_horse_performance_rating_fact_v1.0.0,1.0.0,2026-07-23T02:58:50Z
HPR1-E045D2B53AF110E9DB497FCE,HPA1-DD6B41D65FDE81AA3D9BE29F,RCOM_HORSE_5355744,Aitu,2026-07-20,HPAP1-4F0DC9995DC926243F99E771,WEIGHTED_ARITHMETIC_MEAN,7,0.112580,0.112580,DIRECT_HISTORICAL_AGGREGATE_VALUE,HISTORICAL_HORSE_RATING_GOVERNED,HPR-AGG-B-v1,3e07c06a680282ac46f4c06a818d98fae8883f277633663121bddaeedd8e9862,466bfe0686f8c70919ee7d4d158362e774350ca751939730a029553665e52a4b,edgeiq_horse_performance_aggregate_fact_v1.0.0,edgeiq_horse_performance_rating_fact_v1.0.0,1.0.0,2026-07-23T02:58:50Z
HPR1-3B8BE02A140F9ED99FF3EA7F,HPA1-9D27F07D94A9AB97EFE8C5CF,RCOM_HORSE_5358640,Savannah Chill,2026-07-20,HPAP1-4F0DC9995DC926243F99E771,WEIGHTED_ARITHMETIC_MEAN,7,0.474055,0.474055,DIRECT_HISTORICAL_AGGREGATE_VALUE,HISTORICAL_HORSE_RATING_GOVERNED,HPR-AGG-B-v1,e92c078ca5e197c16d79e2b2dad8ac1a33018891b4c1089f28da766292ce3fc5,e695ef50e6c399c1d40370e59c63d8107aaf8886698c3e37711bc9a15b15f3eb,edgeiq_horse_performance_aggregate_fact_v1.0.0,edgeiq_horse_performance_rating_fact_v1.0.0,1.0.0,2026-07-23T02:58:50Z
