canonical_race_id,canonical_runner_id,race_date,meeting_date,canonical_track,course_identity,state,country,race_number,race_name,race_distance_metres,surface_group,track_condition_number,scheduled_start_time,saddlecloth_number,runner_name,barrier,weight_kg,jockey_name,trainer_name,declaration_status,scratching_status,source_updated_at,source_system,source_record_id,source_hash,audit_status
RACE|2026-07-24|ECHUCA|R1|2100M|2026-07-24T02:35:00+00:00,RCOM_HORSE_5325978,2026-07-24,2026-07-24,ECHUCA,ECHUCA,VIC,AUS,1,Moama Bowling Club Maiden Plate,2100,TURF,9,2026-07-24T02:35:00+00:00,1,All The Moves,7,59.5,,M.Lawson,SCRATCHED_ENTRY,SCRATCHED,2026-07-23T08:31:21.374064,RACING_COM_GETRACEFORM,15725390,f811e8cbf674ca6eb706cf42738f223ed9c72b0f4d5cc375836ec60028f420d7,CANDIDATE
RACE|2026-07-24|ECHUCA|R1|2100M|2026-07-24T02:35:00+00:00,RCOM_HORSE_5350266,2026-07-24,2026-07-24,ECHUCA,ECHUCA,VIC,AUS,1,Moama Bowling Club Maiden Plate,2100,TURF,9,2026-07-24T02:35:00+00:00,2,Ate Iron,4,59.5,D.J.Dunn,John Symons & Sheila Laxon,ACTIVE_ENTRY,ACTIVE,2026-07-23T08:31:21.374064,RACING_COM_GETRACEFORM,15726965,3ddafcba67351488fac8c9aa842d71e7bc34283eaf25f76c7d0d8ba2f34f71e2,CANDIDATE
RACE|2026-07-24|ECHUCA|R1|2100M|2026-07-24T02:35:00+00:00,RCOM_HORSE_5347308,2026-07-24,2026-07-24,ECHUCA,ECHUCA,VIC,AUS,1,Moama Bowling Club Maiden Plate,2100,TURF,9,2026-07-24T02:35:00+00:00,3,Gaelic Kiwi,5,59.5,D.Yendall,L.Boyd,ACTIVE_ENTRY,ACTIVE,2026-07-23T08:31:21.374064,RACING_COM_GETRACEFORM,15725486,60ed0ac480e98b5d5a65a246bd87441b0b017b358ee42d256666aaaa470b9a42,CANDIDATE
RACE|2026-07-24|ECHUCA|R1|2100M|2026-07-24T02:35:00+00:00,RCOM_HORSE_5344877,2026-07-24,2026-07-24,ECHUCA,ECHUCA,VIC,AUS,1,Moama Bowling Club Maiden Plate,2100,TURF,9,2026-07-24T02:35:00+00:00,4,Gentoo,3,59.5,A.G.Kennedy,D.E.Dean,SCRATCHED_ENTRY,SCRATCHED,2026-07-23T08:31:21.374064,RACING_COM_GETRACEFORM,15724636,a6e2bd1c43f8278fe2da491cedf85b16ba63d8c1ee2c1833173609ba5d29182b,CANDIDATE
RACE|2026-07-24|ECHUCA|R1|2100M|2026-07-24T02:35:00+00:00,RCOM_HORSE_5347643,2026-07-24,2026-07-24,ECHUCA,ECHUCA,VIC,AUS,1,Moama Bowling Club Maiden Plate,2100,TURF,9,2026-07-24T02:35:00+00:00,5,King Of Savoy,6,59.5,N.Punch,T.N.Edmonds,ACTIVE_ENTRY,ACTIVE,2026-07-23T08:31:21.374064,RACING_COM_GETRACEFORM,15722684,1ba6358913c00ddfca56e118861bae47bc2aa5c68405efe72b1676815321905f,CANDIDATE
RACE|2026-07-24|ECHUCA|R1|2100M|2026-07-24T02:35:00+00:00,RCOM_HORSE_5354147,2026-07-24,2026-07-24,ECHUCA,ECHUCA,VIC,AUS,1,Moama Bowling Club Maiden Plate,2100,TURF,9,2026-07-24T02:35:00+00:00,6,Knights Emperor,1,59.5,J.B.Stanley,Gai Waterhouse & Adrian Bott,ACTIVE_ENTRY,ACTIVE,2026-07-23T08:31:21.374064,RACING_COM_GETRACEFORM,15727528,6b06c372df3f677e821758de553172a2a0027a7f9d80f3b91ca3df6ccc458580,CANDIDATE
RACE|2026-07-24|ECHUCA|R1|2100M|2026-07-24T02:35:00+00:00,RCOM_HORSE_5350396,2026-07-24,2026-07-24,ECHUCA,ECHUCA,VIC,AUS,1,Moama Bowling Club Maiden Plate,2100,TURF,9,2026-07-24T02:35:00+00:00,7,Lyttelton,8,59.5,C.A.Taylor,S.S.Houston,ACTIVE_ENTRY,ACTIVE,2026-07-23T08:31:21.374064,RACING_COM_GETRACEFORM,15711612,0bdbbe80ba7392b894d0cc44579bfdf00798009d96a48c279a630c2c57a9a9ee,CANDIDATE
RACE|2026-07-24|ECHUCA|R1|2100M|2026-07-24T02:35:00+00:00,RCOM_HORSE_5350367,2026-07-24,2026-07-24,ECHUCA,ECHUCA,VIC,AUS,1,Moama Bowling Club Maiden Plate,2100,TURF,9,2026-07-24T02:35:00+00:00,8,Camegitchee,2,57.5,,Shane Nichols & Hayden Black,ACTIVE_ENTRY,ACTIVE,2026-07-23T08:31:21.374064,RACING_COM_GETRACEFORM,15724264,99277ecb9945b7fce273688120f6387ff9d8f8d58e0247dadc5abf47649bebf7,CANDIDATE
RACE|2026-07-24|ECHUCA|R2|1000M|2026-07-24T03:10:00+00:00,RCOM_HORSE_5364057,2026-07-24,2026-07-24,ECHUCA,ECHUCA,VIC,AUS,2,Bourke Builders Maiden Plate,1000,TURF,9,2026-07-24T03:10:00+00:00,1,Dirty Harry,5,58,W.Gordon,"Ben, Will & JD Hayes",ACTIVE_ENTRY,ACTIVE,2026-07-23T08:31:21.374064,RACING_COM_GETRACEFORM,15725581,b39b352f047d043a38bd5a3e62c6c7f836c310de6e11e9ca396951d37a2f960d,CANDIDATE
RACE|2026-07-24|ECHUCA|R2|1000M|2026-07-24T03:10:00+00:00,RCOM_HORSE_5362688,2026-07-24,2026-07-24,ECHUCA,ECHUCA,VIC,AUS,2,Bourke Builders Maiden Plate,1000,TURF,9,2026-07-24T03:10:00+00:00,2,Divine Nurture,1,58,R.J.Hurdle,M.Jones,ACTIVE_ENTRY,ACTIVE,2026-07-23T08:31:21.374064,RACING_COM_GETRACEFORM,15722007,be7b3996008b232ffdd8293bcf971e1273e59a57e8245fa6e92f9acd31aaf88b,CANDIDATE
RACE|2026-07-24|ECHUCA|R2|1000M|2026-07-24T03:10:00+00:00,RCOM_HORSE_5365022,2026-07-24,2026-07-24,ECHUCA,ECHUCA,VIC,AUS,2,Bourke Builders Maiden Plate,1000,TURF,9,2026-07-24T03:10:00+00:00,3,Good Feel,4,58,J.M.Allen,"Michael, John & Wayne Hawkes",ACTIVE_ENTRY,ACTIVE,2026-07-23T08:31:21.374064,RACING_COM_GETRACEFORM,15727355,336235df5eec9fd80384841d69f7ccf1a6a88441c8fa1d4ee493b98a1f50b475,CANDIDATE
RACE|2026-07-24|ECHUCA|R2|1000M|2026-07-24T03:10:00+00:00,RCOM_HORSE_5371382,2026-07-24,2026-07-24,ECHUCA,ECHUCA,VIC,AUS,2,Bourke Builders Maiden Plate,1000,TURF,9,2026-07-24T03:10:00+00:00,4,Imperial Valley,2,58,J.Duffy,C.A.Weeding,ACTIVE_ENTRY,ACTIVE,2026-07-23T08:31:21.374064,RACING_COM_GETRACEFORM,15725103,b1313f8b6a52da095fd06b4f6cdb111af9eeaf37ccce9cc93a073ee7fa345e1c,CANDIDATE
RACE|2026-07-24|ECHUCA|R2|1000M|2026-07-24T03:10:00+00:00,RCOM_HORSE_5368329,2026-07-24,2026-07-24,ECHUCA,ECHUCA,VIC,AUS,2,Bourke Builders Maiden Plate,1000,TURF,9,2026-07-24T03:10:00+00:00,5,Inside Word,6,58,J.B.Stanley,Leon & Troy Corstens & Will Larkin,ACTIVE_ENTRY,ACTIVE,2026-07-23T08:31:21.374064,RACING_COM_GETRACEFORM,15723264,2e7b84266311cf4a981a9c08511bd3f6e2f3dba761925136817244b59c55fe41,CANDIDATE
RACE|2026-07-24|ECHUCA|R2|1000M|2026-07-24T03:10:00+00:00,RCOM_HORSE_5372271,2026-07-24,2026-07-24,ECHUCA,ECHUCA,VIC,AUS,2,Bourke Builders Maiden Plate,1000,TURF,9,2026-07-24T03:10:00+00:00,6,Myhro's Ruler,9,58,J.Mott,J.R.McArdle,ACTIVE_ENTRY,ACTIVE,2026-07-23T08:31:21.374064,RACING_COM_GETRACEFORM,15722369,7d6192eb081e41c7a3d58fe8358f5b3ed70b0f613f87ef733a997e8692e99a89,CANDIDATE
RACE|2026-07-24|ECHUCA|R2|1000M|2026-07-24T03:10:00+00:00,RCOM_HORSE_5367059,2026-07-24,2026-07-24,ECHUCA,ECHUCA,VIC,AUS,2,Bourke Builders Maiden Plate,1000,TURF,9,2026-07-24T03:10:00+00:00,7,Royalty Rules,10,58,A.Kelly,A.Smith,ACTIVE_ENTRY,ACTIVE,2026-07-23T08:31:21.374064,RACING_COM_GETRACEFORM,15727520,347ef3e7b8da00c35b44641c9a8a46ffbb25667ec84cd02c66ddb21df8c721d4,CANDIDATE
RACE|2026-07-24|ECHUCA|R2|1000M|2026-07-24T03:10:00+00:00,RCOM_HORSE_5367549,2026-07-24,2026-07-24,ECHUCA,ECHUCA,VIC,AUS,2,Bourke Builders Maiden Plate,1000,TURF,9,2026-07-24T03:10:00+00:00,8,Brazen Madonna,3,56,Z.Spain,Shane Nichols & Hayden Black,ACTIVE_ENTRY,ACTIVE,2026-07-23T08:31:21.374064,RACING_COM_GETRACEFORM,15724261,8b86f765753c461cf10f513aa31e726a0b4cf397e67131a96a869f5605b6dcb0,CANDIDATE
RACE|2026-07-24|ECHUCA|R2|1000M|2026-07-24T03:10:00+00:00,RCOM_HORSE_5366181,2026-07-24,2026-07-24,ECHUCA,ECHUCA,VIC,AUS,2,Bourke Builders Maiden Plate,1000,TURF,9,2026-07-24T03:10:00+00:00,9,Epponnee Rae,8,56,T.M.Nugent,J.Warren,ACTIVE_ENTRY,ACTIVE,2026-07-23T08:31:21.374064,RACING_COM_GETRACEFORM,15725212,2681b655414c824c35cd900f5069ea9dde5d68b451d364e9ad18d01ad591ae77,CANDIDATE
RACE|2026-07-24|ECHUCA|R2|1000M|2026-07-24T03:10:00+00:00,RCOM_HORSE_5371664,2026-07-24,2026-07-24,ECHUCA,ECHUCA,VIC,AUS,2,Bourke Builders Maiden Plate,1000,TURF,9,2026-07-24T03:10:00+00:00,10,Somers Green,7,56,P.M.Moloney,M.Laurie,ACTIVE_ENTRY,ACTIVE,2026-07-23T08:31:21.374064,RACING_COM_GETRACEFORM,15721436,dfed1b0d932cc94c2e6a5a3b4fcf153ec30d09ad32a1b4713d807cf95fd1f59d,CANDIDATE
RACE|2026-07-24|ECHUCA|R3|1600M|2026-07-24T03:45:00+00:00,RCOM_HORSE_5346997,2026-07-24,2026-07-24,ECHUCA,ECHUCA,VIC,AUS,3,The Caledonian Hotel Maiden Plate,1600,TURF,9,2026-07-24T03:45:00+00:00,1,Churchill Lane,3,59.5,D.J.Dunn,J.Warren,ACTIVE_ENTRY,ACTIVE,2026-07-23T08:31:21.374064,RACING_COM_GETRACEFORM,15725375,9a76548d05cebec5587ec268cf4c68d3277dc4626118f2c219307d1560744df4,CANDIDATE
RACE|2026-07-24|ECHUCA|R3|1600M|2026-07-24T03:45:00+00:00,RCOM_HORSE_5350119,2026-07-24,2026-07-24,ECHUCA,ECHUCA,VIC,AUS,3,The Caledonian Hotel Maiden Plate,1600,TURF,9,2026-07-24T03:45:00+00:00,2,Colour Circle,5,59.5,J.M.Allen,B.McGrath,ACTIVE_ENTRY,ACTIVE,2026-07-23T08:31:21.374064,RACING_COM_GETRACEFORM,15724747,3552594d546d9dc4fb8c56dae979af677640f944cc98f6c10c6d118971dd7ab4,CANDIDATE
RACE|2026-07-24|ECHUCA|R3|1600M|2026-07-24T03:45:00+00:00,RCOM_HORSE_5329743,2026-07-24,2026-07-24,ECHUCA,ECHUCA,VIC,AUS,3,The Caledonian Hotel Maiden Plate,1600,TURF,9,2026-07-24T03:45:00+00:00,3,Harry Caviar,4,59.5,L.N.McNeil,G.W.Egan,ACTIVE_ENTRY,ACTIVE,2026-07-23T08:31:21.374064,RACING_COM_GETRACEFORM,15718307,d0e28ba4835de5c4637a0004ee61192cf125cec03fc785e6108b4169364e08cc,CANDIDATE
RACE|2026-07-24|ECHUCA|R3|1600M|2026-07-24T03:45:00+00:00,RCOM_HORSE_5372796,2026-07-24,2026-07-24,ECHUCA,ECHUCA,VIC,AUS,3,The Caledonian Hotel Maiden Plate,1600,TURF,9,2026-07-24T03:45:00+00:00,4,Master Fox,2,59.5,J.Mott,J.R.McArdle,ACTIVE_ENTRY,ACTIVE,2026-07-23T08:31:21.374064,RACING_COM_GETRACEFORM,15722370,ae8becc08f08b382b0234f6b016f85ad45fbb38f9f95b996e975cf957f0335dc,CANDIDATE
RACE|2026-07-24|ECHUCA|R3|1600M|2026-07-24T03:45:00+00:00,RCOM_HORSE_5349329,2026-07-24,2026-07-24,ECHUCA,ECHUCA,VIC,AUS,3,The Caledonian Hotel Maiden Plate,1600,TURF,9,2026-07-24T03:45:00+00:00,5,New Prospect,8,59.5,P.M.Moloney,R.D.Griffiths,ACTIVE_ENTRY,ACTIVE,2026-07-23T08:31:21.374064,RACING_COM_GETRACEFORM,15727753,c290e06ebb6decacf1146f9197ddbe87d476417acc8befb4262a4560b7712a45,CANDIDATE
RACE|2026-07-24|ECHUCA|R3|1600M|2026-07-24T03:45:00+00:00,RCOM_HORSE_5349444,2026-07-24,2026-07-24,ECHUCA,ECHUCA,VIC,AUS,3,The Caledonian Hotel Maiden Plate,1600,TURF,9,2026-07-24T03:45:00+00:00,6,Unoyaself,7,59.5,N.Farley,W.Morrissey,SCRATCHED_ENTRY,SCRATCHED,2026-07-23T08:31:21.374064,RACING_COM_GETRACEFORM,15727622,bd3e0dec230e281b45d9e9c1724290d67c647e0c7c585a0319062be68941fb30,CANDIDATE
RACE|2026-07-24|ECHUCA|R3|1600M|2026-07-24T03:45:00+00:00,RCOM_HORSE_5355786,2026-07-24,2026-07-24,ECHUCA,ECHUCA,VIC,AUS,3,The Caledonian Hotel Maiden Plate,1600,TURF,9,2026-07-24T03:45:00+00:00,7,Caitlin's Punch,1,57.5,J.Noonan,A.W.Noonan,ACTIVE_ENTRY,ACTIVE,2026-07-23T08:31:21.374064,RACING_COM_GETRACEFORM,15725569,0eb94ccf7ad5b2ca3599d8a9f5a5dc4accf6cccf0455bce2e082c0c4a5851335,CANDIDATE
RACE|2026-07-24|ECHUCA|R3|1600M|2026-07-24T03:45:00+00:00,RCOM_HORSE_5341984,2026-07-24,2026-07-24,ECHUCA,ECHUCA,VIC,AUS,3,The Caledonian Hotel Maiden Plate,1600,TURF,9,2026-07-24T03:45:00+00:00,8,Embodiment,6,57.5,A.Kelly,N.G.Smyth,ACTIVE_ENTRY,ACTIVE,2026-07-23T08:31:21.374064,RACING_COM_GETRACEFORM,15722091,0e4b77d8b3d4d5bcc5ce8f70e9f115e797103317d0541999aeec245a5394eea7,CANDIDATE
RACE|2026-07-24|ECHUCA|R3|1600M|2026-07-24T03:45:00+00:00,RCOM_HORSE_5348942,2026-07-24,2026-07-24,ECHUCA,ECHUCA,VIC,AUS,3,The Caledonian Hotel Maiden Plate,1600,TURF,9,2026-07-24T03:45:00+00:00,9,Misil Beauty,9,57.5,J.Duffy,C.A.Weeding,ACTIVE_ENTRY,ACTIVE,2026-07-23T08:31:21.374064,RACING_COM_GETRACEFORM,15725105,8b94d6c3caae4b96b72f901eeb3eef8e28de4c27e46a69cb577e261aa703f645,CANDIDATE
RACE|2026-07-24|ECHUCA|R4|1400M|2026-07-24T04:20:00+00:00,RCOM_HORSE_5354499,2026-07-24,2026-07-24,ECHUCA,ECHUCA,VIC,AUS,4,Hygain Edge Maiden Plate,1400,TURF,9,2026-07-24T04:20:00+00:00,1,Boulderoo,16,59.5,N.Farley,A.R.Bobbin,ACTIVE_ENTRY,ACTIVE,2026-07-23T08:31:21.374064,RACING_COM_GETRACEFORM,15727743,cd55aa502f10f487cb1827b2d151421ac2187194e0d48939cb029688b5145477,CANDIDATE
RACE|2026-07-24|ECHUCA|R4|1400M|2026-07-24T04:20:00+00:00,RCOM_HORSE_5340890,2026-07-24,2026-07-24,ECHUCA,ECHUCA,VIC,AUS,4,Hygain Edge Maiden Plate,1400,TURF,9,2026-07-24T04:20:00+00:00,2,I'lberidin'shotgun,12,59.5,J.M.Allen,E.L.Church,ACTIVE_ENTRY,ACTIVE,2026-07-23T08:31:21.374064,RACING_COM_GETRACEFORM,15721094,fc543b257d8966b140ad6a779bb1f2bf4e96f28ed1bcff149a530fb630fd1a0c,CANDIDATE
RACE|2026-07-24|ECHUCA|R4|1400M|2026-07-24T04:20:00+00:00,RCOM_HORSE_5321255,2026-07-24,2026-07-24,ECHUCA,ECHUCA,VIC,AUS,4,Hygain Edge Maiden Plate,1400,TURF,9,2026-07-24T04:20:00+00:00,3,Iberian Lynx,13,59.5,A.Kelly,"Michael, John & Wayne Hawkes",ACTIVE_ENTRY,ACTIVE,2026-07-23T08:31:21.374064,RACING_COM_GETRACEFORM,15727356,6e9e4b4e81daad6a359265afa2d79c7952462ee75bcd56a75a4d155e241fdb18,CANDIDATE
RACE|2026-07-24|ECHUCA|R4|1400M|2026-07-24T04:20:00+00:00,RCOM_HORSE_5340534,2026-07-24,2026-07-24,ECHUCA,ECHUCA,VIC,AUS,4,Hygain Edge Maiden Plate,1400,TURF,9,2026-07-24T04:20:00+00:00,4,King Kauffo,11,59.5,W.Gordon,W.B.Brisbourne,ACTIVE_ENTRY,ACTIVE,2026-07-23T08:31:21.374064,RACING_COM_GETRACEFORM,15724735,877cb9d2f522b5477124753c2d937bd53c2a3b29571eaac8ffd1421b059c5fc5,CANDIDATE
RACE|2026-07-24|ECHUCA|R4|1400M|2026-07-24T04:20:00+00:00,RCOM_HORSE_5343573,2026-07-24,2026-07-24,ECHUCA,ECHUCA,VIC,AUS,4,Hygain Edge Maiden Plate,1400,TURF,9,2026-07-24T04:20:00+00:00,5,Lollie's Galore,9,59.5,,Peter G Moody & Katherine Coleman,ACTIVE_ENTRY,ACTIVE,2026-07-23T08:31:21.374064,RACING_COM_GETRACEFORM,15726830,02ea6982e5c484c8d28ecddee84b6e1b3ab69ca785ee35489d16d9c917b1a15f,CANDIDATE
RACE|2026-07-24|ECHUCA|R4|1400M|2026-07-24T04:20:00+00:00,RCOM_HORSE_5345652,2026-07-24,2026-07-24,ECHUCA,ECHUCA,VIC,AUS,4,Hygain Edge Maiden Plate,1400,TURF,9,2026-07-24T04:20:00+00:00,6,Prestige Zerprise,7,59.5,J.Noonan,M.Jenkins,ACTIVE_ENTRY,ACTIVE,2026-07-23T08:31:21.374064,RACING_COM_GETRACEFORM,15720924,6ca9e658a1c0ef4957fc42b583e85230817870e75b34d89859fd741192c27114,CANDIDATE
RACE|2026-07-24|ECHUCA|R4|1400M|2026-07-24T04:20:00+00:00,RCOM_HORSE_5344413,2026-07-24,2026-07-24,ECHUCA,ECHUCA,VIC,AUS,4,Hygain Edge Maiden Plate,1400,TURF,9,2026-07-24T04:20:00+00:00,7,True Beauty,8,59.5,L.N.McNeil,A.Smith,ACTIVE_ENTRY,ACTIVE,2026-07-23T08:31:21.374064,RACING_COM_GETRACEFORM,15725193,2a258e94799822686f13bf3b6bfa099f666def87c9863ba70811b6cb4e5f22dc,CANDIDATE
RACE|2026-07-24|ECHUCA|R4|1400M|2026-07-24T04:20:00+00:00,RCOM_HORSE_5348718,2026-07-24,2026-07-24,ECHUCA,ECHUCA,VIC,AUS,4,Hygain Edge Maiden Plate,1400,TURF,9,2026-07-24T04:20:00+00:00,8,Written Order,1,59.5,J.Duffy,V.T.Nolen,ACTIVE_ENTRY,ACTIVE,2026-07-23T08:31:21.374064,RACING_COM_GETRACEFORM,15715231,7a566abb9cf36f365d23dbbac75aee8a2876f09bdf792a7e0065c128713ba778,CANDIDATE
RACE|2026-07-24|ECHUCA|R4|1400M|2026-07-24T04:20:00+00:00,RCOM_HORSE_5347302,2026-07-24,2026-07-24,ECHUCA,ECHUCA,VIC,AUS,4,Hygain Edge Maiden Plate,1400,TURF,9,2026-07-24T04:20:00+00:00,9,Aurora's Belt,2,57.5,Z.Spain,Peter G Moody & Katherine Coleman,ACTIVE_ENTRY,ACTIVE,2026-07-23T08:31:21.374064,RACING_COM_GETRACEFORM,15726829,8279c8837c1b94e3df95f8472b8d6d4d2ef2e4baa5f4f5c1f97361e0ee87e929,CANDIDATE
RACE|2026-07-24|ECHUCA|R4|1400M|2026-07-24T04:20:00+00:00,RCOM_HORSE_5355405,2026-07-24,2026-07-24,ECHUCA,ECHUCA,VIC,AUS,4,Hygain Edge Maiden Plate,1400,TURF,9,2026-07-24T04:20:00+00:00,10,Azulita,4,57.5,P.M.Moloney,Lee & Shannon Hope,ACTIVE_ENTRY,ACTIVE,2026-07-23T08:31:21.374064,RACING_COM_GETRACEFORM,15724179,4dd1fcec3976d7d042dd1a4a144bd08d8034ded3035eea13ca0828857e601560,CANDIDATE
RACE|2026-07-24|ECHUCA|R4|1400M|2026-07-24T04:20:00+00:00,RCOM_HORSE_5348516,2026-07-24,2026-07-24,ECHUCA,ECHUCA,VIC,AUS,4,Hygain Edge Maiden Plate,1400,TURF,9,2026-07-24T04:20:00+00:00,11,Ernie,10,57.5,,L.J.Sullivan,SCRATCHED_ENTRY,SCRATCHED,2026-07-23T08:31:21.374064,RACING_COM_GETRACEFORM,15725750,0d197b481bd775c960af2d7e5bf6031782c2032db3aacedeb760067d0c9d5d0d,CANDIDATE
RACE|2026-07-24|ECHUCA|R4|1400M|2026-07-24T04:20:00+00:00,RCOM_HORSE_5348430,2026-07-24,2026-07-24,ECHUCA,ECHUCA,VIC,AUS,4,Hygain Edge Maiden Plate,1400,TURF,9,2026-07-24T04:20:00+00:00,12,Valda Warrior,5,57.5,C.A.Taylor,R.G.Symons,ACTIVE_ENTRY,ACTIVE,2026-07-23T08:31:21.374064,RACING_COM_GETRACEFORM,15724693,dc63211adf5274e3253144e5726b397bc4b7e56672197cd8e8899aef5d5d4bf5,CANDIDATE
RACE|2026-07-24|ECHUCA|R4|1400M|2026-07-24T04:20:00+00:00,RCOM_HORSE_5334905,2026-07-24,2026-07-24,ECHUCA,ECHUCA,VIC,AUS,4,Hygain Edge Maiden Plate,1400,TURF,9,2026-07-24T04:20:00+00:00,13,You Said What,3,57.5,L.King,C.Patterson,ACTIVE_ENTRY,ACTIVE,2026-07-23T08:31:21.374064,RACING_COM_GETRACEFORM,15718102,46a7596490981867273b16f78be56f5187af4ea19c0f36822e9688d11da6d9f4,CANDIDATE
RACE|2026-07-24|ECHUCA|R4|1400M|2026-07-24T04:20:00+00:00,RCOM_HORSE_5367642,2026-07-24,2026-07-24,ECHUCA,ECHUCA,VIC,AUS,4,Hygain Edge Maiden Plate,1400,TURF,9,2026-07-24T04:20:00+00:00,14,Aurum Star,15,57,B.McDougall,T.A.Lake,ACTIVE_ENTRY,ACTIVE,2026-07-23T08:31:21.374064,RACING_COM_GETRACEFORM,15726692,b8088ceba5cc28e17ddb67b244e2cf19039f577750eaf22ec53c32a5d63a57bd,CANDIDATE
RACE|2026-07-24|ECHUCA|R4|1400M|2026-07-24T04:20:00+00:00,RCOM_HORSE_5379932,2026-07-24,2026-07-24,ECHUCA,ECHUCA,VIC,AUS,4,Hygain Edge Maiden Plate,1400,TURF,9,2026-07-24T04:20:00+00:00,15,Vanvitelli,14,59.5,J.Mott,"Ben, Will & JD Hayes",ACTIVE_ENTRY,ACTIVE,2026-07-23T08:31:21.374064,RACING_COM_GETRACEFORM,15725586,50dfce73347285ad8fc3317419dd2f138901a2be601dc82f2c79122e75d5d8f2,CANDIDATE
RACE|2026-07-24|ECHUCA|R4|1400M|2026-07-24T04:20:00+00:00,RCOM_HORSE_5332810,2026-07-24,2026-07-24,ECHUCA,ECHUCA,VIC,AUS,4,Hygain Edge Maiden Plate,1400,TURF,9,2026-07-24T04:20:00+00:00,16,Captain Sparrow,6,59.5,B.Rawiller,L.J.Sullivan,ACTIVE_ENTRY,ACTIVE,2026-07-23T08:31:21.374064,RACING_COM_GETRACEFORM,15725749,9ba737643a1b4eacc148d150fd5b54fec4e12abae72bc2fef5f35be005e4e1d7,CANDIDATE
RACE|2026-07-24|ECHUCA|R5|1400M|2026-07-24T04:55:00+00:00,RCOM_HORSE_5333769,2026-07-24,2026-07-24,ECHUCA,ECHUCA,VIC,AUS,5,Northern Hire Group BM56 Handicap,1400,TURF,9,2026-07-24T04:55:00+00:00,1,Forrest Gump,12,62.5,B.A.Button,G.W.Egan,ACTIVE_ENTRY,ACTIVE,2026-07-23T08:31:21.374064,RACING_COM_GETRACEFORM,15718304,a78cd4dc16218e692a5cf58bfe4ff88487cb118158c4ec43eda56309cba6ebea,CANDIDATE
RACE|2026-07-24|ECHUCA|R5|1400M|2026-07-24T04:55:00+00:00,RCOM_HORSE_5340559,2026-07-24,2026-07-24,ECHUCA,ECHUCA,VIC,AUS,5,Northern Hire Group BM56 Handicap,1400,TURF,9,2026-07-24T04:55:00+00:00,2,Prestige Ole,15,62.5,J.Noonan,M.Jenkins,ACTIVE_ENTRY,ACTIVE,2026-07-23T08:31:21.374064,RACING_COM_GETRACEFORM,15720923,ca03998c2c961b0b816871ee50c27d010796e7b003c30bc666ac3e1a008763e4,CANDIDATE
RACE|2026-07-24|ECHUCA|R5|1400M|2026-07-24T04:55:00+00:00,RCOM_HORSE_5331354,2026-07-24,2026-07-24,ECHUCA,ECHUCA,VIC,AUS,5,Northern Hire Group BM56 Handicap,1400,TURF,9,2026-07-24T04:55:00+00:00,3,Aka Daka,4,62,B.Rawiller,V.L.Malady,ACTIVE_ENTRY,ACTIVE,2026-07-23T08:31:21.374064,RACING_COM_GETRACEFORM,15728145,ba5b6204642234013244abe289121cb8fe54e6218249c21fadf0351a9c96b2bf,CANDIDATE
RACE|2026-07-24|ECHUCA|R5|1400M|2026-07-24T04:55:00+00:00,RCOM_HORSE_5333998,2026-07-24,2026-07-24,ECHUCA,ECHUCA,VIC,AUS,5,Northern Hire Group BM56 Handicap,1400,TURF,9,2026-07-24T04:55:00+00:00,4,Cosmic Charger,14,62,J.Mott,"Ben, Will & JD Hayes",ACTIVE_ENTRY,ACTIVE,2026-07-23T08:31:21.374064,RACING_COM_GETRACEFORM,15725592,e116971ac859a3a074dad5c56ac7cd32b1821da64856d1b776eb53bfc099361a,CANDIDATE
RACE|2026-07-24|ECHUCA|R5|1400M|2026-07-24T04:55:00+00:00,RCOM_HORSE_5311700,2026-07-24,2026-07-24,ECHUCA,ECHUCA,VIC,AUS,5,Northern Hire Group BM56 Handicap,1400,TURF,9,2026-07-24T04:55:00+00:00,5,Boulder Jack,5,61.5,D.Dean,D.E.Oliver,ACTIVE_ENTRY,ACTIVE,2026-07-23T08:31:21.374064,RACING_COM_GETRACEFORM,15687609,2e9a92d7a4a7261f6333ce60d6aa74ff302604c1eba58bfe86e8ee9d455dbe1c,CANDIDATE
RACE|2026-07-24|ECHUCA|R5|1400M|2026-07-24T04:55:00+00:00,RCOM_HORSE_5316452,2026-07-24,2026-07-24,ECHUCA,ECHUCA,VIC,AUS,5,Northern Hire Group BM56 Handicap,1400,TURF,9,2026-07-24T04:55:00+00:00,6,Quello Dorato,6,61.5,J.M.Allen,D.T.O'Brien,ACTIVE_ENTRY,ACTIVE,2026-07-23T08:31:21.374064,RACING_COM_GETRACEFORM,15727843,b5621a8713eb6d65781e26dcc3d1bde0ed01248497be4e17e12af97065c4cb27,CANDIDATE
RACE|2026-07-24|ECHUCA|R5|1400M|2026-07-24T04:55:00+00:00,RCOM_HORSE_5330581,2026-07-24,2026-07-24,ECHUCA,ECHUCA,VIC,AUS,5,Northern Hire Group BM56 Handicap,1400,TURF,9,2026-07-24T04:55:00+00:00,7,Square Deal,2,61,A.G.Kennedy,K.L.Southey,ACTIVE_ENTRY,ACTIVE,2026-07-23T08:31:21.374064,RACING_COM_GETRACEFORM,15725415,6063664664f79f041a9da863cb79f3eabd83fdf4a7d6f4dd4b189e23b0bb7a73,CANDIDATE
RACE|2026-07-24|ECHUCA|R5|1400M|2026-07-24T04:55:00+00:00,RCOM_HORSE_5326507,2026-07-24,2026-07-24,ECHUCA,ECHUCA,VIC,AUS,5,Northern Hire Group BM56 Handicap,1400,TURF,9,2026-07-24T04:55:00+00:00,8,Pharoah's Glory,13,60.5,N.Farley,P.Kearney,ACTIVE_ENTRY,ACTIVE,2026-07-23T08:31:21.374064,RACING_COM_GETRACEFORM,15723616,88b10623b8046e0c721c0012ab4831ebc25e6b1917ec23e68df4b5478eced963,CANDIDATE
RACE|2026-07-24|ECHUCA|R5|1400M|2026-07-24T04:55:00+00:00,RCOM_HORSE_5327241,2026-07-24,2026-07-24,ECHUCA,ECHUCA,VIC,AUS,5,Northern Hire Group BM56 Handicap,1400,TURF,9,2026-07-24T04:55:00+00:00,9,Aloysius,3,60,Z.Moore,N.G.Smyth,ACTIVE_ENTRY,ACTIVE,2026-07-23T08:31:21.374064,RACING_COM_GETRACEFORM,15701831,e610cea9e609ad722d00d877089137009f4fdc339eec160be0ac647c97e75d9b,CANDIDATE
RACE|2026-07-24|ECHUCA|R5|1400M|2026-07-24T04:55:00+00:00,RCOM_HORSE_5336973,2026-07-24,2026-07-24,ECHUCA,ECHUCA,VIC,AUS,5,Northern Hire Group BM56 Handicap,1400,TURF,9,2026-07-24T04:55:00+00:00,10,Never A Thought,8,59.5,J.Beriman,C.Scott,ACTIVE_ENTRY,ACTIVE,2026-07-23T08:31:21.374064,RACING_COM_GETRACEFORM,15713902,7776cf755a7659dc48988b41b6a60e6e0d7e4971cb6392cb36992c44a8fbf37e,CANDIDATE
RACE|2026-07-24|ECHUCA|R5|1400M|2026-07-24T04:55:00+00:00,RCOM_HORSE_5329050,2026-07-24,2026-07-24,ECHUCA,ECHUCA,VIC,AUS,5,Northern Hire Group BM56 Handicap,1400,TURF,9,2026-07-24T04:55:00+00:00,11,Captain Barbossa,1,58.5,L.King,John & Chris Ledger,SCRATCHED_ENTRY,SCRATCHED,2026-07-23T08:31:21.374064,RACING_COM_GETRACEFORM,15714160,4827397ee09fcadf16bb0566ed6700b0568ce80fc1ef85b2c8f7fe06c92d9a87,CANDIDATE
RACE|2026-07-24|ECHUCA|R5|1400M|2026-07-24T04:55:00+00:00,RCOM_HORSE_5345581,2026-07-24,2026-07-24,ECHUCA,ECHUCA,VIC,AUS,5,Northern Hire Group BM56 Handicap,1400,TURF,9,2026-07-24T04:55:00+00:00,12,Charlecote Mill,7,58,C.B.Thompson,P.Koumis,ACTIVE_ENTRY,ACTIVE,2026-07-23T08:31:21.374064,RACING_COM_GETRACEFORM,15723538,0e987a6738090733aaff38f35b116b13f07b2d1c075b0ecd7240e30f8e871819,CANDIDATE
RACE|2026-07-24|ECHUCA|R5|1400M|2026-07-24T04:55:00+00:00,RCOM_HORSE_5313443,2026-07-24,2026-07-24,ECHUCA,ECHUCA,VIC,AUS,5,Northern Hire Group BM56 Handicap,1400,TURF,9,2026-07-24T04:55:00+00:00,13,Amore Lunare,9,57,B.McDougall,R.C.Archard,ACTIVE_ENTRY,ACTIVE,2026-07-23T08:31:21.374064,RACING_COM_GETRACEFORM,15716365,3c2338e9d1d6a05c203aeba56ba23c54c356207da77d5498dc132d4b9cb9505b,CANDIDATE
RACE|2026-07-24|ECHUCA|R5|1400M|2026-07-24T04:55:00+00:00,RCOM_HORSE_5290327,2026-07-24,2026-07-24,ECHUCA,ECHUCA,VIC,AUS,5,Northern Hire Group BM56 Handicap,1400,TURF,9,2026-07-24T04:55:00+00:00,14,Everett,16,56,M.A.Salter,M.A.Bell,ACTIVE_ENTRY,ACTIVE,2026-07-23T08:31:21.374064,RACING_COM_GETRACEFORM,15727904,1016bbeb9970c2628cb0ff6ecf203988a0ba411f520d9f7ee5ea22c8f70ac49e,CANDIDATE
RACE|2026-07-24|ECHUCA|R5|1400M|2026-07-24T04:55:00+00:00,RCOM_HORSE_5287216,2026-07-24,2026-07-24,ECHUCA,ECHUCA,VIC,AUS,5,Northern Hire Group BM56 Handicap,1400,TURF,9,2026-07-24T04:55:00+00:00,15,Bow Ribbon,11,58,A.Kelly,D.F.Hill,EMERGENCY_ENTRY,ACTIVE,2026-07-23T08:31:21.374064,RACING_COM_GETRACEFORM,15726201,5b8f0916289fccc55249d00b7e2f6f7c8df9007d37849495fb022cec5297645f,CANDIDATE
RACE|2026-07-24|ECHUCA|R5|1400M|2026-07-24T04:55:00+00:00,RCOM_HORSE_5342544,2026-07-24,2026-07-24,ECHUCA,ECHUCA,VIC,AUS,5,Northern Hire Group BM56 Handicap,1400,TURF,9,2026-07-24T04:55:00+00:00,16,Rydell High,10,54,T.M.Nugent,John & Chris Ledger,EMERGENCY_ENTRY,ACTIVE,2026-07-23T08:31:21.374064,RACING_COM_GETRACEFORM,15714161,807ca8ded3efd88afbc177a4b14da3bd5f62a4c99b2651917c7d51fc655a6dfa,CANDIDATE
RACE|2026-07-24|ECHUCA|R6|1600M|2026-07-24T05:30:00+00:00,RCOM_HORSE_5324004,2026-07-24,2026-07-24,ECHUCA,ECHUCA,VIC,AUS,6,Quest Echuca Serviced Apartments BM62 Handicap,1600,TURF,9,2026-07-24T05:30:00+00:00,1,Ollandia Beach,7,61.5,C.E.Hollowood,I.W.Lister,ACTIVE_ENTRY,ACTIVE,2026-07-23T08:31:21.374064,RACING_COM_GETRACEFORM,15726768,4a360cce1da73127aa3a52b04c3cc5e0fc3a37063194570080af87b7af462bbc,CANDIDATE
RACE|2026-07-24|ECHUCA|R6|1600M|2026-07-24T05:30:00+00:00,RCOM_HORSE_5346437,2026-07-24,2026-07-24,ECHUCA,ECHUCA,VIC,AUS,6,Quest Echuca Serviced Apartments BM62 Handicap,1600,TURF,9,2026-07-24T05:30:00+00:00,2,Kiss My Rock,4,60,W.Gordon,P.Kearney,ACTIVE_ENTRY,ACTIVE,2026-07-23T08:31:21.374064,RACING_COM_GETRACEFORM,15727922,facdb6cbeb76690c887cd409555b060ace768d4ed17770b8e10716fcc67c5c02,CANDIDATE
RACE|2026-07-24|ECHUCA|R6|1600M|2026-07-24T05:30:00+00:00,RCOM_HORSE_5311514,2026-07-24,2026-07-24,ECHUCA,ECHUCA,VIC,AUS,6,Quest Echuca Serviced Apartments BM62 Handicap,1600,TURF,9,2026-07-24T05:30:00+00:00,3,Mickio,1,60,B.Rawiller,M.J.Enright,ACTIVE_ENTRY,ACTIVE,2026-07-23T08:31:21.374064,RACING_COM_GETRACEFORM,15723813,c7528c5de84a8742fc3353b509ff10ba1408a05e1fd7a171357346d6e40c8c58,CANDIDATE
RACE|2026-07-24|ECHUCA|R6|1600M|2026-07-24T05:30:00+00:00,RCOM_HORSE_5344538,2026-07-24,2026-07-24,ECHUCA,ECHUCA,VIC,AUS,6,Quest Echuca Serviced Apartments BM62 Handicap,1600,TURF,9,2026-07-24T05:30:00+00:00,4,Rookery Nook,5,59,J.M.Allen,H.Dwyer,ACTIVE_ENTRY,ACTIVE,2026-07-23T08:31:21.374064,RACING_COM_GETRACEFORM,15727127,e1c6297472decccb448909a90d16a212588f3af335a4dcac3a405e8ace6d4f82,CANDIDATE
RACE|2026-07-24|ECHUCA|R6|1600M|2026-07-24T05:30:00+00:00,RCOM_HORSE_5326056,2026-07-24,2026-07-24,ECHUCA,ECHUCA,VIC,AUS,6,Quest Echuca Serviced Apartments BM62 Handicap,1600,TURF,9,2026-07-24T05:30:00+00:00,5,Tel Aviv,3,58.5,L.King,W.B.Brisbourne,ACTIVE_ENTRY,ACTIVE,2026-07-23T08:31:21.374064,RACING_COM_GETRACEFORM,15724736,e05f02eb6b6cf9126ddd2d9b3e51f49866a5c45d81895b0f45ea33adaec4b4f4,CANDIDATE
RACE|2026-07-24|ECHUCA|R6|1600M|2026-07-24T05:30:00+00:00,RCOM_HORSE_5332809,2026-07-24,2026-07-24,ECHUCA,ECHUCA,VIC,AUS,6,Quest Echuca Serviced Apartments BM62 Handicap,1600,TURF,9,2026-07-24T05:30:00+00:00,6,Pick Wisely,8,58,Z.Spain,A.Alexander,ACTIVE_ENTRY,ACTIVE,2026-07-23T08:31:21.374064,RACING_COM_GETRACEFORM,15725351,64bc5000409da42478860dcae08a0de248c7c3c0ec53d165f0abf30605941af4,CANDIDATE
RACE|2026-07-24|ECHUCA|R6|1600M|2026-07-24T05:30:00+00:00,RCOM_HORSE_5324818,2026-07-24,2026-07-24,ECHUCA,ECHUCA,VIC,AUS,6,Quest Echuca Serviced Apartments BM62 Handicap,1600,TURF,9,2026-07-24T05:30:00+00:00,7,Queen Of Cordoba,2,57,R.J.Hurdle,M.Jones,ACTIVE_ENTRY,ACTIVE,2026-07-23T08:31:21.374064,RACING_COM_GETRACEFORM,15722009,ce2773c4f7264e55e9cc282610c41b008a16d0c182ab31fa25c12cfad441c31f,CANDIDATE
RACE|2026-07-24|ECHUCA|R6|1600M|2026-07-24T05:30:00+00:00,RCOM_HORSE_5323696,2026-07-24,2026-07-24,ECHUCA,ECHUCA,VIC,AUS,6,Quest Echuca Serviced Apartments BM62 Handicap,1600,TURF,9,2026-07-24T05:30:00+00:00,8,Sunshine Jenni,9,57,J.B.Stanley,T.Carberry,ACTIVE_ENTRY,ACTIVE,2026-07-23T08:31:21.374064,RACING_COM_GETRACEFORM,15726676,b60b34f21d93de90b87bc55410ec6d669e034061f66649a297ccb7db0b2ec447,CANDIDATE
RACE|2026-07-24|ECHUCA|R6|1600M|2026-07-24T05:30:00+00:00,RCOM_HORSE_5315290,2026-07-24,2026-07-24,ECHUCA,ECHUCA,VIC,AUS,6,Quest Echuca Serviced Apartments BM62 Handicap,1600,TURF,9,2026-07-24T05:30:00+00:00,9,Azeola,11,56,P.M.Moloney,W.B.Brisbourne,ACTIVE_ENTRY,ACTIVE,2026-07-23T08:31:21.374064,RACING_COM_GETRACEFORM,15724737,c7bbb2f7037253103bd86a264320c702881712c93f9f99f6d28ac66fa5531b90,CANDIDATE
RACE|2026-07-24|ECHUCA|R6|1600M|2026-07-24T05:30:00+00:00,RCOM_HORSE_5330870,2026-07-24,2026-07-24,ECHUCA,ECHUCA,VIC,AUS,6,Quest Echuca Serviced Apartments BM62 Handicap,1600,TURF,9,2026-07-24T05:30:00+00:00,10,Ziggy Starcraft,10,54,B.A.Button,B.S.Stanley,ACTIVE_ENTRY,ACTIVE,2026-07-23T08:31:21.374064,RACING_COM_GETRACEFORM,15717406,4e570967e23c9bdf5473b7f40523acb002c1f2f66fc1542e3acd6f85d3d287b5,CANDIDATE
RACE|2026-07-24|ECHUCA|R6|1600M|2026-07-24T05:30:00+00:00,RCOM_HORSE_5290018,2026-07-24,2026-07-24,ECHUCA,ECHUCA,VIC,AUS,6,Quest Echuca Serviced Apartments BM62 Handicap,1600,TURF,9,2026-07-24T05:30:00+00:00,11,Dashing Donkey,6,54,T.M.Nugent,O.M.Osborne,EMERGENCY_ENTRY,ACTIVE,2026-07-23T08:31:21.374064,RACING_COM_GETRACEFORM,15726444,54acc9100b080ec952b447814bea3f117765c427fe3f350d3301557c629eac72,CANDIDATE
RACE|2026-07-24|ECHUCA|R7|1000M|2026-07-24T06:10:00+00:00,RCOM_HORSE_5282705,2026-07-24,2026-07-24,ECHUCA,ECHUCA,VIC,AUS,7,Think Water Echuca BM56 Handicap,1000,TURF,9,2026-07-24T06:10:00+00:00,1,Per Ivy,5,62,S.R.Hateley,C.Scott,ACTIVE_ENTRY,ACTIVE,2026-07-23T08:31:21.374064,RACING_COM_GETRACEFORM,15713901,ef623378959fd01bc67a686fa0c78bf66749cb9734207604219a6534d1fdedfd,CANDIDATE
RACE|2026-07-24|ECHUCA|R7|1000M|2026-07-24T06:10:00+00:00,RCOM_HORSE_5333279,2026-07-24,2026-07-24,ECHUCA,ECHUCA,VIC,AUS,7,Think Water Echuca BM56 Handicap,1000,TURF,9,2026-07-24T06:10:00+00:00,2,Gina's A Star,7,60.5,Z.Moore,M.Freedman,ACTIVE_ENTRY,ACTIVE,2026-07-23T08:31:21.374064,RACING_COM_GETRACEFORM,15728104,9a6f14f68e625d60a730bf3d8b6e46a715c325c1482c4b4ff942afb61cd879ba,CANDIDATE
RACE|2026-07-24|ECHUCA|R7|1000M|2026-07-24T06:10:00+00:00,RCOM_HORSE_5327328,2026-07-24,2026-07-24,ECHUCA,ECHUCA,VIC,AUS,7,Think Water Echuca BM56 Handicap,1000,TURF,9,2026-07-24T06:10:00+00:00,3,Dismantle,1,60,W.Gordon,M.W.Walker,ACTIVE_ENTRY,ACTIVE,2026-07-23T08:31:21.374064,RACING_COM_GETRACEFORM,15720925,5f0bbeb368f562d665163ca38e3daa7c30a7564f6ef73f994987e2db01056870,CANDIDATE
RACE|2026-07-24|ECHUCA|R7|1000M|2026-07-24T06:10:00+00:00,RCOM_HORSE_5323035,2026-07-24,2026-07-24,ECHUCA,ECHUCA,VIC,AUS,7,Think Water Echuca BM56 Handicap,1000,TURF,9,2026-07-24T06:10:00+00:00,4,Lack Of Restraint,3,59,B.A.Button,R.L.Hoysted,ACTIVE_ENTRY,ACTIVE,2026-07-23T08:31:21.374064,RACING_COM_GETRACEFORM,15726921,ae74bbe5a7f147fc43c6cabf95b70b8ffdf33e4c1d23e5a514090b3e628c32df,CANDIDATE
RACE|2026-07-24|ECHUCA|R7|1000M|2026-07-24T06:10:00+00:00,RCOM_HORSE_5293267,2026-07-24,2026-07-24,ECHUCA,ECHUCA,VIC,AUS,7,Think Water Echuca BM56 Handicap,1000,TURF,9,2026-07-24T06:10:00+00:00,5,Mutsuhito,6,59,R.L.Hammond,G.M.Johnstone,ACTIVE_ENTRY,ACTIVE,2026-07-23T08:31:21.374064,RACING_COM_GETRACEFORM,15728180,d4a6896c17ed795ef4ed0e505852c9f4516de24e00f7c995566197126925516c,CANDIDATE
RACE|2026-07-24|ECHUCA|R7|1000M|2026-07-24T06:10:00+00:00,RCOM_HORSE_5305577,2026-07-24,2026-07-24,ECHUCA,ECHUCA,VIC,AUS,7,Think Water Echuca BM56 Handicap,1000,TURF,9,2026-07-24T06:10:00+00:00,6,Needawinna,9,58.5,E.Bent,C.D.Widdison,ACTIVE_ENTRY,ACTIVE,2026-07-23T08:31:21.374064,RACING_COM_GETRACEFORM,15724759,a40d47b7bc6c479b4e7cec8b11b1447ba215bd0dc7a48d4b124793c1f7bc67f1,CANDIDATE
RACE|2026-07-24|ECHUCA|R7|1000M|2026-07-24T06:10:00+00:00,RCOM_HORSE_5041024,2026-07-24,2026-07-24,ECHUCA,ECHUCA,VIC,AUS,7,Think Water Echuca BM56 Handicap,1000,TURF,9,2026-07-24T06:10:00+00:00,7,Raging Monkey,11,57.5,C.Puls,L.E.Robertson,ACTIVE_ENTRY,ACTIVE,2026-07-23T08:31:21.374064,RACING_COM_GETRACEFORM,15717682,ccb369c4e2e7edfbe959940ba4f3555c215b2c6ae7203d3b6d39c3dae4c49e5a,CANDIDATE
RACE|2026-07-24|ECHUCA|R7|1000M|2026-07-24T06:10:00+00:00,RCOM_HORSE_5309341,2026-07-24,2026-07-24,ECHUCA,ECHUCA,VIC,AUS,7,Think Water Echuca BM56 Handicap,1000,TURF,9,2026-07-24T06:10:00+00:00,8,Redemption Time,2,56,N.Farley,M.J.Sell,ACTIVE_ENTRY,ACTIVE,2026-07-23T08:31:21.374064,RACING_COM_GETRACEFORM,15726632,7f3eab545aa5a13270776f79ed55e138d59be037cb6ebd7530f780aa7f76fd38,CANDIDATE
RACE|2026-07-24|ECHUCA|R7|1000M|2026-07-24T06:10:00+00:00,RCOM_HORSE_5269524,2026-07-24,2026-07-24,ECHUCA,ECHUCA,VIC,AUS,7,Think Water Echuca BM56 Handicap,1000,TURF,9,2026-07-24T06:10:00+00:00,9,Wind Dreamer,8,54,J.B.Stanley,J.R.Keane,ACTIVE_ENTRY,ACTIVE,2026-07-23T08:31:21.374064,RACING_COM_GETRACEFORM,15721359,cd6c11eac4bece6456d8a82f7b5e939117470323231f0a505ddd28e7e54a9110,CANDIDATE
RACE|2026-07-24|ECHUCA|R7|1000M|2026-07-24T06:10:00+00:00,RCOM_HORSE_5305645,2026-07-24,2026-07-24,ECHUCA,ECHUCA,VIC,AUS,7,Think Water Echuca BM56 Handicap,1000,TURF,9,2026-07-24T06:10:00+00:00,10,College Dropout,10,54,S.J.Noble,S.G.Noble,ACTIVE_ENTRY,ACTIVE,2026-07-23T08:31:21.374064,RACING_COM_GETRACEFORM,15724509,039f0ed652df5af1fbba0fe6fee55c49c5fc1769cdc41a5e4dbb6128157d5167,CANDIDATE
RACE|2026-07-24|ECHUCA|R7|1000M|2026-07-24T06:10:00+00:00,RCOM_HORSE_5331059,2026-07-24,2026-07-24,ECHUCA,ECHUCA,VIC,AUS,7,Think Water Echuca BM56 Handicap,1000,TURF,9,2026-07-24T06:10:00+00:00,11,Deep Joy,4,54,C.J.Hill,L.J.Hunter,ACTIVE_ENTRY,ACTIVE,2026-07-23T08:31:21.374064,RACING_COM_GETRACEFORM,15714004,963fa9fd1728bd52d1c5bd56ddc56afbb2f56cc95a42dc7fc745d7e0cff27f76,CANDIDATE
RACE|2026-07-24|ECHUCA|R8|1200M|2026-07-24T06:50:00+00:00,RCOM_HORSE_5291437,2026-07-24,2026-07-24,ECHUCA,ECHUCA,VIC,AUS,8,bet365 Bet Boost BM56 Handicap,1200,TURF,9,2026-07-24T06:50:00+00:00,1,Powerbound,5,65.5,N.Farley,P.Kearney,ACTIVE_ENTRY,ACTIVE,2026-07-23T08:31:21.374064,RACING_COM_GETRACEFORM,15726321,97695d9efde6d2c1def44ac7d11fc777229e309779cd398bab385882af40030f,CANDIDATE
RACE|2026-07-24|ECHUCA|R8|1200M|2026-07-24T06:50:00+00:00,RCOM_HORSE_5291851,2026-07-24,2026-07-24,ECHUCA,ECHUCA,VIC,AUS,8,bet365 Bet Boost BM56 Handicap,1200,TURF,9,2026-07-24T06:50:00+00:00,2,Tapo,11,64.5,C.B.Thompson,G.M.Johnstone,ACTIVE_ENTRY,ACTIVE,2026-07-23T08:31:21.374064,RACING_COM_GETRACEFORM,15724145,39eb05a739d85f8d6ec5b4bc6ccee13747d2a578e369f6a28b1690340ca5c20e,CANDIDATE
RACE|2026-07-24|ECHUCA|R8|1200M|2026-07-24T06:50:00+00:00,RCOM_HORSE_5299312,2026-07-24,2026-07-24,ECHUCA,ECHUCA,VIC,AUS,8,bet365 Bet Boost BM56 Handicap,1200,TURF,9,2026-07-24T06:50:00+00:00,3,Sub Gauge,3,64,S.R.Hateley,David & Coral Feek,ACTIVE_ENTRY,ACTIVE,2026-07-23T08:31:21.374064,RACING_COM_GETRACEFORM,15723748,0adbcf29581ed18a76eae06158d46f6c2d8adeedf0f8e12a0e72cc932a10e172,CANDIDATE
RACE|2026-07-24|ECHUCA|R8|1200M|2026-07-24T06:50:00+00:00,RCOM_HORSE_5328114,2026-07-24,2026-07-24,ECHUCA,ECHUCA,VIC,AUS,8,bet365 Bet Boost BM56 Handicap,1200,TURF,9,2026-07-24T06:50:00+00:00,4,Bark,7,62.5,J.M.Smith,N.J.Dyer,ACTIVE_ENTRY,ACTIVE,2026-07-23T08:31:21.374064,RACING_COM_GETRACEFORM,15724975,7dcb4c57a4cdb15d961983600f95ba1826040997d99ff64e58f2b5c8037a5b1a,CANDIDATE
RACE|2026-07-24|ECHUCA|R8|1200M|2026-07-24T06:50:00+00:00,RCOM_HORSE_5324989,2026-07-24,2026-07-24,ECHUCA,ECHUCA,VIC,AUS,8,bet365 Bet Boost BM56 Handicap,1200,TURF,9,2026-07-24T06:50:00+00:00,5,Colt Forty Five,15,62,D.Yendall,J.W.Edwards,ACTIVE_ENTRY,ACTIVE,2026-07-23T08:31:21.374064,RACING_COM_GETRACEFORM,15724062,01766049319a2d099811dd02072e26fd7722554291a379c12068fdacce527247,CANDIDATE
RACE|2026-07-24|ECHUCA|R8|1200M|2026-07-24T06:50:00+00:00,RCOM_HORSE_5342299,2026-07-24,2026-07-24,ECHUCA,ECHUCA,VIC,AUS,8,bet365 Bet Boost BM56 Handicap,1200,TURF,9,2026-07-24T06:50:00+00:00,6,Shelly's Legacy,2,62,B.A.Button,John & Chris Ledger,ACTIVE_ENTRY,ACTIVE,2026-07-23T08:31:21.374064,RACING_COM_GETRACEFORM,15714159,f0d626a5160e456ecc749faf5332141bb8d2d0173b9d9e89234fae9d5ed781e4,CANDIDATE
RACE|2026-07-24|ECHUCA|R8|1200M|2026-07-24T06:50:00+00:00,RCOM_HORSE_5324742,2026-07-24,2026-07-24,ECHUCA,ECHUCA,VIC,AUS,8,bet365 Bet Boost BM56 Handicap,1200,TURF,9,2026-07-24T06:50:00+00:00,7,Triple Triple,8,62,Z.Moore,N.G.Smyth,ACTIVE_ENTRY,ACTIVE,2026-07-23T08:31:21.374064,RACING_COM_GETRACEFORM,15722092,d47d1b793f80e243b3b446af8444d97bb4acbf5afa732d70cd48f809bb9f57ae,CANDIDATE
RACE|2026-07-24|ECHUCA|R8|1200M|2026-07-24T06:50:00+00:00,RCOM_HORSE_5330442,2026-07-24,2026-07-24,ECHUCA,ECHUCA,VIC,AUS,8,bet365 Bet Boost BM56 Handicap,1200,TURF,9,2026-07-24T06:50:00+00:00,8,Blondie's Toronado,19,61.5,J.Beriman,Shane Nichols & Hayden Black,ACTIVE_ENTRY,ACTIVE,2026-07-23T08:31:21.374064,RACING_COM_GETRACEFORM,15724263,56d572f561ba9200b8a70ff75bd809f306eac809bb8f9f828ee0be24672622da,CANDIDATE
RACE|2026-07-24|ECHUCA|R8|1200M|2026-07-24T06:50:00+00:00,RCOM_HORSE_5304809,2026-07-24,2026-07-24,ECHUCA,ECHUCA,VIC,AUS,8,bet365 Bet Boost BM56 Handicap,1200,TURF,9,2026-07-24T06:50:00+00:00,9,Royal Infantry,17,61.5,W.Gordon,P.Kearney,ACTIVE_ENTRY,ACTIVE,2026-07-23T08:31:21.374064,RACING_COM_GETRACEFORM,15723225,3360d7fcc12d3fbe844040f8bd6e4639ea948551a2ea49a12a02183f7ae97377,CANDIDATE
RACE|2026-07-24|ECHUCA|R8|1200M|2026-07-24T06:50:00+00:00,RCOM_HORSE_5349505,2026-07-24,2026-07-24,ECHUCA,ECHUCA,VIC,AUS,8,bet365 Bet Boost BM56 Handicap,1200,TURF,9,2026-07-24T06:50:00+00:00,10,Celestial Zara,20,61,J.Mott,J.R.McArdle,ACTIVE_ENTRY,ACTIVE,2026-07-23T08:31:21.374064,RACING_COM_GETRACEFORM,15722372,6f0777fb74b099898f1d05239ec8c8c945c444b6f896c8424823625583046320,CANDIDATE
RACE|2026-07-24|ECHUCA|R8|1200M|2026-07-24T06:50:00+00:00,RCOM_HORSE_5348376,2026-07-24,2026-07-24,ECHUCA,ECHUCA,VIC,AUS,8,bet365 Bet Boost BM56 Handicap,1200,TURF,9,2026-07-24T06:50:00+00:00,11,Sweatband,9,61,J.M.Allen,B.S.Stanley,ACTIVE_ENTRY,ACTIVE,2026-07-23T08:31:21.374064,RACING_COM_GETRACEFORM,15717403,5d4d48318b7775cf2784ca0a8500729b704586c457c175112cd717c6bd48245a,CANDIDATE
RACE|2026-07-24|ECHUCA|R8|1200M|2026-07-24T06:50:00+00:00,RCOM_HORSE_5306061,2026-07-24,2026-07-24,ECHUCA,ECHUCA,VIC,AUS,8,bet365 Bet Boost BM56 Handicap,1200,TURF,9,2026-07-24T06:50:00+00:00,12,Stellar Mofeed,14,60.5,T.M.Nugent,Leon & Troy Corstens & Will Larkin,ACTIVE_ENTRY,ACTIVE,2026-07-23T08:31:21.374064,RACING_COM_GETRACEFORM,15722057,b091df4ce457c24f33306359171acbc0b203f53800d77c1669413600284509db,CANDIDATE
RACE|2026-07-24|ECHUCA|R8|1200M|2026-07-24T06:50:00+00:00,RCOM_HORSE_5343728,2026-07-24,2026-07-24,ECHUCA,ECHUCA,VIC,AUS,8,bet365 Bet Boost BM56 Handicap,1200,TURF,9,2026-07-24T06:50:00+00:00,13,Prevention,4,59.5,P.M.Moloney,R.D.Griffiths,ACTIVE_ENTRY,ACTIVE,2026-07-23T08:31:21.374064,RACING_COM_GETRACEFORM,15727615,59d521561cb8178dc2cd8579f8510198d07aa1f77b119ca8aeffd0068b392486,CANDIDATE
RACE|2026-07-24|ECHUCA|R8|1200M|2026-07-24T06:50:00+00:00,RCOM_HORSE_5321441,2026-07-24,2026-07-24,ECHUCA,ECHUCA,VIC,AUS,8,bet365 Bet Boost BM56 Handicap,1200,TURF,9,2026-07-24T06:50:00+00:00,14,Reasonable Point,18,59,L.King,W.B.Brisbourne,ACTIVE_ENTRY,ACTIVE,2026-07-23T08:31:21.374064,RACING_COM_GETRACEFORM,15724741,3315ade875401860e7251c2f1b49c0aa89edab2a50ed12e4a0adb7569b647292,CANDIDATE
RACE|2026-07-24|ECHUCA|R8|1200M|2026-07-24T06:50:00+00:00,RCOM_HORSE_5329196,2026-07-24,2026-07-24,ECHUCA,ECHUCA,VIC,AUS,8,bet365 Bet Boost BM56 Handicap,1200,TURF,9,2026-07-24T06:50:00+00:00,15,Friendzoned,10,59,Z.Spain,J.Warren,EMERGENCY_ENTRY,ACTIVE,2026-07-23T08:31:21.374064,RACING_COM_GETRACEFORM,15725216,7858a43afbd3f6191e6bc875f4b6201b52eb48775b4cedd82e10d5db26dd0a24,CANDIDATE
RACE|2026-07-24|ECHUCA|R8|1200M|2026-07-24T06:50:00+00:00,RCOM_HORSE_5331598,2026-07-24,2026-07-24,ECHUCA,ECHUCA,VIC,AUS,8,bet365 Bet Boost BM56 Handicap,1200,TURF,9,2026-07-24T06:50:00+00:00,16,Toyz In Zouland,6,58.5,C.A.Taylor,C.D.Widdison,EMERGENCY_ENTRY,ACTIVE,2026-07-23T08:31:21.374064,RACING_COM_GETRACEFORM,15724761,bd6fb57eb1c4e7b728ebacf5c3e19286d91f453fc7f9b31fb2913adcd3045cbf,CANDIDATE
RACE|2026-07-24|ECHUCA|R8|1200M|2026-07-24T06:50:00+00:00,RCOM_HORSE_5317176,2026-07-24,2026-07-24,ECHUCA,ECHUCA,VIC,AUS,8,bet365 Bet Boost BM56 Handicap,1200,TURF,9,2026-07-24T06:50:00+00:00,17,Tomanado,13,59,R.J.Hurdle,D.Dwyer,EMERGENCY_ENTRY,ACTIVE,2026-07-23T08:31:21.374064,RACING_COM_GETRACEFORM,15722769,537477ed6d668b5f0296bf1906d9b4e3feb0fcb7f424f30b3e2fbdb2a5dacd53,CANDIDATE
RACE|2026-07-24|ECHUCA|R8|1200M|2026-07-24T06:50:00+00:00,RCOM_HORSE_5268993,2026-07-24,2026-07-24,ECHUCA,ECHUCA,VIC,AUS,8,bet365 Bet Boost BM56 Handicap,1200,TURF,9,2026-07-24T06:50:00+00:00,18,Kentahten,16,58.5,,V.M.Madigan,EMERGENCY_ENTRY,ACTIVE,2026-07-23T08:31:21.374064,RACING_COM_GETRACEFORM,15719998,d225097e651f3b68ec749d5c93cf1e4ed55c7763caf66a9484ba11f152466972,CANDIDATE
RACE|2026-07-24|ECHUCA|R8|1200M|2026-07-24T06:50:00+00:00,RCOM_HORSE_5245551,2026-07-24,2026-07-24,ECHUCA,ECHUCA,VIC,AUS,8,bet365 Bet Boost BM56 Handicap,1200,TURF,9,2026-07-24T06:50:00+00:00,19,Danerich Dan,12,57.5,,R.Besanko,EMERGENCY_ENTRY,ACTIVE,2026-07-23T08:31:21.374064,RACING_COM_GETRACEFORM,15725579,5edbac82542c109879c56a28ac9ff3fffddd8f4c32f0c48ce93794af2a1eb37b,CANDIDATE
RACE|2026-07-24|ECHUCA|R8|1200M|2026-07-24T06:50:00+00:00,RCOM_HORSE_5263352,2026-07-24,2026-07-24,ECHUCA,ECHUCA,VIC,AUS,8,bet365 Bet Boost BM56 Handicap,1200,TURF,9,2026-07-24T06:50:00+00:00,20,Ellmaknifico,1,55.5,N.Punch,B.McGrath,EMERGENCY_ENTRY,ACTIVE,2026-07-23T08:31:21.374064,RACING_COM_GETRACEFORM,15724746,4dfaa96a73d5136305ce9a43f61d4c4ee4b41da1fc2ff1b582a7ebc9c92ca062,CANDIDATE
RACE|2026-07-25|CAULFIELD|R1|1200M|2026-07-25T02:10:00+00:00,RCOM_HORSE_5307187,2026-07-25,2026-07-25,CAULFIELD,CAULFIELD,VIC,AUS,1,Sportsbet Fixed Odds Exotics Handicap,1200,TURF,6,2026-07-25T02:10:00+00:00,1,Takeko,4,62,R.K.Houston,G.M.Begg,ACTIVE_ENTRY,ACTIVE,2026-07-23T08:31:21.374064,RACING_COM_GETRACEFORM,15724436,152c682b15924888ae96d296be9654ec45a7c9e798ce2df3e202695667456d6e,CANDIDATE
RACE|2026-07-25|CAULFIELD|R1|1200M|2026-07-25T02:10:00+00:00,RCOM_HORSE_5324511,2026-07-25,2026-07-25,CAULFIELD,CAULFIELD,VIC,AUS,1,Sportsbet Fixed Odds Exotics Handicap,1200,TURF,6,2026-07-25T02:10:00+00:00,2,Glasgow Lass,8,61,R.L.Hammond,M.Laurie,ACTIVE_ENTRY,ACTIVE,2026-07-23T08:31:21.374064,RACING_COM_GETRACEFORM,15720663,bf92d867b5239977f0a1c82795f7eb6c25ff4b6402aea8d8d1d3ad29e8bdeb82,CANDIDATE
RACE|2026-07-25|CAULFIELD|R1|1200M|2026-07-25T02:10:00+00:00,RCOM_HORSE_5341390,2026-07-25,2026-07-25,CAULFIELD,CAULFIELD,VIC,AUS,1,Sportsbet Fixed Odds Exotics Handicap,1200,TURF,6,2026-07-25T02:10:00+00:00,3,Custom,7,59.5,J.A.Johnstone,C.Maher,ACTIVE_ENTRY,ACTIVE,2026-07-23T08:31:21.374064,RACING_COM_GETRACEFORM,15719682,7afe6f8e7e3c61866951fe95e955d91a6e22350f52fbb7a00aab78c6b26107b7,CANDIDATE
RACE|2026-07-25|CAULFIELD|R1|1200M|2026-07-25T02:10:00+00:00,RCOM_HORSE_5305680,2026-07-25,2026-07-25,CAULFIELD,CAULFIELD,VIC,AUS,1,Sportsbet Fixed Odds Exotics Handicap,1200,TURF,6,2026-07-25T02:10:00+00:00,4,Divine Thoughts,6,59.5,L.Nolen,N.G.Smyth,ACTIVE_ENTRY,ACTIVE,2026-07-23T08:31:21.374064,RACING_COM_GETRACEFORM,15701219,2b1be910f4807642f65895a1999b3d8580fd9ed0efa4149408e2bb1f73d994d0,CANDIDATE
RACE|2026-07-25|CAULFIELD|R1|1200M|2026-07-25T02:10:00+00:00,RCOM_HORSE_5350996,2026-07-25,2026-07-25,CAULFIELD,CAULFIELD,VIC,AUS,1,Sportsbet Fixed Odds Exotics Handicap,1200,TURF,6,2026-07-25T02:10:00+00:00,5,Recuperato,2,59.5,L.J.Neindorf,P.Gelagotis,ACTIVE_ENTRY,ACTIVE,2026-07-23T08:31:21.374064,RACING_COM_GETRACEFORM,15726572,252fd3ec9533f18ff9566073203aafeb617e2fe0b761eea553595bb91e0c6edc,CANDIDATE
RACE|2026-07-25|CAULFIELD|R1|1200M|2026-07-25T02:10:00+00:00,RCOM_HORSE_5334975,2026-07-25,2026-07-25,CAULFIELD,CAULFIELD,VIC,AUS,1,Sportsbet Fixed Odds Exotics Handicap,1200,TURF,6,2026-07-25T02:10:00+00:00,6,Royal Lass,3,59.5,D.Keane,Lee & Shannon Hope,ACTIVE_ENTRY,ACTIVE,2026-07-23T08:31:21.374064,RACING_COM_GETRACEFORM,15724180,28fedd49751733f68b3a64a1714defa50560beed2a3a73f4264485d5b37f5a8b,CANDIDATE
RACE|2026-07-25|CAULFIELD|R1|1200M|2026-07-25T02:10:00+00:00,RCOM_HORSE_5345772,2026-07-25,2026-07-25,CAULFIELD,CAULFIELD,VIC,AUS,1,Sportsbet Fixed Odds Exotics Handicap,1200,TURF,6,2026-07-25T02:10:00+00:00,7,Mystery 'N' Drama,10,59,L.K.Cartwright,Peter G Moody & Katherine Coleman,ACTIVE_ENTRY,ACTIVE,2026-07-23T08:31:21.374064,RACING_COM_GETRACEFORM,15726848,54a03866346746647c1d8580e46cf1fda90a0d2c939c876394d900abeebe6a35,CANDIDATE
RACE|2026-07-25|CAULFIELD|R1|1200M|2026-07-25T02:10:00+00:00,RCOM_HORSE_5323787,2026-07-25,2026-07-25,CAULFIELD,CAULFIELD,VIC,AUS,1,Sportsbet Fixed Odds Exotics Handicap,1200,TURF,6,2026-07-25T02:10:00+00:00,8,Sun Setting,5,58,C.Williams,M.Laurie,ACTIVE_ENTRY,ACTIVE,2026-07-23T08:31:21.374064,RACING_COM_GETRACEFORM,15720688,15fb7d144ebcfa6c698eb13f3ebb13fc9f3ba6db40fda26433beb1f788f0976b,CANDIDATE
RACE|2026-07-25|CAULFIELD|R1|1200M|2026-07-25T02:10:00+00:00,RCOM_HORSE_5333591,2026-07-25,2026-07-25,CAULFIELD,CAULFIELD,VIC,AUS,1,Sportsbet Fixed Odds Exotics Handicap,1200,TURF,6,2026-07-25T02:10:00+00:00,9,Vain Champagne,9,58,D.Bates,N.R.Ryan,ACTIVE_ENTRY,ACTIVE,2026-07-23T08:31:21.374064,RACING_COM_GETRACEFORM,15723982,08f2f60c99101937e199e3b0655a7829a439b1d12b27ed464b1f06deb2f1b247,CANDIDATE
RACE|2026-07-25|CAULFIELD|R1|1200M|2026-07-25T02:10:00+00:00,RCOM_HORSE_5306215,2026-07-25,2026-07-25,CAULFIELD,CAULFIELD,VIC,AUS,1,Sportsbet Fixed Odds Exotics Handicap,1200,TURF,6,2026-07-25T02:10:00+00:00,10,Happy Link,1,56.5,J.McNeil,G.Eurell,ACTIVE_ENTRY,ACTIVE,2026-07-23T08:31:21.374064,RACING_COM_GETRACEFORM,15726548,69098e05f8bddb97e1a7725138486104beeb70e75c585d6da67d3729f295fed7,CANDIDATE
RACE|2026-07-25|CAULFIELD|R2|1100M|2026-07-25T02:45:00+00:00,RCOM_HORSE_5360092,2026-07-25,2026-07-25,CAULFIELD,CAULFIELD,VIC,AUS,2,Stow Robotics Handicap,1100,TURF,6,2026-07-25T02:45:00+00:00,1,Ghana's Akan,11,59,J.A.Johnstone,C.Maher,ACTIVE_ENTRY,ACTIVE,2026-07-23T08:31:21.374064,RACING_COM_GETRACEFORM,15719663,79643d875116b35de95bb36c7b3afae7365db58fd2692f29dfcf551cda785b43,CANDIDATE
RACE|2026-07-25|CAULFIELD|R2|1100M|2026-07-25T02:45:00+00:00,RCOM_HORSE_5365269,2026-07-25,2026-07-25,CAULFIELD,CAULFIELD,VIC,AUS,2,Stow Robotics Handicap,1100,TURF,6,2026-07-25T02:45:00+00:00,2,Milsons Point,10,58,T.Stockdale,C.Maher,ACTIVE_ENTRY,ACTIVE,2026-07-23T08:31:21.374064,RACING_COM_GETRACEFORM,15719664,6a9c1a643d2043f2db2b7c2d62aaeb9b1b08caf5ef2c0dfee8dce3cbf9dbe40e,CANDIDATE
RACE|2026-07-25|CAULFIELD|R2|1100M|2026-07-25T02:45:00+00:00,RCOM_HORSE_5377061,2026-07-25,2026-07-25,CAULFIELD,CAULFIELD,VIC,AUS,2,Stow Robotics Handicap,1100,TURF,6,2026-07-25T02:45:00+00:00,3,Torture,4,58,J.Mott,"Ben, Will & JD Hayes",ACTIVE_ENTRY,ACTIVE,2026-07-23T08:31:21.374064,RACING_COM_GETRACEFORM,15725599,7479bc8fe77e2502b7c2399856e5c47a83b077f25fb3fef306116b9bb1d4d833,CANDIDATE
RACE|2026-07-25|CAULFIELD|R2|1100M|2026-07-25T02:45:00+00:00,RCOM_HORSE_5374949,2026-07-25,2026-07-25,CAULFIELD,CAULFIELD,VIC,AUS,2,Stow Robotics Handicap,1100,TURF,6,2026-07-25T02:45:00+00:00,4,Rebel Tuesday,2,57,L.J.Neindorf,P.J.Stokes,ACTIVE_ENTRY,ACTIVE,2026-07-23T08:31:21.374064,RACING_COM_GETRACEFORM,15713639,7ad0b2555e477906ee0e0896d1f27963bdbc6bc506baa026aa2e55f47cc3fde4,CANDIDATE
RACE|2026-07-25|CAULFIELD|R2|1100M|2026-07-25T02:45:00+00:00,RCOM_HORSE_5375515,2026-07-25,2026-07-25,CAULFIELD,CAULFIELD,VIC,AUS,2,Stow Robotics Handicap,1100,TURF,6,2026-07-25T02:45:00+00:00,5,Brazen Dechambeau,7,55,J.Childs,Mick Price & Michael Kent (Jnr),ACTIVE_ENTRY,ACTIVE,2026-07-23T08:31:21.374064,RACING_COM_GETRACEFORM,15721497,2aecb2c0a97de6df01bb3bf144587d25ebaf50bdb6a0c2f6fcd3adca583ba113,CANDIDATE
RACE|2026-07-25|CAULFIELD|R2|1100M|2026-07-25T02:45:00+00:00,RCOM_HORSE_5363723,2026-07-25,2026-07-25,CAULFIELD,CAULFIELD,VIC,AUS,2,Stow Robotics Handicap,1100,TURF,6,2026-07-25T02:45:00+00:00,6,Stakes,8,55,J.McNeil,"Ben, Will & JD Hayes",ACTIVE_ENTRY,ACTIVE,2026-07-23T08:31:21.374064,RACING_COM_GETRACEFORM,15725598,62e9f06b93e639278820be3eb7f6600b18904c0e553fb5c651af0f077c68181e,CANDIDATE
RACE|2026-07-25|CAULFIELD|R2|1100M|2026-07-25T02:45:00+00:00,RCOM_HORSE_5367954,2026-07-25,2026-07-25,CAULFIELD,CAULFIELD,VIC,AUS,2,Stow Robotics Handicap,1100,TURF,6,2026-07-25T02:45:00+00:00,7,Jacaranda,12,54,M.J.Dee,"Ben, Will & JD Hayes",ACTIVE_ENTRY,ACTIVE,2026-07-23T08:31:21.374064,RACING_COM_GETRACEFORM,15725600,f8240289ab28010bef928281d28c330e0b884d2b63aae027772afd033be57b71,CANDIDATE
RACE|2026-07-25|CAULFIELD|R2|1100M|2026-07-25T02:45:00+00:00,RCOM_HORSE_5363346,2026-07-25,2026-07-25,CAULFIELD,CAULFIELD,VIC,AUS,2,Stow Robotics Handicap,1100,TURF,6,2026-07-25T02:45:00+00:00,8,Resolutely,5,54,C.Williams,"Ben, Will & JD Hayes",ACTIVE_ENTRY,ACTIVE,2026-07-23T08:31:21.374064,RACING_COM_GETRACEFORM,15725597,9f965566c69ea9ec1d6b908a00f4a026702fbf0784d7d56cb10158f756e259c5,CANDIDATE
RACE|2026-07-25|CAULFIELD|R2|1100M|2026-07-25T02:45:00+00:00,RCOM_HORSE_5363965,2026-07-25,2026-07-25,CAULFIELD,CAULFIELD,VIC,AUS,2,Stow Robotics Handicap,1100,TURF,6,2026-07-25T02:45:00+00:00,9,Orchid Sky,1,54,R.K.Houston,P.Kearney,ACTIVE_ENTRY,ACTIVE,2026-07-23T08:31:21.374064,RACING_COM_GETRACEFORM,15723232,3c0f8a1919de64c7d618cfb8be3c0a5cbf513764ff9207ee10b8d260cf4af191,CANDIDATE
RACE|2026-07-25|CAULFIELD|R2|1100M|2026-07-25T02:45:00+00:00,RCOM_HORSE_5364962,2026-07-25,2026-07-25,CAULFIELD,CAULFIELD,VIC,AUS,2,Stow Robotics Handicap,1100,TURF,6,2026-07-25T02:45:00+00:00,10,Brazen Panda,9,54,T.M.Nugent,T.Dabernig,ACTIVE_ENTRY,ACTIVE,2026-07-23T08:31:21.374064,RACING_COM_GETRACEFORM,15725159,3dac20c4717ac3b887403b4d66ce3744477e5a6fb874b825553dc1168bc237f2,CANDIDATE
RACE|2026-07-25|CAULFIELD|R2|1100M|2026-07-25T02:45:00+00:00,RCOM_HORSE_5367886,2026-07-25,2026-07-25,CAULFIELD,CAULFIELD,VIC,AUS,2,Stow Robotics Handicap,1100,TURF,6,2026-07-25T02:45:00+00:00,11,Doubt Time,6,54,L.K.Cartwright,N.R.Ryan,ACTIVE_ENTRY,ACTIVE,2026-07-23T08:31:21.374064,RACING_COM_GETRACEFORM,15723980,14b7cb65f97c744b9ded9653b9ce132e874725b075be343d4a52c36ddfbdd252,CANDIDATE
RACE|2026-07-25|CAULFIELD|R2|1100M|2026-07-25T02:45:00+00:00,RCOM_HORSE_5363793,2026-07-25,2026-07-25,CAULFIELD,CAULFIELD,VIC,AUS,2,Stow Robotics Handicap,1100,TURF,6,2026-07-25T02:45:00+00:00,12,No Confetti,3,54,D.G.Thornton,S.Zahra,ACTIVE_ENTRY,ACTIVE,2026-07-23T08:31:21.374064,RACING_COM_GETRACEFORM,15724978,1f07905f1478f09ad1c57c36359fdb775a6c4c07ef5cd63dada14d3c896330f4,CANDIDATE
RACE|2026-07-25|CAULFIELD|R3|1100M|2026-07-25T03:20:00+00:00,RCOM_HORSE_5321490,2026-07-25,2026-07-25,CAULFIELD,CAULFIELD,VIC,AUS,3,Sportsbet Caulfield Cup Carnival Hospitality Handicap,1100,TURF,6,2026-07-25T03:20:00+00:00,1,Salsa Fellow,3,59,H.Durnan,H.Dwyer,ACTIVE_ENTRY,ACTIVE,2026-07-23T08:31:21.374064,RACING_COM_GETRACEFORM,15727243,3affcf942ba6b973ee7c14ae26331e907de2a906ee5608901b4fc66ab79e1d29,CANDIDATE
RACE|2026-07-25|CAULFIELD|R3|1100M|2026-07-25T03:20:00+00:00,RCOM_HORSE_5326945,2026-07-25,2026-07-25,CAULFIELD,CAULFIELD,VIC,AUS,3,Sportsbet Caulfield Cup Carnival Hospitality Handicap,1100,TURF,6,2026-07-25T03:20:00+00:00,2,Vestas,6,58,L.J.Neindorf,C.Douglas,ACTIVE_ENTRY,ACTIVE,2026-07-23T08:31:21.374064,RACING_COM_GETRACEFORM,15726396,1ebe5898669a8013906b4c3c296d32a2702b9aaf6a32b7c33094a2340a521dfa,CANDIDATE
RACE|2026-07-25|CAULFIELD|R3|1100M|2026-07-25T03:20:00+00:00,RCOM_HORSE_5333616,2026-07-25,2026-07-25,CAULFIELD,CAULFIELD,VIC,AUS,3,Sportsbet Caulfield Cup Carnival Hospitality Handicap,1100,TURF,6,2026-07-25T03:20:00+00:00,3,Tennessee Bound,1,57.5,J.A.Johnstone,C.Maher,ACTIVE_ENTRY,ACTIVE,2026-07-23T08:31:21.374064,RACING_COM_GETRACEFORM,15719679,62bc0cc044fc648957b601b1371e36caee15717d757fc026fa4d4e0809a9a928,CANDIDATE
RACE|2026-07-25|CAULFIELD|R3|1100M|2026-07-25T03:20:00+00:00,RCOM_HORSE_5308657,2026-07-25,2026-07-25,CAULFIELD,CAULFIELD,VIC,AUS,3,Sportsbet Caulfield Cup Carnival Hospitality Handicap,1100,TURF,6,2026-07-25T03:20:00+00:00,4,Apache Song,2,55.5,J.Beriman,M.P.Trotter,ACTIVE_ENTRY,ACTIVE,2026-07-23T08:31:21.374064,RACING_COM_GETRACEFORM,15726685,3b8bdb3ec6d19b0fe344285de4d556383b4e23649b9e603e7eeacf70cf9770a5,CANDIDATE
RACE|2026-07-25|CAULFIELD|R3|1100M|2026-07-25T03:20:00+00:00,RCOM_HORSE_5269409,2026-07-25,2026-07-25,CAULFIELD,CAULFIELD,VIC,AUS,3,Sportsbet Caulfield Cup Carnival Hospitality Handicap,1100,TURF,6,2026-07-25T03:20:00+00:00,5,Luna Cat,7,55.5,C.Williams,"Ben, Will & JD Hayes",ACTIVE_ENTRY,ACTIVE,2026-07-23T08:31:21.374064,RACING_COM_GETRACEFORM,15725606,729f21f8a542d010008d459ba44faf05578be518b1540b85d69fbd7b97495fb2,CANDIDATE
RACE|2026-07-25|CAULFIELD|R3|1100M|2026-07-25T03:20:00+00:00,RCOM_HORSE_5332081,2026-07-25,2026-07-25,CAULFIELD,CAULFIELD,VIC,AUS,3,Sportsbet Caulfield Cup Carnival Hospitality Handicap,1100,TURF,6,2026-07-25T03:20:00+00:00,6,Butternut Princess,5,54.5,L.K.Cartwright,Peter G Moody & Katherine Coleman,ACTIVE_ENTRY,ACTIVE,2026-07-23T08:31:21.374064,RACING_COM_GETRACEFORM,15726846,f5ac9dedb4956ee7a865df7e1573be94e065a3a5d968d181244bf523454a65af,CANDIDATE
RACE|2026-07-25|CAULFIELD|R3|1100M|2026-07-25T03:20:00+00:00,RCOM_HORSE_5322946,2026-07-25,2026-07-25,CAULFIELD,CAULFIELD,VIC,AUS,3,Sportsbet Caulfield Cup Carnival Hospitality Handicap,1100,TURF,6,2026-07-25T03:20:00+00:00,7,Dancing Storm,4,54.5,Z.Spain,Richard & Chantelle Jolly,ACTIVE_ENTRY,ACTIVE,2026-07-23T08:31:21.374064,RACING_COM_GETRACEFORM,15723505,a7ac6e27ec6e9817d071be4774f3fb212989def6432f8ff2460d27bfb1bf7b5b,CANDIDATE
RACE|2026-07-25|CAULFIELD|R3|1100M|2026-07-25T03:20:00+00:00,RCOM_HORSE_5323179,2026-07-25,2026-07-25,CAULFIELD,CAULFIELD,VIC,AUS,3,Sportsbet Caulfield Cup Carnival Hospitality Handicap,1100,TURF,6,2026-07-25T03:20:00+00:00,8,Behaviour,8,54,J.B.Stanley,G.M.Bedggood,ACTIVE_ENTRY,ACTIVE,2026-07-23T08:31:21.374064,RACING_COM_GETRACEFORM,15726434,328727b20a4f1f2da9554e352781de6361d14935f5698e28ef1889799524c452,CANDIDATE
RACE|2026-07-25|CAULFIELD|R4|1100M|2026-07-25T03:55:00+00:00,RCOM_HORSE_5349820,2026-07-25,2026-07-25,CAULFIELD,CAULFIELD,VIC,AUS,4,Quayclean Handicap,1100,TURF,6,2026-07-25T03:55:00+00:00,1,Snow Mercy,11,60,L.J.Neindorf,P.J.Stokes,ACTIVE_ENTRY,ACTIVE,2026-07-23T08:31:21.374064,RACING_COM_GETRACEFORM,15685710,0f4a4ce1d03a57fc7e9b30ce6aed38aee1478f01d8881bcd77d83744a6ccf8ea,CANDIDATE
RACE|2026-07-25|CAULFIELD|R4|1100M|2026-07-25T03:55:00+00:00,RCOM_HORSE_5344093,2026-07-25,2026-07-25,CAULFIELD,CAULFIELD,VIC,AUS,4,Quayclean Handicap,1100,TURF,6,2026-07-25T03:55:00+00:00,2,Prince Tycoon,9,59.5,R.K.Houston,Trent Busuttin & Natalie Young,ACTIVE_ENTRY,ACTIVE,2026-07-23T08:31:21.374064,RACING_COM_GETRACEFORM,15722498,9fb0f37047c76abaf02ea794f9bff6541ae357e266c223bde01aa961e34e4e11,CANDIDATE
RACE|2026-07-25|CAULFIELD|R4|1100M|2026-07-25T03:55:00+00:00,RCOM_HORSE_5345774,2026-07-25,2026-07-25,CAULFIELD,CAULFIELD,VIC,AUS,4,Quayclean Handicap,1100,TURF,6,2026-07-25T03:55:00+00:00,3,Signature Scent,6,59.5,J.A.Johnstone,C.Maher,ACTIVE_ENTRY,ACTIVE,2026-07-23T08:31:21.374064,RACING_COM_GETRACEFORM,15719689,ef54342795524c26a0475dc8e38991171d3277e01a219fcb67b6a37912bbf2c8,CANDIDATE
RACE|2026-07-25|CAULFIELD|R4|1100M|2026-07-25T03:55:00+00:00,RCOM_HORSE_5343839,2026-07-25,2026-07-25,CAULFIELD,CAULFIELD,VIC,AUS,4,Quayclean Handicap,1100,TURF,6,2026-07-25T03:55:00+00:00,4,Afterberna,4,56.5,C.Williams,C.Maher,ACTIVE_ENTRY,ACTIVE,2026-07-23T08:31:21.374064,RACING_COM_GETRACEFORM,15719684,5a2bd4d14a008c042091cadb2a565835273f526206ce58d34c600226a30e522e,CANDIDATE
RACE|2026-07-25|CAULFIELD|R4|1100M|2026-07-25T03:55:00+00:00,RCOM_HORSE_5346537,2026-07-25,2026-07-25,CAULFIELD,CAULFIELD,VIC,AUS,4,Quayclean Handicap,1100,TURF,6,2026-07-25T03:55:00+00:00,5,Express Class,12,56.5,P.M.Moloney,G.M.Moloney,ACTIVE_ENTRY,ACTIVE,2026-07-23T08:31:21.374064,RACING_COM_GETRACEFORM,15723202,c10b148f57ea7e5212f63431e2fd6cbdeb03d84983dfd0b0fe692f22128820e7,CANDIDATE
RACE|2026-07-25|CAULFIELD|R4|1100M|2026-07-25T03:55:00+00:00,RCOM_HORSE_5343302,2026-07-25,2026-07-25,CAULFIELD,CAULFIELD,VIC,AUS,4,Quayclean Handicap,1100,TURF,6,2026-07-25T03:55:00+00:00,6,Farcited,2,56.5,J.Mott,C.Douglas,ACTIVE_ENTRY,ACTIVE,2026-07-23T08:31:21.374064,RACING_COM_GETRACEFORM,15726395,c7726de2a7b5b3eb9a97cadcddd6655c1a7eec6d8c207bf0b0bcc84022ecbe5a,CANDIDATE
RACE|2026-07-25|CAULFIELD|R4|1100M|2026-07-25T03:55:00+00:00,RCOM_HORSE_5356998,2026-07-25,2026-07-25,CAULFIELD,CAULFIELD,VIC,AUS,4,Quayclean Handicap,1100,TURF,6,2026-07-25T03:55:00+00:00,7,Jenni The Ninja,14,54,J.B.Stanley,G.M.Bedggood,ACTIVE_ENTRY,ACTIVE,2026-07-23T08:31:21.374064,RACING_COM_GETRACEFORM,15726433,1b3d7fc3114a93ac5bc96869380a07427cbddbcb6dbcc742f40d92c6ff448390,CANDIDATE
RACE|2026-07-25|CAULFIELD|R4|1100M|2026-07-25T03:55:00+00:00,RCOM_HORSE_5352405,2026-07-25,2026-07-25,CAULFIELD,CAULFIELD,VIC,AUS,4,Quayclean Handicap,1100,TURF,6,2026-07-25T03:55:00+00:00,8,Logam,13,54,J.Bowditch,C.M.Alderson,ACTIVE_ENTRY,ACTIVE,2026-07-23T08:31:21.374064,RACING_COM_GETRACEFORM,15718813,5c4d37b76e0b5354821bb1f724c13e575dc12f6e753092830b9d86f887f2bdb2,CANDIDATE
RACE|2026-07-25|CAULFIELD|R4|1100M|2026-07-25T03:55:00+00:00,RCOM_HORSE_5360565,2026-07-25,2026-07-25,CAULFIELD,CAULFIELD,VIC,AUS,4,Quayclean Handicap,1100,TURF,6,2026-07-25T03:55:00+00:00,9,Nightime Star,1,54,H.Durnan,T.Dabernig,ACTIVE_ENTRY,ACTIVE,2026-07-23T08:31:21.374064,RACING_COM_GETRACEFORM,15725161,700ecb959c8d7a1cc5492e234c63d82f7e761e93d1a3a7b133154e23af41733b,CANDIDATE
RACE|2026-07-25|CAULFIELD|R4|1100M|2026-07-25T03:55:00+00:00,RCOM_HORSE_5353850,2026-07-25,2026-07-25,CAULFIELD,CAULFIELD,VIC,AUS,4,Quayclean Handicap,1100,TURF,6,2026-07-25T03:55:00+00:00,10,The Benchmark,7,54,Z.Spain,M.J.Mehegan,ACTIVE_ENTRY,ACTIVE,2026-07-23T08:31:21.374064,RACING_COM_GETRACEFORM,15724470,416848ed50562184dcab0a65ca0980dfc2e81ce07d53ec6c01e8d1fe70429978,CANDIDATE
RACE|2026-07-25|CAULFIELD|R4|1100M|2026-07-25T03:55:00+00:00,RCOM_HORSE_5350327,2026-07-25,2026-07-25,CAULFIELD,CAULFIELD,VIC,AUS,4,Quayclean Handicap,1100,TURF,6,2026-07-25T03:55:00+00:00,11,Final Moment,3,53,A.Sugawara,C.Douglas,ACTIVE_ENTRY,ACTIVE,2026-07-23T08:31:21.374064,RACING_COM_GETRACEFORM,15723914,0ffa0f4693953ec1e0c359a2387ae71fe2e1d45d4d63456e438eec14043ab060,CANDIDATE
RACE|2026-07-25|CAULFIELD|R4|1100M|2026-07-25T03:55:00+00:00,RCOM_HORSE_5343116,2026-07-25,2026-07-25,CAULFIELD,CAULFIELD,VIC,AUS,4,Quayclean Handicap,1100,TURF,6,2026-07-25T03:55:00+00:00,12,Talladega Girl,8,53,,"Ben, Will & JD Hayes",ACTIVE_ENTRY,ACTIVE,2026-07-23T08:31:21.374064,RACING_COM_GETRACEFORM,15725602,39017d6b6c4cd92c23c6d664855e72b6cde84f7a77789d5a5943c7cd3a0af4fc,CANDIDATE
RACE|2026-07-25|CAULFIELD|R4|1100M|2026-07-25T03:55:00+00:00,RCOM_HORSE_5347491,2026-07-25,2026-07-25,CAULFIELD,CAULFIELD,VIC,AUS,4,Quayclean Handicap,1100,TURF,6,2026-07-25T03:55:00+00:00,13,Beautiful Bevy,5,53,L.K.Cartwright,Peter G Moody & Katherine Coleman,ACTIVE_ENTRY,ACTIVE,2026-07-23T08:31:21.374064,RACING_COM_GETRACEFORM,15726844,cda2dcf9b18347285e6a3940bd502c0a48c4665170b2f1ad63fae23476dde6ff,CANDIDATE
RACE|2026-07-25|CAULFIELD|R4|1100M|2026-07-25T03:55:00+00:00,RCOM_HORSE_5346114,2026-07-25,2026-07-25,CAULFIELD,CAULFIELD,VIC,AUS,4,Quayclean Handicap,1100,TURF,6,2026-07-25T03:55:00+00:00,14,Pacific Glamour,10,53,T.M.Nugent,N.G.Smyth,ACTIVE_ENTRY,ACTIVE,2026-07-23T08:31:21.374064,RACING_COM_GETRACEFORM,15701218,e7a95400420a9d0725d27db63fd7c44210bc64f0a121db2579c5af7f739bcb55,CANDIDATE
RACE|2026-07-25|CAULFIELD|R5|1600M|2026-07-25T04:30:00+00:00,RCOM_HORSE_5280364,2026-07-25,2026-07-25,CAULFIELD,CAULFIELD,VIC,AUS,5,Tobin Brothers Celebrating Lives Handicap,1600,TURF,6,2026-07-25T04:30:00+00:00,1,Jimmy The Bear,3,62,D.Keane,P.B.Payne,ACTIVE_ENTRY,ACTIVE,2026-07-23T08:31:21.374064,RACING_COM_GETRACEFORM,15727058,d789aa77f6cf4795f90554ef669bf5ce6f57b1becae7461785502f679bc47a8f,CANDIDATE
RACE|2026-07-25|CAULFIELD|R5|1600M|2026-07-25T04:30:00+00:00,RCOM_HORSE_5308967,2026-07-25,2026-07-25,CAULFIELD,CAULFIELD,VIC,AUS,5,Tobin Brothers Celebrating Lives Handicap,1600,TURF,6,2026-07-25T04:30:00+00:00,2,Detonator Jack,7,61,J.A.Johnstone,C.Maher,ACTIVE_ENTRY,ACTIVE,2026-07-23T08:31:21.374064,RACING_COM_GETRACEFORM,15719672,06aac6d39c4381f6643eb4d00cc3c87faf0e4820b18b9f9b59d9b00d546cb012,CANDIDATE
RACE|2026-07-25|CAULFIELD|R5|1600M|2026-07-25T04:30:00+00:00,RCOM_HORSE_5295675,2026-07-25,2026-07-25,CAULFIELD,CAULFIELD,VIC,AUS,5,Tobin Brothers Celebrating Lives Handicap,1600,TURF,6,2026-07-25T04:30:00+00:00,3,Magnaspin,8,58,H.Durnan,Leon & Troy Corstens & Will Larkin,ACTIVE_ENTRY,ACTIVE,2026-07-23T08:31:21.374064,RACING_COM_GETRACEFORM,15709648,e88ff95eb78ff5ae1476d4576c965d30333475f8a71af620ed82e6ed8a3989e4,CANDIDATE
RACE|2026-07-25|CAULFIELD|R5|1600M|2026-07-25T04:30:00+00:00,RCOM_HORSE_5356259,2026-07-25,2026-07-25,CAULFIELD,CAULFIELD,VIC,AUS,5,Tobin Brothers Celebrating Lives Handicap,1600,TURF,6,2026-07-25T04:30:00+00:00,4,Unlimited,5,56.5,J.McNeil,C.J.Waller,ACTIVE_ENTRY,ACTIVE,2026-07-23T08:31:21.374064,RACING_COM_GETRACEFORM,15714928,1b1a1fab3ecb9c27982ad926b6f5f83324004eb9c5bd8a450c59692cf3931854,CANDIDATE
RACE|2026-07-25|CAULFIELD|R5|1600M|2026-07-25T04:30:00+00:00,RCOM_HORSE_5303794,2026-07-25,2026-07-25,CAULFIELD,CAULFIELD,VIC,AUS,5,Tobin Brothers Celebrating Lives Handicap,1600,TURF,6,2026-07-25T04:30:00+00:00,5,Seafall,1,56,C.Williams,"Ben, Will & JD Hayes",ACTIVE_ENTRY,ACTIVE,2026-07-23T08:31:21.374064,RACING_COM_GETRACEFORM,15725607,769f6270c6b351671b89d0d31f8012cffe7637171d66844d1a6bffc56d1cc11a,CANDIDATE
RACE|2026-07-25|CAULFIELD|R5|1600M|2026-07-25T04:30:00+00:00,RCOM_HORSE_5311051,2026-07-25,2026-07-25,CAULFIELD,CAULFIELD,VIC,AUS,5,Tobin Brothers Celebrating Lives Handicap,1600,TURF,6,2026-07-25T04:30:00+00:00,6,Tuff Tu Mus,4,55.5,M.J.Dee,"Ben, Will & JD Hayes",ACTIVE_ENTRY,ACTIVE,2026-07-23T08:31:21.374064,RACING_COM_GETRACEFORM,15725608,08df81d399eb3adbcbf24451afc787e597dfc27ecc0579ee15cf4f8248b528a6,CANDIDATE
RACE|2026-07-25|CAULFIELD|R5|1600M|2026-07-25T04:30:00+00:00,RCOM_HORSE_5316795,2026-07-25,2026-07-25,CAULFIELD,CAULFIELD,VIC,AUS,5,Tobin Brothers Celebrating Lives Handicap,1600,TURF,6,2026-07-25T04:30:00+00:00,7,St Lawrence,9,55,J.Mott,G.M.Bedggood,ACTIVE_ENTRY,ACTIVE,2026-07-23T08:31:21.374064,RACING_COM_GETRACEFORM,15726436,78132fc74009276f5521d748914b23c9ece04c1deb0716d4f80f389f74d9e543,CANDIDATE
RACE|2026-07-25|CAULFIELD|R5|1600M|2026-07-25T04:30:00+00:00,RCOM_HORSE_5251812,2026-07-25,2026-07-25,CAULFIELD,CAULFIELD,VIC,AUS,5,Tobin Brothers Celebrating Lives Handicap,1600,TURF,6,2026-07-25T04:30:00+00:00,8,Rumbled Again,2,54.5,A.McCabe,M.P.Trotter,ACTIVE_ENTRY,ACTIVE,2026-07-23T08:31:21.374064,RACING_COM_GETRACEFORM,15726686,cc8a283f0b6a75a8d84a7a94e593d2afc7e341676c70a3e517e88ce29dd99466,CANDIDATE
RACE|2026-07-25|CAULFIELD|R5|1600M|2026-07-25T04:30:00+00:00,RCOM_HORSE_5338334,2026-07-25,2026-07-25,CAULFIELD,CAULFIELD,VIC,AUS,5,Tobin Brothers Celebrating Lives Handicap,1600,TURF,6,2026-07-25T04:30:00+00:00,9,First Chorus,6,53,L.K.Cartwright,L.Smith,ACTIVE_ENTRY,ACTIVE,2026-07-23T08:31:21.374064,RACING_COM_GETRACEFORM,15726422,6b60fa9248f6b149d93a701f4a7315a9586438faac04a41521b14e1f5c2a3800,CANDIDATE
RACE|2026-07-25|CAULFIELD|R6|2400M|2026-07-25T05:10:00+00:00,RCOM_HORSE_5345758,2026-07-25,2026-07-25,CAULFIELD,CAULFIELD,VIC,AUS,6,Sportsbet Same Race Multi Handicap,2400,TURF,6,2026-07-25T05:10:00+00:00,1,Decalogue,4,60,J.A.Johnstone,C.Maher,ACTIVE_ENTRY,ACTIVE,2026-07-23T08:31:21.374064,RACING_COM_GETRACEFORM,15719667,5fb145573e4e2d796a2763f60d697b9973d7344fc6be0fc5bc80203470ed5222,CANDIDATE
RACE|2026-07-25|CAULFIELD|R6|2400M|2026-07-25T05:10:00+00:00,RCOM_HORSE_5340527,2026-07-25,2026-07-25,CAULFIELD,CAULFIELD,VIC,AUS,6,Sportsbet Same Race Multi Handicap,2400,TURF,6,2026-07-25T05:10:00+00:00,2,Dirnaseer,7,57.5,J.M.Allen,P.B.Payne,ACTIVE_ENTRY,ACTIVE,2026-07-23T08:31:21.374064,RACING_COM_GETRACEFORM,15727055,ca1c7d2cfdecebac9b3346983f7834a9d3c2db9ec43602f0a772f6c6ad9a5bae,CANDIDATE
RACE|2026-07-25|CAULFIELD|R6|2400M|2026-07-25T05:10:00+00:00,RCOM_HORSE_5347607,2026-07-25,2026-07-25,CAULFIELD,CAULFIELD,VIC,AUS,6,Sportsbet Same Race Multi Handicap,2400,TURF,6,2026-07-25T05:10:00+00:00,3,Brillantezza,11,57,D.Yendall,P.B.Payne,ACTIVE_ENTRY,ACTIVE,2026-07-23T08:31:21.374064,RACING_COM_GETRACEFORM,15727052,f3de08555f1c03d232b66253fec3d47a2318cdd7de9dfae09a79a896ee76daab,CANDIDATE
RACE|2026-07-25|CAULFIELD|R6|2400M|2026-07-25T05:10:00+00:00,RCOM_HORSE_5382500,2026-07-25,2026-07-25,CAULFIELD,CAULFIELD,VIC,AUS,6,Sportsbet Same Race Multi Handicap,2400,TURF,6,2026-07-25T05:10:00+00:00,4,Engine Of War,1,56.5,J.Childs,Mick Price & Michael Kent (Jnr),ACTIVE_ENTRY,ACTIVE,2026-07-23T08:31:21.374064,RACING_COM_GETRACEFORM,15721498,2478d7203becb82b37e56c5dde372432395d48098e0ed68916c9396c70f601ab,CANDIDATE
RACE|2026-07-25|CAULFIELD|R6|2400M|2026-07-25T05:10:00+00:00,RCOM_HORSE_5347458,2026-07-25,2026-07-25,CAULFIELD,CAULFIELD,VIC,AUS,6,Sportsbet Same Race Multi Handicap,2400,TURF,6,2026-07-25T05:10:00+00:00,5,Our Chief,8,56.5,J.Mott,D.T.O'Brien,ACTIVE_ENTRY,ACTIVE,2026-07-23T08:31:21.374064,RACING_COM_GETRACEFORM,15727099,0b770b1db9315c35bafefba7c63834b97b4fd192186b2285372d14c880a63d2a,CANDIDATE
RACE|2026-07-25|CAULFIELD|R6|2400M|2026-07-25T05:10:00+00:00,RCOM_HORSE_5347671,2026-07-25,2026-07-25,CAULFIELD,CAULFIELD,VIC,AUS,6,Sportsbet Same Race Multi Handicap,2400,TURF,6,2026-07-25T05:10:00+00:00,6,Harbour Town,9,55.5,C.Williams,"Ben, Will & JD Hayes",ACTIVE_ENTRY,ACTIVE,2026-07-23T08:31:21.374064,RACING_COM_GETRACEFORM,15725605,139c25dc97c21fa065b62f0bbcc26884115b17c8cfcea85df9d6f32beb0ad045,CANDIDATE
RACE|2026-07-25|CAULFIELD|R6|2400M|2026-07-25T05:10:00+00:00,RCOM_HORSE_5352448,2026-07-25,2026-07-25,CAULFIELD,CAULFIELD,VIC,AUS,6,Sportsbet Same Race Multi Handicap,2400,TURF,6,2026-07-25T05:10:00+00:00,7,Kings Reflection,2,54.5,J.McNeil,T.Weir,ACTIVE_ENTRY,ACTIVE,2026-07-23T08:31:21.374064,RACING_COM_GETRACEFORM,15725934,3361e983ac99d3888142337ce4be919feaf39e3ba219b968173e3126569c107f,CANDIDATE
RACE|2026-07-25|CAULFIELD|R6|2400M|2026-07-25T05:10:00+00:00,RCOM_HORSE_5346815,2026-07-25,2026-07-25,CAULFIELD,CAULFIELD,VIC,AUS,6,Sportsbet Same Race Multi Handicap,2400,TURF,6,2026-07-25T05:10:00+00:00,8,Menthon,10,54.5,F.W.Kersley,C.J.Waller,ACTIVE_ENTRY,ACTIVE,2026-07-23T08:31:21.374064,RACING_COM_GETRACEFORM,15714929,37d008e8292de93da8cbf371f9f3980bcda5b08a32d462cc286aaa84839e9f2c,CANDIDATE
RACE|2026-07-25|CAULFIELD|R6|2400M|2026-07-25T05:10:00+00:00,RCOM_HORSE_5339958,2026-07-25,2026-07-25,CAULFIELD,CAULFIELD,VIC,AUS,6,Sportsbet Same Race Multi Handicap,2400,TURF,6,2026-07-25T05:10:00+00:00,9,Pressurised,6,54,T.M.Nugent,M.J.Leek,ACTIVE_ENTRY,ACTIVE,2026-07-23T08:31:21.374064,RACING_COM_GETRACEFORM,15720042,ef81367013c7db5acab9f1d24c632591880cb214b8b27c4cc5e8949e997cf4f3,CANDIDATE
RACE|2026-07-25|CAULFIELD|R6|2400M|2026-07-25T05:10:00+00:00,RCOM_HORSE_5388911,2026-07-25,2026-07-25,CAULFIELD,CAULFIELD,VIC,AUS,6,Sportsbet Same Race Multi Handicap,2400,TURF,6,2026-07-25T05:10:00+00:00,10,Ferrario,5,53.5,L.K.Cartwright,P.B.Payne,ACTIVE_ENTRY,ACTIVE,2026-07-23T08:31:21.374064,RACING_COM_GETRACEFORM,15727056,9be9ced4be95360e7a0e86df858cd20dc6a9edef17538788c5efb45fe671c457,CANDIDATE
RACE|2026-07-25|CAULFIELD|R6|2400M|2026-07-25T05:10:00+00:00,RCOM_HORSE_5372898,2026-07-25,2026-07-25,CAULFIELD,CAULFIELD,VIC,AUS,6,Sportsbet Same Race Multi Handicap,2400,TURF,6,2026-07-25T05:10:00+00:00,11,Don't Doubt Dare,3,53,A.Sugawara,M.C.Kent,ACTIVE_ENTRY,ACTIVE,2026-07-23T08:31:21.374064,RACING_COM_GETRACEFORM,15725182,a568100b93379eb0677babaca096b03a58d5f54c9ebb09f80589e72a890ee50c,CANDIDATE
RACE|2026-07-25|CAULFIELD|R7|1200M|2026-07-25T05:50:00+00:00,RCOM_HORSE_5304588,2026-07-25,2026-07-25,CAULFIELD,CAULFIELD,VIC,AUS,7,The Big Screen Company Bletchingly Stakes,1200,TURF,6,2026-07-25T05:50:00+00:00,1,Cosmic Crusader,1,58.5,D.W.Stackhouse,A.Leek,ACTIVE_ENTRY,ACTIVE,2026-07-23T08:31:21.374064,RACING_COM_GETRACEFORM,15701180,3174becbd5d1341010182757b4374bd28bb6769d7010e8421ef7f7ba17be7cae,CANDIDATE
RACE|2026-07-25|CAULFIELD|R7|1200M|2026-07-25T05:50:00+00:00,RCOM_HORSE_5286543,2026-07-25,2026-07-25,CAULFIELD,CAULFIELD,VIC,AUS,7,The Big Screen Company Bletchingly Stakes,1200,TURF,6,2026-07-25T05:50:00+00:00,2,Recommendation,9,58.5,T.Stockdale,C.Maher,ACTIVE_ENTRY,ACTIVE,2026-07-23T08:31:21.374064,RACING_COM_GETRACEFORM,15719670,98ee6bca495eb5c44a9a3fc1630d2bbf791888137d51d9d0528247321a80fcd2,CANDIDATE
RACE|2026-07-25|CAULFIELD|R7|1200M|2026-07-25T05:50:00+00:00,RCOM_HORSE_5288542,2026-07-25,2026-07-25,CAULFIELD,CAULFIELD,VIC,AUS,7,The Big Screen Company Bletchingly Stakes,1200,TURF,6,2026-07-25T05:50:00+00:00,3,Zou Sensation,8,58.5,J.Mott,Leon & Troy Corstens & Will Larkin,ACTIVE_ENTRY,ACTIVE,2026-07-23T08:31:21.374064,RACING_COM_GETRACEFORM,15709647,9649afa8bdb0c86b6b475bac95ff86de8e7e7170a5791b75317c036aae3b7e2d,CANDIDATE
RACE|2026-07-25|CAULFIELD|R7|1200M|2026-07-25T05:50:00+00:00,RCOM_HORSE_5286834,2026-07-25,2026-07-25,CAULFIELD,CAULFIELD,VIC,AUS,7,The Big Screen Company Bletchingly Stakes,1200,TURF,6,2026-07-25T05:50:00+00:00,4,Aztec Ruler,3,58.5,P.M.Moloney,M.Laurie,ACTIVE_ENTRY,ACTIVE,2026-07-23T08:31:21.374064,RACING_COM_GETRACEFORM,15715887,02bc3a101d96465a99990b4b1824de9fcff048e9acced2c9c3b2ef94151bd935,CANDIDATE
RACE|2026-07-25|CAULFIELD|R7|1200M|2026-07-25T05:50:00+00:00,RCOM_HORSE_5309013,2026-07-25,2026-07-25,CAULFIELD,CAULFIELD,VIC,AUS,7,The Big Screen Company Bletchingly Stakes,1200,TURF,6,2026-07-25T05:50:00+00:00,5,Title Fighter,7,58.5,L.K.Cartwright,C.Douglas,ACTIVE_ENTRY,ACTIVE,2026-07-23T08:31:21.374064,RACING_COM_GETRACEFORM,15723915,035c459d271f1adbf898baa6b7369446ab32084e4eb739e2c85504a13888e484,CANDIDATE
RACE|2026-07-25|CAULFIELD|R7|1200M|2026-07-25T05:50:00+00:00,RCOM_HORSE_5311692,2026-07-25,2026-07-25,CAULFIELD,CAULFIELD,VIC,AUS,7,The Big Screen Company Bletchingly Stakes,1200,TURF,6,2026-07-25T05:50:00+00:00,6,Watchme Win,6,58.5,L.J.Neindorf,A.J.Gluyas,ACTIVE_ENTRY,ACTIVE,2026-07-23T08:31:21.374064,RACING_COM_GETRACEFORM,15724464,0f7fd5f689b214da7ed47e3952a10c4ca578d8a149b3d2a978efddd3af71224f,CANDIDATE
RACE|2026-07-25|CAULFIELD|R7|1200M|2026-07-25T05:50:00+00:00,RCOM_HORSE_5323630,2026-07-25,2026-07-25,CAULFIELD,CAULFIELD,VIC,AUS,7,The Big Screen Company Bletchingly Stakes,1200,TURF,6,2026-07-25T05:50:00+00:00,7,Winnasedge,5,58.5,L.Currie,N.R.Ryan,ACTIVE_ENTRY,ACTIVE,2026-07-23T08:31:21.374064,RACING_COM_GETRACEFORM,15723983,49f9efb35f66471913aade221603f1b733864aa61db63a1df9e2f3dc51b9a50a,CANDIDATE
RACE|2026-07-25|CAULFIELD|R7|1200M|2026-07-25T05:50:00+00:00,RCOM_HORSE_5313226,2026-07-25,2026-07-25,CAULFIELD,CAULFIELD,VIC,AUS,7,The Big Screen Company Bletchingly Stakes,1200,TURF,6,2026-07-25T05:50:00+00:00,8,Miraval Rose,2,56.5,J.Childs,G.M.Begg,ACTIVE_ENTRY,ACTIVE,2026-07-23T08:31:21.374064,RACING_COM_GETRACEFORM,15724437,0e1c8bb30a2733e87a482a7f617915e715e0a87b46b48fd52015df05f3b66c84,CANDIDATE
RACE|2026-07-25|CAULFIELD|R7|1200M|2026-07-25T05:50:00+00:00,RCOM_HORSE_5306095,2026-07-25,2026-07-25,CAULFIELD,CAULFIELD,VIC,AUS,7,The Big Screen Company Bletchingly Stakes,1200,TURF,6,2026-07-25T05:50:00+00:00,9,Samangu,4,56.5,M.J.Dee,G.M.Begg,ACTIVE_ENTRY,ACTIVE,2026-07-23T08:31:21.374064,RACING_COM_GETRACEFORM,15724438,b533d51d41ee989a3009668f5f8de5c1f2f9e7eea010320435fadd035c98a026,CANDIDATE
RACE|2026-07-25|CAULFIELD|R8|2000M|2026-07-25T06:25:00+00:00,RCOM_HORSE_5313865,2026-07-25,2026-07-25,CAULFIELD,CAULFIELD,VIC,AUS,8,Stow Storage Solutions Handicap,2000,TURF,6,2026-07-25T06:25:00+00:00,1,Diwali,1,60,J.Bowditch,G.M.Bedggood,ACTIVE_ENTRY,ACTIVE,2026-07-23T08:31:21.374064,RACING_COM_GETRACEFORM,15726437,cdc276c4e48842283ef9f935a307c1f12238d67358473a9f80ee5125bfad706f,CANDIDATE
RACE|2026-07-25|CAULFIELD|R8|2000M|2026-07-25T06:25:00+00:00,RCOM_HORSE_5309932,2026-07-25,2026-07-25,CAULFIELD,CAULFIELD,VIC,AUS,8,Stow Storage Solutions Handicap,2000,TURF,6,2026-07-25T06:25:00+00:00,2,Makdane,13,60,C.Williams,M.C.Kent,ACTIVE_ENTRY,ACTIVE,2026-07-23T08:31:21.374064,RACING_COM_GETRACEFORM,15725183,7ad65940886187787e0869a8617f22f157d46321e6549446693b6056d3cf1f68,CANDIDATE
RACE|2026-07-25|CAULFIELD|R8|2000M|2026-07-25T06:25:00+00:00,RCOM_HORSE_5370452,2026-07-25,2026-07-25,CAULFIELD,CAULFIELD,VIC,AUS,8,Stow Storage Solutions Handicap,2000,TURF,6,2026-07-25T06:25:00+00:00,3,Prince Eric,3,60,L.K.Cartwright,A.Alexander,ACTIVE_ENTRY,ACTIVE,2026-07-23T08:31:21.374064,RACING_COM_GETRACEFORM,15725350,98db875c6200b374d580bb664af711774cea701c0ae1abe0c4a9880d499bca89,CANDIDATE
RACE|2026-07-25|CAULFIELD|R8|2000M|2026-07-25T06:25:00+00:00,RCOM_HORSE_5266226,2026-07-25,2026-07-25,CAULFIELD,CAULFIELD,VIC,AUS,8,Stow Storage Solutions Handicap,2000,TURF,6,2026-07-25T06:25:00+00:00,4,Station One,8,59.5,J.C.Maskiell,L.Howley,ACTIVE_ENTRY,ACTIVE,2026-07-23T08:31:21.374064,RACING_COM_GETRACEFORM,15723660,9ec6e56c0577ca2a68b0189949d1ac055f182c55f20d143f7e7ce606eda1f84a,CANDIDATE
RACE|2026-07-25|CAULFIELD|R8|2000M|2026-07-25T06:25:00+00:00,RCOM_HORSE_5348150,2026-07-25,2026-07-25,CAULFIELD,CAULFIELD,VIC,AUS,8,Stow Storage Solutions Handicap,2000,TURF,6,2026-07-25T06:25:00+00:00,5,Aftermath,12,59,T.Stockdale,P.A.Preusker,ACTIVE_ENTRY,ACTIVE,2026-07-23T08:31:21.374064,RACING_COM_GETRACEFORM,15720104,d12c3a93dfad5c974684a9f49ae9038c3672f84fda7186cedd3fda97cd6b65f1,CANDIDATE
RACE|2026-07-25|CAULFIELD|R8|2000M|2026-07-25T06:25:00+00:00,RCOM_HORSE_5357149,2026-07-25,2026-07-25,CAULFIELD,CAULFIELD,VIC,AUS,8,Stow Storage Solutions Handicap,2000,TURF,6,2026-07-25T06:25:00+00:00,6,Stop The Rock,4,59,M.J.Dee,P.B.Payne,ACTIVE_ENTRY,ACTIVE,2026-07-23T08:31:21.374064,RACING_COM_GETRACEFORM,15727057,0406028ca574b2cec8ccdf0ee096dac20212f840c1fc8b8c58c7922b12300875,CANDIDATE
RACE|2026-07-25|CAULFIELD|R8|2000M|2026-07-25T06:25:00+00:00,RCOM_HORSE_5350812,2026-07-25,2026-07-25,CAULFIELD,CAULFIELD,VIC,AUS,8,Stow Storage Solutions Handicap,2000,TURF,6,2026-07-25T06:25:00+00:00,7,Savour The Dream,9,58,D.G.Thornton,S.B.Laming,ACTIVE_ENTRY,ACTIVE,2026-07-23T08:31:21.374064,RACING_COM_GETRACEFORM,15723573,6fcea2717514b5b9257f198010d359e06ae3af4079e569af972d0892b37e3a2a,CANDIDATE
RACE|2026-07-25|CAULFIELD|R8|2000M|2026-07-25T06:25:00+00:00,RCOM_HORSE_5289137,2026-07-25,2026-07-25,CAULFIELD,CAULFIELD,VIC,AUS,8,Stow Storage Solutions Handicap,2000,TURF,6,2026-07-25T06:25:00+00:00,8,Test The Law,14,58,L.J.Neindorf,M.J.Seyers,ACTIVE_ENTRY,ACTIVE,2026-07-23T08:31:21.374064,RACING_COM_GETRACEFORM,15726028,9bc814673cddfc85810cbc0b0d78c3b33be094e09f5bb7c6bf58dabcef2b96f9,CANDIDATE
RACE|2026-07-25|CAULFIELD|R8|2000M|2026-07-25T06:25:00+00:00,RCOM_HORSE_5309649,2026-07-25,2026-07-25,CAULFIELD,CAULFIELD,VIC,AUS,8,Stow Storage Solutions Handicap,2000,TURF,6,2026-07-25T06:25:00+00:00,9,Crimson Vine,6,57.5,J.McNeil,S.Rutten,ACTIVE_ENTRY,ACTIVE,2026-07-23T08:31:21.374064,RACING_COM_GETRACEFORM,15724110,622dae129065bd50d74f3b18c2cf4cc91dcea19eb623fc767744fdc4bbc73d5f,CANDIDATE
RACE|2026-07-25|CAULFIELD|R8|2000M|2026-07-25T06:25:00+00:00,RCOM_HORSE_5311674,2026-07-25,2026-07-25,CAULFIELD,CAULFIELD,VIC,AUS,8,Stow Storage Solutions Handicap,2000,TURF,6,2026-07-25T06:25:00+00:00,10,Beach Pad,7,56.5,D.Bates,S.Jackson,ACTIVE_ENTRY,ACTIVE,2026-07-23T08:31:21.374064,RACING_COM_GETRACEFORM,15727437,d5d63f31277f367cee4816368c57ac9c537cc672db9ccb4416317735dc6d4e3b,CANDIDATE
RACE|2026-07-25|CAULFIELD|R8|2000M|2026-07-25T06:25:00+00:00,RCOM_HORSE_5356122,2026-07-25,2026-07-25,CAULFIELD,CAULFIELD,VIC,AUS,8,Stow Storage Solutions Handicap,2000,TURF,6,2026-07-25T06:25:00+00:00,11,Amleto,15,56,J.M.Allen,C.Maher,ACTIVE_ENTRY,ACTIVE,2026-07-23T08:31:21.374064,RACING_COM_GETRACEFORM,15719674,3c0bcac2b3623215c2fe9a700bff03d99adbbdd36614ff196702ae4b132e924b,CANDIDATE
RACE|2026-07-25|CAULFIELD|R8|2000M|2026-07-25T06:25:00+00:00,RCOM_HORSE_5266967,2026-07-25,2026-07-25,CAULFIELD,CAULFIELD,VIC,AUS,8,Stow Storage Solutions Handicap,2000,TURF,6,2026-07-25T06:25:00+00:00,12,Belle Savoir,10,56,J.Mott,N.R.Ryan,ACTIVE_ENTRY,ACTIVE,2026-07-23T08:31:21.374064,RACING_COM_GETRACEFORM,15723984,ad57ab79c7dc16443cc77929aa8e3b65dde6eaf5d33297705247c348046e6282,CANDIDATE
RACE|2026-07-25|CAULFIELD|R8|2000M|2026-07-25T06:25:00+00:00,RCOM_HORSE_5342388,2026-07-25,2026-07-25,CAULFIELD,CAULFIELD,VIC,AUS,8,Stow Storage Solutions Handicap,2000,TURF,6,2026-07-25T06:25:00+00:00,13,Leonchroi,5,53.5,J.B.Stanley,Mick Price & Michael Kent (Jnr),ACTIVE_ENTRY,ACTIVE,2026-07-23T08:31:21.374064,RACING_COM_GETRACEFORM,15721499,3c127dd7d90d45213ef26ab797bf1cf98af9ce9b24f658bcbcf19cdd44a20dbf,CANDIDATE
RACE|2026-07-25|CAULFIELD|R8|2000M|2026-07-25T06:25:00+00:00,RCOM_HORSE_5338777,2026-07-25,2026-07-25,CAULFIELD,CAULFIELD,VIC,AUS,8,Stow Storage Solutions Handicap,2000,TURF,6,2026-07-25T06:25:00+00:00,14,Oraqua,11,53.5,D.Yendall,M.Freedman,ACTIVE_ENTRY,ACTIVE,2026-07-23T08:31:21.374064,RACING_COM_GETRACEFORM,15728119,39527863bc3551a3103c961c8083d31a4c7d5c211a8674ed3012f6f0e8607743,CANDIDATE
RACE|2026-07-25|CAULFIELD|R8|2000M|2026-07-25T06:25:00+00:00,RCOM_HORSE_5392900,2026-07-25,2026-07-25,CAULFIELD,CAULFIELD,VIC,AUS,8,Stow Storage Solutions Handicap,2000,TURF,6,2026-07-25T06:25:00+00:00,15,Aeolian,2,53,J.A.Johnstone,C.Maher,ACTIVE_ENTRY,ACTIVE,2026-07-23T08:31:21.374064,RACING_COM_GETRACEFORM,15719673,cb637ddd6c1303a585288b825b43bbef62dd3ca299382f68014a07cd8a0940a2,CANDIDATE
RACE|2026-07-25|CAULFIELD|R9|1400M|2026-07-25T06:55:00+00:00,RCOM_HORSE_5346423,2026-07-25,2026-07-25,CAULFIELD,CAULFIELD,VIC,AUS,9,MRC Membership Made Of Moments Handicap,1400,TURF,6,2026-07-25T06:55:00+00:00,1,Just Too Fly,7,60,F.W.Kersley,C.J.Waller,ACTIVE_ENTRY,ACTIVE,2026-07-23T08:31:21.374064,RACING_COM_GETRACEFORM,15714926,16e1a27e713d10978b01a447f2a06e606af1357943f58aa9fd17ef258e43824f,CANDIDATE
RACE|2026-07-25|CAULFIELD|R9|1400M|2026-07-25T06:55:00+00:00,RCOM_HORSE_5376607,2026-07-25,2026-07-25,CAULFIELD,CAULFIELD,VIC,AUS,9,MRC Membership Made Of Moments Handicap,1400,TURF,6,2026-07-25T06:55:00+00:00,2,Cruiserweight,6,58.5,C.Williams,"Ben, Will & JD Hayes",ACTIVE_ENTRY,ACTIVE,2026-07-23T08:31:21.374064,RACING_COM_GETRACEFORM,15725603,9c868a5284f96fcdb4c0aa494b64a3fe2e42c290c8932fac6c7cafeab55aa6ef,CANDIDATE
RACE|2026-07-25|CAULFIELD|R9|1400M|2026-07-25T06:55:00+00:00,RCOM_HORSE_5348554,2026-07-25,2026-07-25,CAULFIELD,CAULFIELD,VIC,AUS,9,MRC Membership Made Of Moments Handicap,1400,TURF,6,2026-07-25T06:55:00+00:00,3,Itazura,12,56,L.Nolen,Peter G Moody & Katherine Coleman,SCRATCHED_ENTRY,SCRATCHED,2026-07-23T08:31:21.374064,RACING_COM_GETRACEFORM,15726845,05b437c8526375fec447c157b22f0be9b75d77c75f62c19f0927fddcf165ce36,CANDIDATE
RACE|2026-07-25|CAULFIELD|R9|1400M|2026-07-25T06:55:00+00:00,RCOM_HORSE_5344269,2026-07-25,2026-07-25,CAULFIELD,CAULFIELD,VIC,AUS,9,MRC Membership Made Of Moments Handicap,1400,TURF,6,2026-07-25T06:55:00+00:00,4,Jenni Gone Bonkers,4,56,J.B.Stanley,C.Maher,ACTIVE_ENTRY,ACTIVE,2026-07-23T08:31:21.374064,RACING_COM_GETRACEFORM,15723129,bf5bfe1bfc4e5e93a266ff1461527652c6abf9b2e0cb9d47c9faf9fd3102c1ce,CANDIDATE
RACE|2026-07-25|CAULFIELD|R9|1400M|2026-07-25T06:55:00+00:00,RCOM_HORSE_5351215,2026-07-25,2026-07-25,CAULFIELD,CAULFIELD,VIC,AUS,9,MRC Membership Made Of Moments Handicap,1400,TURF,6,2026-07-25T06:55:00+00:00,5,Celtics,2,55.5,L.J.Neindorf,Mick Price & Michael Kent (Jnr),ACTIVE_ENTRY,ACTIVE,2026-07-23T08:31:21.374064,RACING_COM_GETRACEFORM,15721495,9eb5296ec73a91b05330ee40bbd718bc2d6d09eea4031ce740d3bd982dbbc3c5,CANDIDATE
RACE|2026-07-25|CAULFIELD|R9|1400M|2026-07-25T06:55:00+00:00,RCOM_HORSE_5378192,2026-07-25,2026-07-25,CAULFIELD,CAULFIELD,VIC,AUS,9,MRC Membership Made Of Moments Handicap,1400,TURF,6,2026-07-25T06:55:00+00:00,6,Mahershala,1,55.5,J.A.Johnstone,C.Maher,ACTIVE_ENTRY,ACTIVE,2026-07-23T08:31:21.374064,RACING_COM_GETRACEFORM,15719692,561dd4c396ea27361f3eb1565ae0c5fae848d2b3ce876a8ce0839aa9367e79a9,CANDIDATE
RACE|2026-07-25|CAULFIELD|R9|1400M|2026-07-25T06:55:00+00:00,RCOM_HORSE_5342833,2026-07-25,2026-07-25,CAULFIELD,CAULFIELD,VIC,AUS,9,MRC Membership Made Of Moments Handicap,1400,TURF,6,2026-07-25T06:55:00+00:00,7,Barking Mad,9,55,J.McNeil,C.J.Waller,ACTIVE_ENTRY,ACTIVE,2026-07-23T08:31:21.374064,RACING_COM_GETRACEFORM,15714925,61f77b97e482486bc9938139fb39d8c565daf5c7f7082bcb8c51d024ab8a22fa,CANDIDATE
RACE|2026-07-25|CAULFIELD|R9|1400M|2026-07-25T06:55:00+00:00,RCOM_HORSE_5349193,2026-07-25,2026-07-25,CAULFIELD,CAULFIELD,VIC,AUS,9,MRC Membership Made Of Moments Handicap,1400,TURF,6,2026-07-25T06:55:00+00:00,8,Lauberhorn,11,55,L.Currie,Mick Price & Michael Kent (Jnr),ACTIVE_ENTRY,ACTIVE,2026-07-23T08:31:21.374064,RACING_COM_GETRACEFORM,15721496,5227621debf9173701f737d5632242d5cdc6894a4168a2725674aa503e9c4f19,CANDIDATE
RACE|2026-07-25|CAULFIELD|R9|1400M|2026-07-25T06:55:00+00:00,RCOM_HORSE_5350092,2026-07-25,2026-07-25,CAULFIELD,CAULFIELD,VIC,AUS,9,MRC Membership Made Of Moments Handicap,1400,TURF,6,2026-07-25T06:55:00+00:00,9,Blankfield,14,54.5,J.Mott,A.G.Rae,ACTIVE_ENTRY,ACTIVE,2026-07-23T08:31:21.374064,RACING_COM_GETRACEFORM,15727431,f83d794d85ddcf4a56faccdac53d4a691e7aecf70ba901962442e22465f74126,CANDIDATE
RACE|2026-07-25|CAULFIELD|R9|1400M|2026-07-25T06:55:00+00:00,RCOM_HORSE_5348797,2026-07-25,2026-07-25,CAULFIELD,CAULFIELD,VIC,AUS,9,MRC Membership Made Of Moments Handicap,1400,TURF,6,2026-07-25T06:55:00+00:00,10,Centu Cavaddi,13,54.5,R.K.Houston,Trent Busuttin & Natalie Young,ACTIVE_ENTRY,ACTIVE,2026-07-23T08:31:21.374064,RACING_COM_GETRACEFORM,15722499,2888952d141f2ac0a6ba54d2ff45bc6b632ab5dc53a94c0671c1fec5bd3977b8,CANDIDATE
RACE|2026-07-25|CAULFIELD|R9|1400M|2026-07-25T06:55:00+00:00,RCOM_HORSE_5348523,2026-07-25,2026-07-25,CAULFIELD,CAULFIELD,VIC,AUS,9,MRC Membership Made Of Moments Handicap,1400,TURF,6,2026-07-25T06:55:00+00:00,11,Ludlum,3,54.5,A.Sugawara,G.M.Begg,ACTIVE_ENTRY,ACTIVE,2026-07-23T08:31:21.374064,RACING_COM_GETRACEFORM,15724435,2ef3a8a5f1e1d3e0f49315e98cb9cca0f39c982ec458244c9bc91c9ce59a2ff9,CANDIDATE
RACE|2026-07-25|CAULFIELD|R9|1400M|2026-07-25T06:55:00+00:00,RCOM_HORSE_5358101,2026-07-25,2026-07-25,CAULFIELD,CAULFIELD,VIC,AUS,9,MRC Membership Made Of Moments Handicap,1400,TURF,6,2026-07-25T06:55:00+00:00,12,Magnetic Chess,10,54,M.J.Dee,T.Dabernig,ACTIVE_ENTRY,ACTIVE,2026-07-23T08:31:21.374064,RACING_COM_GETRACEFORM,15725160,0d8b1c389abac81b7fa4b82475fbcc0570bb6cb345796c5af2b315a4dd6dbe08,CANDIDATE
RACE|2026-07-25|CAULFIELD|R9|1400M|2026-07-25T06:55:00+00:00,RCOM_HORSE_5341386,2026-07-25,2026-07-25,CAULFIELD,CAULFIELD,VIC,AUS,9,MRC Membership Made Of Moments Handicap,1400,TURF,6,2026-07-25T06:55:00+00:00,13,Falset Star,15,53,D.Keane,P.B.Payne,ACTIVE_ENTRY,ACTIVE,2026-07-23T08:31:21.374064,RACING_COM_GETRACEFORM,15727050,69da8f391ee487f3750a5aeb77e274be3416ee2751b0600f303b538154e33534,CANDIDATE
RACE|2026-07-25|CAULFIELD|R9|1400M|2026-07-25T06:55:00+00:00,RCOM_HORSE_5341015,2026-07-25,2026-07-25,CAULFIELD,CAULFIELD,VIC,AUS,9,MRC Membership Made Of Moments Handicap,1400,TURF,6,2026-07-25T06:55:00+00:00,14,Hotei Senshi,8,53,L.K.Cartwright,L.F.Oliver,ACTIVE_ENTRY,ACTIVE,2026-07-23T08:31:21.374064,RACING_COM_GETRACEFORM,15723964,749e0e8657ee1a24c289e097d81001f10a3c74663819f611e878a0c2f344e100,CANDIDATE
RACE|2026-07-25|CAULFIELD|R9|1400M|2026-07-25T06:55:00+00:00,RCOM_HORSE_5353008,2026-07-25,2026-07-25,CAULFIELD,CAULFIELD,VIC,AUS,9,MRC Membership Made Of Moments Handicap,1400,TURF,6,2026-07-25T06:55:00+00:00,15,Shares,5,54,Z.Spain,Ken & Kasey Keys,EMERGENCY_ENTRY,ACTIVE,2026-07-23T08:31:21.374064,RACING_COM_GETRACEFORM,15715346,404fa4dc1ab9ba87077e1ff9989c9252c14d4f51680af3483ef42226177e531c,CANDIDATE
