race_key,runner_key,race_date,track,race_number,runner_id,saddle_number,horse_name,split_sequence,split_label,split_start_distance_metres,split_end_distance_metres,split_distance_metres,segment_time_seconds,position_at_split_end,average_speed_source,source_page_url,source_payload_file,semantic_version
2026-05-30|CAULFIELD|R01,2026-05-30|CAULFIELD|R01|RUNNER:15636586,2026-05-30,Caulfield,1,15636586,1,Crank,1,1200m-1000m,1200,1000,200,14.34,3,16.47,https://www.racing.com/form/2026-05-30/caulfield/race/1/speed-data,outputs/sectionals/raw/VIC/racingcom_full_payloads/getRaceForm_a3072255c6b4ea5989.json,RACINGCOM_SPEED_SEMANTICS_V1
2026-05-30|CAULFIELD|R01,2026-05-30|CAULFIELD|R01|RUNNER:15636586,2026-05-30,Caulfield,1,15636586,1,Crank,2,1000m-800m,1000,800,200,11.65,3,17.18,https://www.racing.com/form/2026-05-30/caulfield/race/1/speed-data,outputs/sectionals/raw/VIC/racingcom_full_payloads/getRaceForm_a3072255c6b4ea5989.json,RACINGCOM_SPEED_SEMANTICS_V1
2026-05-30|CAULFIELD|R01,2026-05-30|CAULFIELD|R01|RUNNER:15636586,2026-05-30,Caulfield,1,15636586,1,Crank,3,800m-600m,800,600,200,12.33,3,16.23,https://www.racing.com/form/2026-05-30/caulfield/race/1/speed-data,outputs/sectionals/raw/VIC/racingcom_full_payloads/getRaceForm_a3072255c6b4ea5989.json,RACINGCOM_SPEED_SEMANTICS_V1
2026-05-30|CAULFIELD|R01,2026-05-30|CAULFIELD|R01|RUNNER:15636586,2026-05-30,Caulfield,1,15636586,1,Crank,4,600m-400m,600,400,200,12,5,16.89,https://www.racing.com/form/2026-05-30/caulfield/race/1/speed-data,outputs/sectionals/raw/VIC/racingcom_full_payloads/getRaceForm_a3072255c6b4ea5989.json,RACINGCOM_SPEED_SEMANTICS_V1
2026-05-30|CAULFIELD|R01,2026-05-30|CAULFIELD|R01|RUNNER:15636586,2026-05-30,Caulfield,1,15636586,1,Crank,5,400m-200m,400,200,200,11.79,5,17.15,https://www.racing.com/form/2026-05-30/caulfield/race/1/speed-data,outputs/sectionals/raw/VIC/racingcom_full_payloads/getRaceForm_a3072255c6b4ea5989.json,RACINGCOM_SPEED_SEMANTICS_V1
2026-05-30|CAULFIELD|R01,2026-05-30|CAULFIELD|R01|RUNNER:15636586,2026-05-30,Caulfield,1,15636586,1,Crank,6,200m-FINISH,200,0,200,12.87,8,15.4,https://www.racing.com/form/2026-05-30/caulfield/race/1/speed-data,outputs/sectionals/raw/VIC/racingcom_full_payloads/getRaceForm_a3072255c6b4ea5989.json,RACINGCOM_SPEED_SEMANTICS_V1
2026-05-30|CAULFIELD|R01,2026-05-30|CAULFIELD|R01|RUNNER:15632919,2026-05-30,Caulfield,1,15632919,2,Obambulate,1,1200m-1000m,1200,1000,200,14.22,2,16.95,https://www.racing.com/form/2026-05-30/caulfield/race/1/speed-data,outputs/sectionals/raw/VIC/racingcom_full_payloads/getRaceForm_a3072255c6b4ea5989.json,RACINGCOM_SPEED_SEMANTICS_V1
2026-05-30|CAULFIELD|R01,2026-05-30|CAULFIELD|R01|RUNNER:15632919,2026-05-30,Caulfield,1,15632919,2,Obambulate,2,1000m-800m,1000,800,200,11.7,2,17.11,https://www.racing.com/form/2026-05-30/caulfield/race/1/speed-data,outputs/sectionals/raw/VIC/racingcom_full_payloads/getRaceForm_a3072255c6b4ea5989.json,RACINGCOM_SPEED_SEMANTICS_V1
2026-05-30|CAULFIELD|R01,2026-05-30|CAULFIELD|R01|RUNNER:15632919,2026-05-30,Caulfield,1,15632919,2,Obambulate,3,800m-600m,800,600,200,12.26,2,16.3,https://www.racing.com/form/2026-05-30/caulfield/race/1/speed-data,outputs/sectionals/raw/VIC/racingcom_full_payloads/getRaceForm_a3072255c6b4ea5989.json,RACINGCOM_SPEED_SEMANTICS_V1
2026-05-30|CAULFIELD|R01,2026-05-30|CAULFIELD|R01|RUNNER:15632919,2026-05-30,Caulfield,1,15632919,2,Obambulate,4,600m-400m,600,400,200,12,2,16.81,https://www.racing.com/form/2026-05-30/caulfield/race/1/speed-data,outputs/sectionals/raw/VIC/racingcom_full_payloads/getRaceForm_a3072255c6b4ea5989.json,RACINGCOM_SPEED_SEMANTICS_V1
2026-05-30|CAULFIELD|R01,2026-05-30|CAULFIELD|R01|RUNNER:15632919,2026-05-30,Caulfield,1,15632919,2,Obambulate,5,400m-200m,400,200,200,11.36,1,17.73,https://www.racing.com/form/2026-05-30/caulfield/race/1/speed-data,outputs/sectionals/raw/VIC/racingcom_full_payloads/getRaceForm_a3072255c6b4ea5989.json,RACINGCOM_SPEED_SEMANTICS_V1
2026-05-30|CAULFIELD|R01,2026-05-30|CAULFIELD|R01|RUNNER:15632919,2026-05-30,Caulfield,1,15632919,2,Obambulate,6,200m-FINISH,200,0,200,12.06,1,16.67,https://www.racing.com/form/2026-05-30/caulfield/race/1/speed-data,outputs/sectionals/raw/VIC/racingcom_full_payloads/getRaceForm_a3072255c6b4ea5989.json,RACINGCOM_SPEED_SEMANTICS_V1
2026-05-30|CAULFIELD|R01,2026-05-30|CAULFIELD|R01|RUNNER:15637371,2026-05-30,Caulfield,1,15637371,3,Carnevale,1,1200m-1000m,1200,1000,200,14.41,4,16.6,https://www.racing.com/form/2026-05-30/caulfield/race/1/speed-data,outputs/sectionals/raw/VIC/racingcom_full_payloads/getRaceForm_a3072255c6b4ea5989.json,RACINGCOM_SPEED_SEMANTICS_V1
2026-05-30|CAULFIELD|R01,2026-05-30|CAULFIELD|R01|RUNNER:15637371,2026-05-30,Caulfield,1,15637371,3,Carnevale,2,1000m-800m,1000,800,200,11.68,4,17.13,https://www.racing.com/form/2026-05-30/caulfield/race/1/speed-data,outputs/sectionals/raw/VIC/racingcom_full_payloads/getRaceForm_a3072255c6b4ea5989.json,RACINGCOM_SPEED_SEMANTICS_V1
2026-05-30|CAULFIELD|R01,2026-05-30|CAULFIELD|R01|RUNNER:15637371,2026-05-30,Caulfield,1,15637371,3,Carnevale,3,800m-600m,800,600,200,12.35,4,16.18,https://www.racing.com/form/2026-05-30/caulfield/race/1/speed-data,outputs/sectionals/raw/VIC/racingcom_full_payloads/getRaceForm_a3072255c6b4ea5989.json,RACINGCOM_SPEED_SEMANTICS_V1
2026-05-30|CAULFIELD|R01,2026-05-30|CAULFIELD|R01|RUNNER:15637371,2026-05-30,Caulfield,1,15637371,3,Carnevale,4,600m-400m,600,400,200,11.84,3,16.83,https://www.racing.com/form/2026-05-30/caulfield/race/1/speed-data,outputs/sectionals/raw/VIC/racingcom_full_payloads/getRaceForm_a3072255c6b4ea5989.json,RACINGCOM_SPEED_SEMANTICS_V1
2026-05-30|CAULFIELD|R01,2026-05-30|CAULFIELD|R01|RUNNER:15637371,2026-05-30,Caulfield,1,15637371,3,Carnevale,5,400m-200m,400,200,200,11.67,4,17.19,https://www.racing.com/form/2026-05-30/caulfield/race/1/speed-data,outputs/sectionals/raw/VIC/racingcom_full_payloads/getRaceForm_a3072255c6b4ea5989.json,RACINGCOM_SPEED_SEMANTICS_V1
2026-05-30|CAULFIELD|R01,2026-05-30|CAULFIELD|R01|RUNNER:15637371,2026-05-30,Caulfield,1,15637371,3,Carnevale,6,200m-FINISH,200,0,200,12.52,7,16.09,https://www.racing.com/form/2026-05-30/caulfield/race/1/speed-data,outputs/sectionals/raw/VIC/racingcom_full_payloads/getRaceForm_a3072255c6b4ea5989.json,RACINGCOM_SPEED_SEMANTICS_V1
2026-05-30|CAULFIELD|R01,2026-05-30|CAULFIELD|R01|RUNNER:15637214,2026-05-30,Caulfield,1,15637214,6,Qayed,1,1200m-1000m,1200,1000,200,14.69,7,16.29,https://www.racing.com/form/2026-05-30/caulfield/race/1/speed-data,outputs/sectionals/raw/VIC/racingcom_full_payloads/getRaceForm_a3072255c6b4ea5989.json,RACINGCOM_SPEED_SEMANTICS_V1
2026-05-30|CAULFIELD|R01,2026-05-30|CAULFIELD|R01|RUNNER:15637214,2026-05-30,Caulfield,1,15637214,6,Qayed,2,1000m-800m,1000,800,200,11.59,7,17.25,https://www.racing.com/form/2026-05-30/caulfield/race/1/speed-data,outputs/sectionals/raw/VIC/racingcom_full_payloads/getRaceForm_a3072255c6b4ea5989.json,RACINGCOM_SPEED_SEMANTICS_V1
2026-05-30|CAULFIELD|R01,2026-05-30|CAULFIELD|R01|RUNNER:15637214,2026-05-30,Caulfield,1,15637214,6,Qayed,3,800m-600m,800,600,200,12.3,6,16.26,https://www.racing.com/form/2026-05-30/caulfield/race/1/speed-data,outputs/sectionals/raw/VIC/racingcom_full_payloads/getRaceForm_a3072255c6b4ea5989.json,RACINGCOM_SPEED_SEMANTICS_V1
2026-05-30|CAULFIELD|R01,2026-05-30|CAULFIELD|R01|RUNNER:15637214,2026-05-30,Caulfield,1,15637214,6,Qayed,4,600m-400m,600,400,200,11.93,6,16.99,https://www.racing.com/form/2026-05-30/caulfield/race/1/speed-data,outputs/sectionals/raw/VIC/racingcom_full_payloads/getRaceForm_a3072255c6b4ea5989.json,RACINGCOM_SPEED_SEMANTICS_V1
2026-05-30|CAULFIELD|R01,2026-05-30|CAULFIELD|R01|RUNNER:15637214,2026-05-30,Caulfield,1,15637214,6,Qayed,5,400m-200m,400,200,200,11.66,7,17.34,https://www.racing.com/form/2026-05-30/caulfield/race/1/speed-data,outputs/sectionals/raw/VIC/racingcom_full_payloads/getRaceForm_a3072255c6b4ea5989.json,RACINGCOM_SPEED_SEMANTICS_V1
2026-05-30|CAULFIELD|R01,2026-05-30|CAULFIELD|R01|RUNNER:15637214,2026-05-30,Caulfield,1,15637214,6,Qayed,6,200m-FINISH,200,0,200,12.21,6,16.4,https://www.racing.com/form/2026-05-30/caulfield/race/1/speed-data,outputs/sectionals/raw/VIC/racingcom_full_payloads/getRaceForm_a3072255c6b4ea5989.json,RACINGCOM_SPEED_SEMANTICS_V1
2026-05-30|CAULFIELD|R01,2026-05-30|CAULFIELD|R01|RUNNER:15637019,2026-05-30,Caulfield,1,15637019,7,Star Of Macedon,1,1200m-1000m,1200,1000,200,14.63,6,16.48,https://www.racing.com/form/2026-05-30/caulfield/race/1/speed-data,outputs/sectionals/raw/VIC/racingcom_full_payloads/getRaceForm_a3072255c6b4ea5989.json,RACINGCOM_SPEED_SEMANTICS_V1
2026-05-30|CAULFIELD|R01,2026-05-30|CAULFIELD|R01|RUNNER:15637019,2026-05-30,Caulfield,1,15637019,7,Star Of Macedon,2,1000m-800m,1000,800,200,11.64,6,17.16,https://www.racing.com/form/2026-05-30/caulfield/race/1/speed-data,outputs/sectionals/raw/VIC/racingcom_full_payloads/getRaceForm_a3072255c6b4ea5989.json,RACINGCOM_SPEED_SEMANTICS_V1
2026-05-30|CAULFIELD|R01,2026-05-30|CAULFIELD|R01|RUNNER:15637019,2026-05-30,Caulfield,1,15637019,7,Star Of Macedon,3,800m-600m,800,600,200,12.33,7,16.25,https://www.racing.com/form/2026-05-30/caulfield/race/1/speed-data,outputs/sectionals/raw/VIC/racingcom_full_payloads/getRaceForm_a3072255c6b4ea5989.json,RACINGCOM_SPEED_SEMANTICS_V1
2026-05-30|CAULFIELD|R01,2026-05-30|CAULFIELD|R01|RUNNER:15637019,2026-05-30,Caulfield,1,15637019,7,Star Of Macedon,4,600m-400m,600,400,200,11.97,7,16.77,https://www.racing.com/form/2026-05-30/caulfield/race/1/speed-data,outputs/sectionals/raw/VIC/racingcom_full_payloads/getRaceForm_a3072255c6b4ea5989.json,RACINGCOM_SPEED_SEMANTICS_V1
2026-05-30|CAULFIELD|R01,2026-05-30|CAULFIELD|R01|RUNNER:15637019,2026-05-30,Caulfield,1,15637019,7,Star Of Macedon,5,400m-200m,400,200,200,11.6,8,17.32,https://www.racing.com/form/2026-05-30/caulfield/race/1/speed-data,outputs/sectionals/raw/VIC/racingcom_full_payloads/getRaceForm_a3072255c6b4ea5989.json,RACINGCOM_SPEED_SEMANTICS_V1
2026-05-30|CAULFIELD|R01,2026-05-30|CAULFIELD|R01|RUNNER:15637019,2026-05-30,Caulfield,1,15637019,7,Star Of Macedon,6,200m-FINISH,200,0,200,11.82,3,16.91,https://www.racing.com/form/2026-05-30/caulfield/race/1/speed-data,outputs/sectionals/raw/VIC/racingcom_full_payloads/getRaceForm_a3072255c6b4ea5989.json,RACINGCOM_SPEED_SEMANTICS_V1
2026-05-30|CAULFIELD|R01,2026-05-30|CAULFIELD|R01|RUNNER:15637372,2026-05-30,Caulfield,1,15637372,8,Vivid Storm,1,1200m-1000m,1200,1000,200,14.19,1,16.9,https://www.racing.com/form/2026-05-30/caulfield/race/1/speed-data,outputs/sectionals/raw/VIC/racingcom_full_payloads/getRaceForm_a3072255c6b4ea5989.json,RACINGCOM_SPEED_SEMANTICS_V1
2026-05-30|CAULFIELD|R01,2026-05-30|CAULFIELD|R01|RUNNER:15637372,2026-05-30,Caulfield,1,15637372,8,Vivid Storm,2,1000m-800m,1000,800,200,11.66,1,17.16,https://www.racing.com/form/2026-05-30/caulfield/race/1/speed-data,outputs/sectionals/raw/VIC/racingcom_full_payloads/getRaceForm_a3072255c6b4ea5989.json,RACINGCOM_SPEED_SEMANTICS_V1
2026-05-30|CAULFIELD|R01,2026-05-30|CAULFIELD|R01|RUNNER:15637372,2026-05-30,Caulfield,1,15637372,8,Vivid Storm,3,800m-600m,800,600,200,12.27,1,16.29,https://www.racing.com/form/2026-05-30/caulfield/race/1/speed-data,outputs/sectionals/raw/VIC/racingcom_full_payloads/getRaceForm_a3072255c6b4ea5989.json,RACINGCOM_SPEED_SEMANTICS_V1
2026-05-30|CAULFIELD|R01,2026-05-30|CAULFIELD|R01|RUNNER:15637372,2026-05-30,Caulfield,1,15637372,8,Vivid Storm,4,600m-400m,600,400,200,11.97,1,16.71,https://www.racing.com/form/2026-05-30/caulfield/race/1/speed-data,outputs/sectionals/raw/VIC/racingcom_full_payloads/getRaceForm_a3072255c6b4ea5989.json,RACINGCOM_SPEED_SEMANTICS_V1
2026-05-30|CAULFIELD|R01,2026-05-30|CAULFIELD|R01|RUNNER:15637372,2026-05-30,Caulfield,1,15637372,8,Vivid Storm,5,400m-200m,400,200,200,11.54,2,17.38,https://www.racing.com/form/2026-05-30/caulfield/race/1/speed-data,outputs/sectionals/raw/VIC/racingcom_full_payloads/getRaceForm_a3072255c6b4ea5989.json,RACINGCOM_SPEED_SEMANTICS_V1
2026-05-30|CAULFIELD|R01,2026-05-30|CAULFIELD|R01|RUNNER:15637372,2026-05-30,Caulfield,1,15637372,8,Vivid Storm,6,200m-FINISH,200,0,200,12.32,2,16.26,https://www.racing.com/form/2026-05-30/caulfield/race/1/speed-data,outputs/sectionals/raw/VIC/racingcom_full_payloads/getRaceForm_a3072255c6b4ea5989.json,RACINGCOM_SPEED_SEMANTICS_V1
2026-05-30|CAULFIELD|R01,2026-05-30|CAULFIELD|R01|RUNNER:15637813,2026-05-30,Caulfield,1,15637813,9,Autumn Rainbow,1,1200m-1000m,1200,1000,200,14.98,8,16.07,https://www.racing.com/form/2026-05-30/caulfield/race/1/speed-data,outputs/sectionals/raw/VIC/racingcom_full_payloads/getRaceForm_a3072255c6b4ea5989.json,RACINGCOM_SPEED_SEMANTICS_V1
2026-05-30|CAULFIELD|R01,2026-05-30|CAULFIELD|R01|RUNNER:15637813,2026-05-30,Caulfield,1,15637813,9,Autumn Rainbow,2,1000m-800m,1000,800,200,11.48,8,17.43,https://www.racing.com/form/2026-05-30/caulfield/race/1/speed-data,outputs/sectionals/raw/VIC/racingcom_full_payloads/getRaceForm_a3072255c6b4ea5989.json,RACINGCOM_SPEED_SEMANTICS_V1
2026-05-30|CAULFIELD|R01,2026-05-30|CAULFIELD|R01|RUNNER:15637813,2026-05-30,Caulfield,1,15637813,9,Autumn Rainbow,3,800m-600m,800,600,200,12.37,8,16.18,https://www.racing.com/form/2026-05-30/caulfield/race/1/speed-data,outputs/sectionals/raw/VIC/racingcom_full_payloads/getRaceForm_a3072255c6b4ea5989.json,RACINGCOM_SPEED_SEMANTICS_V1
2026-05-30|CAULFIELD|R01,2026-05-30|CAULFIELD|R01|RUNNER:15637813,2026-05-30,Caulfield,1,15637813,9,Autumn Rainbow,4,600m-400m,600,400,200,11.94,8,16.99,https://www.racing.com/form/2026-05-30/caulfield/race/1/speed-data,outputs/sectionals/raw/VIC/racingcom_full_payloads/getRaceForm_a3072255c6b4ea5989.json,RACINGCOM_SPEED_SEMANTICS_V1
2026-05-30|CAULFIELD|R01,2026-05-30|CAULFIELD|R01|RUNNER:15637813,2026-05-30,Caulfield,1,15637813,9,Autumn Rainbow,5,400m-200m,400,200,200,11.35,6,17.84,https://www.racing.com/form/2026-05-30/caulfield/race/1/speed-data,outputs/sectionals/raw/VIC/racingcom_full_payloads/getRaceForm_a3072255c6b4ea5989.json,RACINGCOM_SPEED_SEMANTICS_V1
2026-05-30|CAULFIELD|R01,2026-05-30|CAULFIELD|R01|RUNNER:15637813,2026-05-30,Caulfield,1,15637813,9,Autumn Rainbow,6,200m-FINISH,200,0,200,11.98,5,16.88,https://www.racing.com/form/2026-05-30/caulfield/race/1/speed-data,outputs/sectionals/raw/VIC/racingcom_full_payloads/getRaceForm_a3072255c6b4ea5989.json,RACINGCOM_SPEED_SEMANTICS_V1
2026-05-30|CAULFIELD|R01,2026-05-30|CAULFIELD|R01|RUNNER:15634770,2026-05-30,Caulfield,1,15634770,11,Monumentum,1,1200m-1000m,1200,1000,200,14.52,5,16.58,https://www.racing.com/form/2026-05-30/caulfield/race/1/speed-data,outputs/sectionals/raw/VIC/racingcom_full_payloads/getRaceForm_a3072255c6b4ea5989.json,RACINGCOM_SPEED_SEMANTICS_V1
2026-05-30|CAULFIELD|R01,2026-05-30|CAULFIELD|R01|RUNNER:15634770,2026-05-30,Caulfield,1,15634770,11,Monumentum,2,1000m-800m,1000,800,200,11.68,5,17.13,https://www.racing.com/form/2026-05-30/caulfield/race/1/speed-data,outputs/sectionals/raw/VIC/racingcom_full_payloads/getRaceForm_a3072255c6b4ea5989.json,RACINGCOM_SPEED_SEMANTICS_V1
2026-05-30|CAULFIELD|R01,2026-05-30|CAULFIELD|R01|RUNNER:15634770,2026-05-30,Caulfield,1,15634770,11,Monumentum,3,800m-600m,800,600,200,12.26,5,16.31,https://www.racing.com/form/2026-05-30/caulfield/race/1/speed-data,outputs/sectionals/raw/VIC/racingcom_full_payloads/getRaceForm_a3072255c6b4ea5989.json,RACINGCOM_SPEED_SEMANTICS_V1
2026-05-30|CAULFIELD|R01,2026-05-30|CAULFIELD|R01|RUNNER:15634770,2026-05-30,Caulfield,1,15634770,11,Monumentum,4,600m-400m,600,400,200,11.82,4,16.99,https://www.racing.com/form/2026-05-30/caulfield/race/1/speed-data,outputs/sectionals/raw/VIC/racingcom_full_payloads/getRaceForm_a3072255c6b4ea5989.json,RACINGCOM_SPEED_SEMANTICS_V1
2026-05-30|CAULFIELD|R01,2026-05-30|CAULFIELD|R01|RUNNER:15634770,2026-05-30,Caulfield,1,15634770,11,Monumentum,5,400m-200m,400,200,200,11.52,3,17.48,https://www.racing.com/form/2026-05-30/caulfield/race/1/speed-data,outputs/sectionals/raw/VIC/racingcom_full_payloads/getRaceForm_a3072255c6b4ea5989.json,RACINGCOM_SPEED_SEMANTICS_V1
2026-05-30|CAULFIELD|R01,2026-05-30|CAULFIELD|R01|RUNNER:15634770,2026-05-30,Caulfield,1,15634770,11,Monumentum,6,200m-FINISH,200,0,200,12.24,4,16.49,https://www.racing.com/form/2026-05-30/caulfield/race/1/speed-data,outputs/sectionals/raw/VIC/racingcom_full_payloads/getRaceForm_a3072255c6b4ea5989.json,RACINGCOM_SPEED_SEMANTICS_V1
2026-05-30|CAULFIELD|R02,2026-05-30|CAULFIELD|R02|RUNNER:15635698,2026-05-30,Caulfield,2,15635698,2,Emmadella,1,1200m-1000m,1200,1000,200,14.15,4,17.29,https://www.racing.com/form/2026-05-30/caulfield/race/2/speed-data,outputs/sectionals/raw/VIC/racingcom_full_payloads/getRaceForm_e6294bfdb2c56d4301.json,RACINGCOM_SPEED_SEMANTICS_V1
2026-05-30|CAULFIELD|R02,2026-05-30|CAULFIELD|R02|RUNNER:15635698,2026-05-30,Caulfield,2,15635698,2,Emmadella,2,1000m-800m,1000,800,200,10.78,4,18.55,https://www.racing.com/form/2026-05-30/caulfield/race/2/speed-data,outputs/sectionals/raw/VIC/racingcom_full_payloads/getRaceForm_e6294bfdb2c56d4301.json,RACINGCOM_SPEED_SEMANTICS_V1
2026-05-30|CAULFIELD|R02,2026-05-30|CAULFIELD|R02|RUNNER:15635698,2026-05-30,Caulfield,2,15635698,2,Emmadella,3,800m-600m,800,600,200,10.79,5,18.53,https://www.racing.com/form/2026-05-30/caulfield/race/2/speed-data,outputs/sectionals/raw/VIC/racingcom_full_payloads/getRaceForm_e6294bfdb2c56d4301.json,RACINGCOM_SPEED_SEMANTICS_V1
2026-05-30|CAULFIELD|R02,2026-05-30|CAULFIELD|R02|RUNNER:15635698,2026-05-30,Caulfield,2,15635698,2,Emmadella,4,600m-400m,600,400,200,11.92,5,17.24,https://www.racing.com/form/2026-05-30/caulfield/race/2/speed-data,outputs/sectionals/raw/VIC/racingcom_full_payloads/getRaceForm_e6294bfdb2c56d4301.json,RACINGCOM_SPEED_SEMANTICS_V1
2026-05-30|CAULFIELD|R02,2026-05-30|CAULFIELD|R02|RUNNER:15635698,2026-05-30,Caulfield,2,15635698,2,Emmadella,5,400m-200m,400,200,200,12.16,6,16.6,https://www.racing.com/form/2026-05-30/caulfield/race/2/speed-data,outputs/sectionals/raw/VIC/racingcom_full_payloads/getRaceForm_e6294bfdb2c56d4301.json,RACINGCOM_SPEED_SEMANTICS_V1
2026-05-30|CAULFIELD|R02,2026-05-30|CAULFIELD|R02|RUNNER:15635698,2026-05-30,Caulfield,2,15635698,2,Emmadella,6,200m-FINISH,200,0,200,12.77,3,15.65,https://www.racing.com/form/2026-05-30/caulfield/race/2/speed-data,outputs/sectionals/raw/VIC/racingcom_full_payloads/getRaceForm_e6294bfdb2c56d4301.json,RACINGCOM_SPEED_SEMANTICS_V1
2026-05-30|CAULFIELD|R02,2026-05-30|CAULFIELD|R02|RUNNER:15634936,2026-05-30,Caulfield,2,15634936,3,Swift Force,1,1200m-1000m,1200,1000,200,13.42,1,18.22,https://www.racing.com/form/2026-05-30/caulfield/race/2/speed-data,outputs/sectionals/raw/VIC/racingcom_full_payloads/getRaceForm_e6294bfdb2c56d4301.json,RACINGCOM_SPEED_SEMANTICS_V1
2026-05-30|CAULFIELD|R02,2026-05-30|CAULFIELD|R02|RUNNER:15634936,2026-05-30,Caulfield,2,15634936,3,Swift Force,2,1000m-800m,1000,800,200,10.39,1,19.25,https://www.racing.com/form/2026-05-30/caulfield/race/2/speed-data,outputs/sectionals/raw/VIC/racingcom_full_payloads/getRaceForm_e6294bfdb2c56d4301.json,RACINGCOM_SPEED_SEMANTICS_V1
2026-05-30|CAULFIELD|R02,2026-05-30|CAULFIELD|R02|RUNNER:15634936,2026-05-30,Caulfield,2,15634936,3,Swift Force,3,800m-600m,800,600,200,10.8,1,18.52,https://www.racing.com/form/2026-05-30/caulfield/race/2/speed-data,outputs/sectionals/raw/VIC/racingcom_full_payloads/getRaceForm_e6294bfdb2c56d4301.json,RACINGCOM_SPEED_SEMANTICS_V1
2026-05-30|CAULFIELD|R02,2026-05-30|CAULFIELD|R02|RUNNER:15634936,2026-05-30,Caulfield,2,15634936,3,Swift Force,4,600m-400m,600,400,200,11.99,1,17.16,https://www.racing.com/form/2026-05-30/caulfield/race/2/speed-data,outputs/sectionals/raw/VIC/racingcom_full_payloads/getRaceForm_e6294bfdb2c56d4301.json,RACINGCOM_SPEED_SEMANTICS_V1
2026-05-30|CAULFIELD|R02,2026-05-30|CAULFIELD|R02|RUNNER:15634936,2026-05-30,Caulfield,2,15634936,3,Swift Force,5,400m-200m,400,200,200,12.69,1,16.02,https://www.racing.com/form/2026-05-30/caulfield/race/2/speed-data,outputs/sectionals/raw/VIC/racingcom_full_payloads/getRaceForm_e6294bfdb2c56d4301.json,RACINGCOM_SPEED_SEMANTICS_V1
2026-05-30|CAULFIELD|R02,2026-05-30|CAULFIELD|R02|RUNNER:15634936,2026-05-30,Caulfield,2,15634936,3,Swift Force,6,200m-FINISH,200,0,200,13.31,4,15.04,https://www.racing.com/form/2026-05-30/caulfield/race/2/speed-data,outputs/sectionals/raw/VIC/racingcom_full_payloads/getRaceForm_e6294bfdb2c56d4301.json,RACINGCOM_SPEED_SEMANTICS_V1
2026-05-30|CAULFIELD|R02,2026-05-30|CAULFIELD|R02|RUNNER:15632846,2026-05-30,Caulfield,2,15632846,4,Flyer,1,1200m-1000m,1200,1000,200,14.36,8,16.89,https://www.racing.com/form/2026-05-30/caulfield/race/2/speed-data,outputs/sectionals/raw/VIC/racingcom_full_payloads/getRaceForm_e6294bfdb2c56d4301.json,RACINGCOM_SPEED_SEMANTICS_V1
2026-05-30|CAULFIELD|R02,2026-05-30|CAULFIELD|R02|RUNNER:15632846,2026-05-30,Caulfield,2,15632846,4,Flyer,2,1000m-800m,1000,800,200,10.72,7,18.64,https://www.racing.com/form/2026-05-30/caulfield/race/2/speed-data,outputs/sectionals/raw/VIC/racingcom_full_payloads/getRaceForm_e6294bfdb2c56d4301.json,RACINGCOM_SPEED_SEMANTICS_V1
2026-05-30|CAULFIELD|R02,2026-05-30|CAULFIELD|R02|RUNNER:15632846,2026-05-30,Caulfield,2,15632846,4,Flyer,3,800m-600m,800,600,200,11.01,8,18.18,https://www.racing.com/form/2026-05-30/caulfield/race/2/speed-data,outputs/sectionals/raw/VIC/racingcom_full_payloads/getRaceForm_e6294bfdb2c56d4301.json,RACINGCOM_SPEED_SEMANTICS_V1
2026-05-30|CAULFIELD|R02,2026-05-30|CAULFIELD|R02|RUNNER:15632846,2026-05-30,Caulfield,2,15632846,4,Flyer,4,600m-400m,600,400,200,11.87,8,17.55,https://www.racing.com/form/2026-05-30/caulfield/race/2/speed-data,outputs/sectionals/raw/VIC/racingcom_full_payloads/getRaceForm_e6294bfdb2c56d4301.json,RACINGCOM_SPEED_SEMANTICS_V1
2026-05-30|CAULFIELD|R02,2026-05-30|CAULFIELD|R02|RUNNER:15632846,2026-05-30,Caulfield,2,15632846,4,Flyer,5,400m-200m,400,200,200,11.74,5,17.26,https://www.racing.com/form/2026-05-30/caulfield/race/2/speed-data,outputs/sectionals/raw/VIC/racingcom_full_payloads/getRaceForm_e6294bfdb2c56d4301.json,RACINGCOM_SPEED_SEMANTICS_V1
2026-05-30|CAULFIELD|R02,2026-05-30|CAULFIELD|R02|RUNNER:15632846,2026-05-30,Caulfield,2,15632846,4,Flyer,6,200m-FINISH,200,0,200,12.64,1,15.91,https://www.racing.com/form/2026-05-30/caulfield/race/2/speed-data,outputs/sectionals/raw/VIC/racingcom_full_payloads/getRaceForm_e6294bfdb2c56d4301.json,RACINGCOM_SPEED_SEMANTICS_V1
2026-05-30|CAULFIELD|R02,2026-05-30|CAULFIELD|R02|RUNNER:15637377,2026-05-30,Caulfield,2,15637377,6,Luna Cat,1,1200m-1000m,1200,1000,200,14.36,9,17.05,https://www.racing.com/form/2026-05-30/caulfield/race/2/speed-data,outputs/sectionals/raw/VIC/racingcom_full_payloads/getRaceForm_e6294bfdb2c56d4301.json,RACINGCOM_SPEED_SEMANTICS_V1
2026-05-30|CAULFIELD|R02,2026-05-30|CAULFIELD|R02|RUNNER:15637377,2026-05-30,Caulfield,2,15637377,6,Luna Cat,2,1000m-800m,1000,800,200,10.88,9,18.4,https://www.racing.com/form/2026-05-30/caulfield/race/2/speed-data,outputs/sectionals/raw/VIC/racingcom_full_payloads/getRaceForm_e6294bfdb2c56d4301.json,RACINGCOM_SPEED_SEMANTICS_V1
2026-05-30|CAULFIELD|R02,2026-05-30|CAULFIELD|R02|RUNNER:15637377,2026-05-30,Caulfield,2,15637377,6,Luna Cat,3,800m-600m,800,600,200,10.87,9,18.41,https://www.racing.com/form/2026-05-30/caulfield/race/2/speed-data,outputs/sectionals/raw/VIC/racingcom_full_payloads/getRaceForm_e6294bfdb2c56d4301.json,RACINGCOM_SPEED_SEMANTICS_V1
2026-05-30|CAULFIELD|R02,2026-05-30|CAULFIELD|R02|RUNNER:15637377,2026-05-30,Caulfield,2,15637377,6,Luna Cat,4,600m-400m,600,400,200,11.89,9,17.37,https://www.racing.com/form/2026-05-30/caulfield/race/2/speed-data,outputs/sectionals/raw/VIC/racingcom_full_payloads/getRaceForm_e6294bfdb2c56d4301.json,RACINGCOM_SPEED_SEMANTICS_V1
2026-05-30|CAULFIELD|R02,2026-05-30|CAULFIELD|R02|RUNNER:15637377,2026-05-30,Caulfield,2,15637377,6,Luna Cat,5,400m-200m,400,200,200,11.82,8,17.17,https://www.racing.com/form/2026-05-30/caulfield/race/2/speed-data,outputs/sectionals/raw/VIC/racingcom_full_payloads/getRaceForm_e6294bfdb2c56d4301.json,RACINGCOM_SPEED_SEMANTICS_V1
2026-05-30|CAULFIELD|R02,2026-05-30|CAULFIELD|R02|RUNNER:15637377,2026-05-30,Caulfield,2,15637377,6,Luna Cat,6,200m-FINISH,200,0,200,12.67,2,15.76,https://www.racing.com/form/2026-05-30/caulfield/race/2/speed-data,outputs/sectionals/raw/VIC/racingcom_full_payloads/getRaceForm_e6294bfdb2c56d4301.json,RACINGCOM_SPEED_SEMANTICS_V1
2026-05-30|CAULFIELD|R02,2026-05-30|CAULFIELD|R02|RUNNER:15614516,2026-05-30,Caulfield,2,15614516,7,Sun Setting,1,1200m-1000m,1200,1000,200,14.15,5,17.15,https://www.racing.com/form/2026-05-30/caulfield/race/2/speed-data,outputs/sectionals/raw/VIC/racingcom_full_payloads/getRaceForm_e6294bfdb2c56d4301.json,RACINGCOM_SPEED_SEMANTICS_V1
2026-05-30|CAULFIELD|R02,2026-05-30|CAULFIELD|R02|RUNNER:15614516,2026-05-30,Caulfield,2,15614516,7,Sun Setting,2,1000m-800m,1000,800,200,10.83,5,18.47,https://www.racing.com/form/2026-05-30/caulfield/race/2/speed-data,outputs/sectionals/raw/VIC/racingcom_full_payloads/getRaceForm_e6294bfdb2c56d4301.json,RACINGCOM_SPEED_SEMANTICS_V1
2026-05-30|CAULFIELD|R02,2026-05-30|CAULFIELD|R02|RUNNER:15614516,2026-05-30,Caulfield,2,15614516,7,Sun Setting,3,800m-600m,800,600,200,10.86,6,18.42,https://www.racing.com/form/2026-05-30/caulfield/race/2/speed-data,outputs/sectionals/raw/VIC/racingcom_full_payloads/getRaceForm_e6294bfdb2c56d4301.json,RACINGCOM_SPEED_SEMANTICS_V1
2026-05-30|CAULFIELD|R02,2026-05-30|CAULFIELD|R02|RUNNER:15614516,2026-05-30,Caulfield,2,15614516,7,Sun Setting,4,600m-400m,600,400,200,11.98,7,17.31,https://www.racing.com/form/2026-05-30/caulfield/race/2/speed-data,outputs/sectionals/raw/VIC/racingcom_full_payloads/getRaceForm_e6294bfdb2c56d4301.json,RACINGCOM_SPEED_SEMANTICS_V1
2026-05-30|CAULFIELD|R02,2026-05-30|CAULFIELD|R02|RUNNER:15614516,2026-05-30,Caulfield,2,15614516,7,Sun Setting,5,400m-200m,400,200,200,12,9,16.9,https://www.racing.com/form/2026-05-30/caulfield/race/2/speed-data,outputs/sectionals/raw/VIC/racingcom_full_payloads/getRaceForm_e6294bfdb2c56d4301.json,RACINGCOM_SPEED_SEMANTICS_V1
2026-05-30|CAULFIELD|R02,2026-05-30|CAULFIELD|R02|RUNNER:15614516,2026-05-30,Caulfield,2,15614516,7,Sun Setting,6,200m-FINISH,200,0,200,13.43,7,14.82,https://www.racing.com/form/2026-05-30/caulfield/race/2/speed-data,outputs/sectionals/raw/VIC/racingcom_full_payloads/getRaceForm_e6294bfdb2c56d4301.json,RACINGCOM_SPEED_SEMANTICS_V1
2026-05-30|CAULFIELD|R02,2026-05-30|CAULFIELD|R02|RUNNER:15634465,2026-05-30,Caulfield,2,15634465,8,Bedtime Angel,1,1200m-1000m,1200,1000,200,13.58,2,18.02,https://www.racing.com/form/2026-05-30/caulfield/race/2/speed-data,outputs/sectionals/raw/VIC/racingcom_full_payloads/getRaceForm_e6294bfdb2c56d4301.json,RACINGCOM_SPEED_SEMANTICS_V1
2026-05-30|CAULFIELD|R02,2026-05-30|CAULFIELD|R02|RUNNER:15634465,2026-05-30,Caulfield,2,15634465,8,Bedtime Angel,2,1000m-800m,1000,800,200,10.39,2,19.26,https://www.racing.com/form/2026-05-30/caulfield/race/2/speed-data,outputs/sectionals/raw/VIC/racingcom_full_payloads/getRaceForm_e6294bfdb2c56d4301.json,RACINGCOM_SPEED_SEMANTICS_V1
2026-05-30|CAULFIELD|R02,2026-05-30|CAULFIELD|R02|RUNNER:15634465,2026-05-30,Caulfield,2,15634465,8,Bedtime Angel,3,800m-600m,800,600,200,10.74,2,18.61,https://www.racing.com/form/2026-05-30/caulfield/race/2/speed-data,outputs/sectionals/raw/VIC/racingcom_full_payloads/getRaceForm_e6294bfdb2c56d4301.json,RACINGCOM_SPEED_SEMANTICS_V1
2026-05-30|CAULFIELD|R02,2026-05-30|CAULFIELD|R02|RUNNER:15634465,2026-05-30,Caulfield,2,15634465,8,Bedtime Angel,4,600m-400m,600,400,200,12.03,2,17.17,https://www.racing.com/form/2026-05-30/caulfield/race/2/speed-data,outputs/sectionals/raw/VIC/racingcom_full_payloads/getRaceForm_e6294bfdb2c56d4301.json,RACINGCOM_SPEED_SEMANTICS_V1
2026-05-30|CAULFIELD|R02,2026-05-30|CAULFIELD|R02|RUNNER:15634465,2026-05-30,Caulfield,2,15634465,8,Bedtime Angel,5,400m-200m,400,200,200,12.81,2,15.87,https://www.racing.com/form/2026-05-30/caulfield/race/2/speed-data,outputs/sectionals/raw/VIC/racingcom_full_payloads/getRaceForm_e6294bfdb2c56d4301.json,RACINGCOM_SPEED_SEMANTICS_V1
2026-05-30|CAULFIELD|R02,2026-05-30|CAULFIELD|R02|RUNNER:15634465,2026-05-30,Caulfield,2,15634465,8,Bedtime Angel,6,200m-FINISH,200,0,200,14.52,9,13.81,https://www.racing.com/form/2026-05-30/caulfield/race/2/speed-data,outputs/sectionals/raw/VIC/racingcom_full_payloads/getRaceForm_e6294bfdb2c56d4301.json,RACINGCOM_SPEED_SEMANTICS_V1
2026-05-30|CAULFIELD|R02,2026-05-30|CAULFIELD|R02|RUNNER:15637882,2026-05-30,Caulfield,2,15637882,10,Southern Crescent,1,1200m-1000m,1200,1000,200,14.31,6,17.24,https://www.racing.com/form/2026-05-30/caulfield/race/2/speed-data,outputs/sectionals/raw/VIC/racingcom_full_payloads/getRaceForm_e6294bfdb2c56d4301.json,RACINGCOM_SPEED_SEMANTICS_V1
2026-05-30|CAULFIELD|R02,2026-05-30|CAULFIELD|R02|RUNNER:15637882,2026-05-30,Caulfield,2,15637882,10,Southern Crescent,2,1000m-800m,1000,800,200,10.83,8,18.48,https://www.racing.com/form/2026-05-30/caulfield/race/2/speed-data,outputs/sectionals/raw/VIC/racingcom_full_payloads/getRaceForm_e6294bfdb2c56d4301.json,RACINGCOM_SPEED_SEMANTICS_V1
2026-05-30|CAULFIELD|R02,2026-05-30|CAULFIELD|R02|RUNNER:15637882,2026-05-30,Caulfield,2,15637882,10,Southern Crescent,3,800m-600m,800,600,200,10.87,7,18.39,https://www.racing.com/form/2026-05-30/caulfield/race/2/speed-data,outputs/sectionals/raw/VIC/racingcom_full_payloads/getRaceForm_e6294bfdb2c56d4301.json,RACINGCOM_SPEED_SEMANTICS_V1
2026-05-30|CAULFIELD|R02,2026-05-30|CAULFIELD|R02|RUNNER:15637882,2026-05-30,Caulfield,2,15637882,10,Southern Crescent,4,600m-400m,600,400,200,11.71,6,17.51,https://www.racing.com/form/2026-05-30/caulfield/race/2/speed-data,outputs/sectionals/raw/VIC/racingcom_full_payloads/getRaceForm_e6294bfdb2c56d4301.json,RACINGCOM_SPEED_SEMANTICS_V1
2026-05-30|CAULFIELD|R02,2026-05-30|CAULFIELD|R02|RUNNER:15637882,2026-05-30,Caulfield,2,15637882,10,Southern Crescent,5,400m-200m,400,200,200,12.09,7,16.7,https://www.racing.com/form/2026-05-30/caulfield/race/2/speed-data,outputs/sectionals/raw/VIC/racingcom_full_payloads/getRaceForm_e6294bfdb2c56d4301.json,RACINGCOM_SPEED_SEMANTICS_V1
2026-05-30|CAULFIELD|R02,2026-05-30|CAULFIELD|R02|RUNNER:15637882,2026-05-30,Caulfield,2,15637882,10,Southern Crescent,6,200m-FINISH,200,0,200,13.55,8,14.81,https://www.racing.com/form/2026-05-30/caulfield/race/2/speed-data,outputs/sectionals/raw/VIC/racingcom_full_payloads/getRaceForm_e6294bfdb2c56d4301.json,RACINGCOM_SPEED_SEMANTICS_V1
2026-05-30|CAULFIELD|R02,2026-05-30|CAULFIELD|R02|RUNNER:15636457,2026-05-30,Caulfield,2,15636457,11,West Of Dalby,1,1200m-1000m,1200,1000,200,13.76,3,17.68,https://www.racing.com/form/2026-05-30/caulfield/race/2/speed-data,outputs/sectionals/raw/VIC/racingcom_full_payloads/getRaceForm_e6294bfdb2c56d4301.json,RACINGCOM_SPEED_SEMANTICS_V1
2026-05-30|CAULFIELD|R02,2026-05-30|CAULFIELD|R02|RUNNER:15636457,2026-05-30,Caulfield,2,15636457,11,West Of Dalby,2,1000m-800m,1000,800,200,10.58,3,18.92,https://www.racing.com/form/2026-05-30/caulfield/race/2/speed-data,outputs/sectionals/raw/VIC/racingcom_full_payloads/getRaceForm_e6294bfdb2c56d4301.json,RACINGCOM_SPEED_SEMANTICS_V1
2026-05-30|CAULFIELD|R02,2026-05-30|CAULFIELD|R02|RUNNER:15636457,2026-05-30,Caulfield,2,15636457,11,West Of Dalby,3,800m-600m,800,600,200,10.96,3,18.25,https://www.racing.com/form/2026-05-30/caulfield/race/2/speed-data,outputs/sectionals/raw/VIC/racingcom_full_payloads/getRaceForm_e6294bfdb2c56d4301.json,RACINGCOM_SPEED_SEMANTICS_V1
2026-05-30|CAULFIELD|R02,2026-05-30|CAULFIELD|R02|RUNNER:15636457,2026-05-30,Caulfield,2,15636457,11,West Of Dalby,4,600m-400m,600,400,200,12.03,3,17.39,https://www.racing.com/form/2026-05-30/caulfield/race/2/speed-data,outputs/sectionals/raw/VIC/racingcom_full_payloads/getRaceForm_e6294bfdb2c56d4301.json,RACINGCOM_SPEED_SEMANTICS_V1
2026-05-30|CAULFIELD|R02,2026-05-30|CAULFIELD|R02|RUNNER:15636457,2026-05-30,Caulfield,2,15636457,11,West Of Dalby,5,400m-200m,400,200,200,12.26,3,16.46,https://www.racing.com/form/2026-05-30/caulfield/race/2/speed-data,outputs/sectionals/raw/VIC/racingcom_full_payloads/getRaceForm_e6294bfdb2c56d4301.json,RACINGCOM_SPEED_SEMANTICS_V1
2026-05-30|CAULFIELD|R02,2026-05-30|CAULFIELD|R02|RUNNER:15636457,2026-05-30,Caulfield,2,15636457,11,West Of Dalby,6,200m-FINISH,200,0,200,13.46,6,14.78,https://www.racing.com/form/2026-05-30/caulfield/race/2/speed-data,outputs/sectionals/raw/VIC/racingcom_full_payloads/getRaceForm_e6294bfdb2c56d4301.json,RACINGCOM_SPEED_SEMANTICS_V1
2026-05-30|CAULFIELD|R02,2026-05-30|CAULFIELD|R02|RUNNER:15622358,2026-05-30,Caulfield,2,15622358,12,Zunna,1,1200m-1000m,1200,1000,200,14.35,7,16.75,https://www.racing.com/form/2026-05-30/caulfield/race/2/speed-data,outputs/sectionals/raw/VIC/racingcom_full_payloads/getRaceForm_e6294bfdb2c56d4301.json,RACINGCOM_SPEED_SEMANTICS_V1
2026-05-30|CAULFIELD|R02,2026-05-30|CAULFIELD|R02|RUNNER:15622358,2026-05-30,Caulfield,2,15622358,12,Zunna,2,1000m-800m,1000,800,200,10.63,6,18.82,https://www.racing.com/form/2026-05-30/caulfield/race/2/speed-data,outputs/sectionals/raw/VIC/racingcom_full_payloads/getRaceForm_e6294bfdb2c56d4301.json,RACINGCOM_SPEED_SEMANTICS_V1
2026-05-30|CAULFIELD|R02,2026-05-30|CAULFIELD|R02|RUNNER:15622358,2026-05-30,Caulfield,2,15622358,12,Zunna,3,800m-600m,800,600,200,10.67,4,18.75,https://www.racing.com/form/2026-05-30/caulfield/race/2/speed-data,outputs/sectionals/raw/VIC/racingcom_full_payloads/getRaceForm_e6294bfdb2c56d4301.json,RACINGCOM_SPEED_SEMANTICS_V1
2026-05-30|CAULFIELD|R02,2026-05-30|CAULFIELD|R02|RUNNER:15622358,2026-05-30,Caulfield,2,15622358,12,Zunna,4,600m-400m,600,400,200,11.77,4,17.67,https://www.racing.com/form/2026-05-30/caulfield/race/2/speed-data,outputs/sectionals/raw/VIC/racingcom_full_payloads/getRaceForm_e6294bfdb2c56d4301.json,RACINGCOM_SPEED_SEMANTICS_V1
2026-05-30|CAULFIELD|R02,2026-05-30|CAULFIELD|R02|RUNNER:15622358,2026-05-30,Caulfield,2,15622358,12,Zunna,5,400m-200m,400,200,200,12.19,4,16.72,https://www.racing.com/form/2026-05-30/caulfield/race/2/speed-data,outputs/sectionals/raw/VIC/racingcom_full_payloads/getRaceForm_e6294bfdb2c56d4301.json,RACINGCOM_SPEED_SEMANTICS_V1
2026-05-30|CAULFIELD|R02,2026-05-30|CAULFIELD|R02|RUNNER:15622358,2026-05-30,Caulfield,2,15622358,12,Zunna,6,200m-FINISH,200,0,200,13.1,5,15.27,https://www.racing.com/form/2026-05-30/caulfield/race/2/speed-data,outputs/sectionals/raw/VIC/racingcom_full_payloads/getRaceForm_e6294bfdb2c56d4301.json,RACINGCOM_SPEED_SEMANTICS_V1
2026-05-30|CAULFIELD|R03,2026-05-30|CAULFIELD|R03|RUNNER:15636127,2026-05-30,Caulfield,3,15636127,2,Bel Mezyaan,1,1400m-1200m,1400,1200,200,14.83,6,16.26,https://www.racing.com/form/2026-05-30/caulfield/race/3/speed-data,outputs/sectionals/raw/VIC/racingcom_full_payloads/getRaceForm_a15afedf76f227232c.json,RACINGCOM_SPEED_SEMANTICS_V1
2026-05-30|CAULFIELD|R03,2026-05-30|CAULFIELD|R03|RUNNER:15636127,2026-05-30,Caulfield,3,15636127,2,Bel Mezyaan,2,1200m-1000m,1200,1000,200,12.04,6,16.68,https://www.racing.com/form/2026-05-30/caulfield/race/3/speed-data,outputs/sectionals/raw/VIC/racingcom_full_payloads/getRaceForm_a15afedf76f227232c.json,RACINGCOM_SPEED_SEMANTICS_V1
2026-05-30|CAULFIELD|R03,2026-05-30|CAULFIELD|R03|RUNNER:15636127,2026-05-30,Caulfield,3,15636127,2,Bel Mezyaan,3,1000m-800m,1000,800,200,12.51,8,16.1,https://www.racing.com/form/2026-05-30/caulfield/race/3/speed-data,outputs/sectionals/raw/VIC/racingcom_full_payloads/getRaceForm_a15afedf76f227232c.json,RACINGCOM_SPEED_SEMANTICS_V1
2026-05-30|CAULFIELD|R03,2026-05-30|CAULFIELD|R03|RUNNER:15636127,2026-05-30,Caulfield,3,15636127,2,Bel Mezyaan,4,800m-600m,800,600,200,11.78,8,16.98,https://www.racing.com/form/2026-05-30/caulfield/race/3/speed-data,outputs/sectionals/raw/VIC/racingcom_full_payloads/getRaceForm_a15afedf76f227232c.json,RACINGCOM_SPEED_SEMANTICS_V1
2026-05-30|CAULFIELD|R03,2026-05-30|CAULFIELD|R03|RUNNER:15636127,2026-05-30,Caulfield,3,15636127,2,Bel Mezyaan,5,600m-400m,600,400,200,11.99,8,17.29,https://www.racing.com/form/2026-05-30/caulfield/race/3/speed-data,outputs/sectionals/raw/VIC/racingcom_full_payloads/getRaceForm_a15afedf76f227232c.json,RACINGCOM_SPEED_SEMANTICS_V1
2026-05-30|CAULFIELD|R03,2026-05-30|CAULFIELD|R03|RUNNER:15636127,2026-05-30,Caulfield,3,15636127,2,Bel Mezyaan,6,400m-200m,400,200,200,11.71,8,17.44,https://www.racing.com/form/2026-05-30/caulfield/race/3/speed-data,outputs/sectionals/raw/VIC/racingcom_full_payloads/getRaceForm_a15afedf76f227232c.json,RACINGCOM_SPEED_SEMANTICS_V1
2026-05-30|CAULFIELD|R03,2026-05-30|CAULFIELD|R03|RUNNER:15636127,2026-05-30,Caulfield,3,15636127,2,Bel Mezyaan,7,200m-FINISH,200,0,200,11.84,3,16.6,https://www.racing.com/form/2026-05-30/caulfield/race/3/speed-data,outputs/sectionals/raw/VIC/racingcom_full_payloads/getRaceForm_a15afedf76f227232c.json,RACINGCOM_SPEED_SEMANTICS_V1
2026-05-30|CAULFIELD|R03,2026-05-30|CAULFIELD|R03|RUNNER:15629560,2026-05-30,Caulfield,3,15629560,3,Cinturato,1,1400m-1200m,1400,1200,200,15.04,8,15.79,https://www.racing.com/form/2026-05-30/caulfield/race/3/speed-data,outputs/sectionals/raw/VIC/racingcom_full_payloads/getRaceForm_a15afedf76f227232c.json,RACINGCOM_SPEED_SEMANTICS_V1
2026-05-30|CAULFIELD|R03,2026-05-30|CAULFIELD|R03|RUNNER:15629560,2026-05-30,Caulfield,3,15629560,3,Cinturato,2,1200m-1000m,1200,1000,200,12.09,8,16.72,https://www.racing.com/form/2026-05-30/caulfield/race/3/speed-data,outputs/sectionals/raw/VIC/racingcom_full_payloads/getRaceForm_a15afedf76f227232c.json,RACINGCOM_SPEED_SEMANTICS_V1
2026-05-30|CAULFIELD|R03,2026-05-30|CAULFIELD|R03|RUNNER:15629560,2026-05-30,Caulfield,3,15629560,3,Cinturato,3,1000m-800m,1000,800,200,12.25,7,16.52,https://www.racing.com/form/2026-05-30/caulfield/race/3/speed-data,outputs/sectionals/raw/VIC/racingcom_full_payloads/getRaceForm_a15afedf76f227232c.json,RACINGCOM_SPEED_SEMANTICS_V1
2026-05-30|CAULFIELD|R03,2026-05-30|CAULFIELD|R03|RUNNER:15629560,2026-05-30,Caulfield,3,15629560,3,Cinturato,4,800m-600m,800,600,200,11.71,7,17.09,https://www.racing.com/form/2026-05-30/caulfield/race/3/speed-data,outputs/sectionals/raw/VIC/racingcom_full_payloads/getRaceForm_a15afedf76f227232c.json,RACINGCOM_SPEED_SEMANTICS_V1
2026-05-30|CAULFIELD|R03,2026-05-30|CAULFIELD|R03|RUNNER:15629560,2026-05-30,Caulfield,3,15629560,3,Cinturato,5,600m-400m,600,400,200,11.76,6,17.7,https://www.racing.com/form/2026-05-30/caulfield/race/3/speed-data,outputs/sectionals/raw/VIC/racingcom_full_payloads/getRaceForm_a15afedf76f227232c.json,RACINGCOM_SPEED_SEMANTICS_V1
2026-05-30|CAULFIELD|R03,2026-05-30|CAULFIELD|R03|RUNNER:15629560,2026-05-30,Caulfield,3,15629560,3,Cinturato,6,400m-200m,400,200,200,11.62,4,17.55,https://www.racing.com/form/2026-05-30/caulfield/race/3/speed-data,outputs/sectionals/raw/VIC/racingcom_full_payloads/getRaceForm_a15afedf76f227232c.json,RACINGCOM_SPEED_SEMANTICS_V1
2026-05-30|CAULFIELD|R03,2026-05-30|CAULFIELD|R03|RUNNER:15629560,2026-05-30,Caulfield,3,15629560,3,Cinturato,7,200m-FINISH,200,0,200,12.47,7,16.06,https://www.racing.com/form/2026-05-30/caulfield/race/3/speed-data,outputs/sectionals/raw/VIC/racingcom_full_payloads/getRaceForm_a15afedf76f227232c.json,RACINGCOM_SPEED_SEMANTICS_V1
2026-05-30|CAULFIELD|R03,2026-05-30|CAULFIELD|R03|RUNNER:15638164,2026-05-30,Caulfield,3,15638164,5,Yes Yoshi,1,1400m-1200m,1400,1200,200,14.78,5,16.01,https://www.racing.com/form/2026-05-30/caulfield/race/3/speed-data,outputs/sectionals/raw/VIC/racingcom_full_payloads/getRaceForm_a15afedf76f227232c.json,RACINGCOM_SPEED_SEMANTICS_V1
2026-05-30|CAULFIELD|R03,2026-05-30|CAULFIELD|R03|RUNNER:15638164,2026-05-30,Caulfield,3,15638164,5,Yes Yoshi,2,1200m-1000m,1200,1000,200,12.06,5,16.81,https://www.racing.com/form/2026-05-30/caulfield/race/3/speed-data,outputs/sectionals/raw/VIC/racingcom_full_payloads/getRaceForm_a15afedf76f227232c.json,RACINGCOM_SPEED_SEMANTICS_V1
2026-05-30|CAULFIELD|R03,2026-05-30|CAULFIELD|R03|RUNNER:15638164,2026-05-30,Caulfield,3,15638164,5,Yes Yoshi,3,1000m-800m,1000,800,200,12.15,3,16.64,https://www.racing.com/form/2026-05-30/caulfield/race/3/speed-data,outputs/sectionals/raw/VIC/racingcom_full_payloads/getRaceForm_a15afedf76f227232c.json,RACINGCOM_SPEED_SEMANTICS_V1
2026-05-30|CAULFIELD|R03,2026-05-30|CAULFIELD|R03|RUNNER:15638164,2026-05-30,Caulfield,3,15638164,5,Yes Yoshi,4,800m-600m,800,600,200,11.78,4,17.0,https://www.racing.com/form/2026-05-30/caulfield/race/3/speed-data,outputs/sectionals/raw/VIC/racingcom_full_payloads/getRaceForm_a15afedf76f227232c.json,RACINGCOM_SPEED_SEMANTICS_V1
2026-05-30|CAULFIELD|R03,2026-05-30|CAULFIELD|R03|RUNNER:15638164,2026-05-30,Caulfield,3,15638164,5,Yes Yoshi,5,600m-400m,600,400,200,11.95,3,17.35,https://www.racing.com/form/2026-05-30/caulfield/race/3/speed-data,outputs/sectionals/raw/VIC/racingcom_full_payloads/getRaceForm_a15afedf76f227232c.json,RACINGCOM_SPEED_SEMANTICS_V1
2026-05-30|CAULFIELD|R03,2026-05-30|CAULFIELD|R03|RUNNER:15638164,2026-05-30,Caulfield,3,15638164,5,Yes Yoshi,6,400m-200m,400,200,200,11.7,2,17.44,https://www.racing.com/form/2026-05-30/caulfield/race/3/speed-data,outputs/sectionals/raw/VIC/racingcom_full_payloads/getRaceForm_a15afedf76f227232c.json,RACINGCOM_SPEED_SEMANTICS_V1
2026-05-30|CAULFIELD|R03,2026-05-30|CAULFIELD|R03|RUNNER:15638164,2026-05-30,Caulfield,3,15638164,5,Yes Yoshi,7,200m-FINISH,200,0,200,12.3,4,16.33,https://www.racing.com/form/2026-05-30/caulfield/race/3/speed-data,outputs/sectionals/raw/VIC/racingcom_full_payloads/getRaceForm_a15afedf76f227232c.json,RACINGCOM_SPEED_SEMANTICS_V1
2026-05-30|CAULFIELD|R03,2026-05-30|CAULFIELD|R03|RUNNER:15636871,2026-05-30,Caulfield,3,15636871,8,Clevor Trever,1,1400m-1200m,1400,1200,200,14.53,3,16.25,https://www.racing.com/form/2026-05-30/caulfield/race/3/speed-data,outputs/sectionals/raw/VIC/racingcom_full_payloads/getRaceForm_a15afedf76f227232c.json,RACINGCOM_SPEED_SEMANTICS_V1
2026-05-30|CAULFIELD|R03,2026-05-30|CAULFIELD|R03|RUNNER:15636871,2026-05-30,Caulfield,3,15636871,8,Clevor Trever,2,1200m-1000m,1200,1000,200,12.15,3,16.6,https://www.racing.com/form/2026-05-30/caulfield/race/3/speed-data,outputs/sectionals/raw/VIC/racingcom_full_payloads/getRaceForm_a15afedf76f227232c.json,RACINGCOM_SPEED_SEMANTICS_V1
2026-05-30|CAULFIELD|R03,2026-05-30|CAULFIELD|R03|RUNNER:15636871,2026-05-30,Caulfield,3,15636871,8,Clevor Trever,3,1000m-800m,1000,800,200,12.46,6,16.17,https://www.racing.com/form/2026-05-30/caulfield/race/3/speed-data,outputs/sectionals/raw/VIC/racingcom_full_payloads/getRaceForm_a15afedf76f227232c.json,RACINGCOM_SPEED_SEMANTICS_V1
2026-05-30|CAULFIELD|R03,2026-05-30|CAULFIELD|R03|RUNNER:15636871,2026-05-30,Caulfield,3,15636871,8,Clevor Trever,4,800m-600m,800,600,200,11.72,5,17.06,https://www.racing.com/form/2026-05-30/caulfield/race/3/speed-data,outputs/sectionals/raw/VIC/racingcom_full_payloads/getRaceForm_a15afedf76f227232c.json,RACINGCOM_SPEED_SEMANTICS_V1
2026-05-30|CAULFIELD|R03,2026-05-30|CAULFIELD|R03|RUNNER:15636871,2026-05-30,Caulfield,3,15636871,8,Clevor Trever,5,600m-400m,600,400,200,12.01,7,17.28,https://www.racing.com/form/2026-05-30/caulfield/race/3/speed-data,outputs/sectionals/raw/VIC/racingcom_full_payloads/getRaceForm_a15afedf76f227232c.json,RACINGCOM_SPEED_SEMANTICS_V1
2026-05-30|CAULFIELD|R03,2026-05-30|CAULFIELD|R03|RUNNER:15636871,2026-05-30,Caulfield,3,15636871,8,Clevor Trever,6,400m-200m,400,200,200,11.64,6,17.5,https://www.racing.com/form/2026-05-30/caulfield/race/3/speed-data,outputs/sectionals/raw/VIC/racingcom_full_payloads/getRaceForm_a15afedf76f227232c.json,RACINGCOM_SPEED_SEMANTICS_V1
2026-05-30|CAULFIELD|R03,2026-05-30|CAULFIELD|R03|RUNNER:15636871,2026-05-30,Caulfield,3,15636871,8,Clevor Trever,7,200m-FINISH,200,0,200,12,1,16.74,https://www.racing.com/form/2026-05-30/caulfield/race/3/speed-data,outputs/sectionals/raw/VIC/racingcom_full_payloads/getRaceForm_a15afedf76f227232c.json,RACINGCOM_SPEED_SEMANTICS_V1
2026-05-30|CAULFIELD|R03,2026-05-30|CAULFIELD|R03|RUNNER:15637642,2026-05-30,Caulfield,3,15637642,9,Power And The Beat (NZ),1,1400m-1200m,1400,1200,200,14.5,2,16.54,https://www.racing.com/form/2026-05-30/caulfield/race/3/speed-data,outputs/sectionals/raw/VIC/racingcom_full_payloads/getRaceForm_a15afedf76f227232c.json,RACINGCOM_SPEED_SEMANTICS_V1
2026-05-30|CAULFIELD|R03,2026-05-30|CAULFIELD|R03|RUNNER:15637642,2026-05-30,Caulfield,3,15637642,9,Power And The Beat (NZ),2,1200m-1000m,1200,1000,200,11.94,1,16.88,https://www.racing.com/form/2026-05-30/caulfield/race/3/speed-data,outputs/sectionals/raw/VIC/racingcom_full_payloads/getRaceForm_a15afedf76f227232c.json,RACINGCOM_SPEED_SEMANTICS_V1
2026-05-30|CAULFIELD|R03,2026-05-30|CAULFIELD|R03|RUNNER:15637642,2026-05-30,Caulfield,3,15637642,9,Power And The Beat (NZ),3,1000m-800m,1000,800,200,12.36,1,16.27,https://www.racing.com/form/2026-05-30/caulfield/race/3/speed-data,outputs/sectionals/raw/VIC/racingcom_full_payloads/getRaceForm_a15afedf76f227232c.json,RACINGCOM_SPEED_SEMANTICS_V1
2026-05-30|CAULFIELD|R03,2026-05-30|CAULFIELD|R03|RUNNER:15637642,2026-05-30,Caulfield,3,15637642,9,Power And The Beat (NZ),4,800m-600m,800,600,200,11.77,2,17.02,https://www.racing.com/form/2026-05-30/caulfield/race/3/speed-data,outputs/sectionals/raw/VIC/racingcom_full_payloads/getRaceForm_a15afedf76f227232c.json,RACINGCOM_SPEED_SEMANTICS_V1
2026-05-30|CAULFIELD|R03,2026-05-30|CAULFIELD|R03|RUNNER:15637642,2026-05-30,Caulfield,3,15637642,9,Power And The Beat (NZ),5,600m-400m,600,400,200,12.18,5,17.06,https://www.racing.com/form/2026-05-30/caulfield/race/3/speed-data,outputs/sectionals/raw/VIC/racingcom_full_payloads/getRaceForm_a15afedf76f227232c.json,RACINGCOM_SPEED_SEMANTICS_V1
2026-05-30|CAULFIELD|R03,2026-05-30|CAULFIELD|R03|RUNNER:15637642,2026-05-30,Caulfield,3,15637642,9,Power And The Beat (NZ),6,400m-200m,400,200,200,11.85,7,17.2,https://www.racing.com/form/2026-05-30/caulfield/race/3/speed-data,outputs/sectionals/raw/VIC/racingcom_full_payloads/getRaceForm_a15afedf76f227232c.json,RACINGCOM_SPEED_SEMANTICS_V1
2026-05-30|CAULFIELD|R03,2026-05-30|CAULFIELD|R03|RUNNER:15637642,2026-05-30,Caulfield,3,15637642,9,Power And The Beat (NZ),7,200m-FINISH,200,0,200,12.36,8,16.2,https://www.racing.com/form/2026-05-30/caulfield/race/3/speed-data,outputs/sectionals/raw/VIC/racingcom_full_payloads/getRaceForm_a15afedf76f227232c.json,RACINGCOM_SPEED_SEMANTICS_V1
2026-05-30|CAULFIELD|R03,2026-05-30|CAULFIELD|R03|RUNNER:15632488,2026-05-30,Caulfield,3,15632488,10,Undisputable,1,1400m-1200m,1400,1200,200,14.44,1,16.35,https://www.racing.com/form/2026-05-30/caulfield/race/3/speed-data,outputs/sectionals/raw/VIC/racingcom_full_payloads/getRaceForm_a15afedf76f227232c.json,RACINGCOM_SPEED_SEMANTICS_V1
2026-05-30|CAULFIELD|R03,2026-05-30|CAULFIELD|R03|RUNNER:15632488,2026-05-30,Caulfield,3,15632488,10,Undisputable,2,1200m-1000m,1200,1000,200,12.12,2,16.6,https://www.racing.com/form/2026-05-30/caulfield/race/3/speed-data,outputs/sectionals/raw/VIC/racingcom_full_payloads/getRaceForm_a15afedf76f227232c.json,RACINGCOM_SPEED_SEMANTICS_V1
2026-05-30|CAULFIELD|R03,2026-05-30|CAULFIELD|R03|RUNNER:15632488,2026-05-30,Caulfield,3,15632488,10,Undisputable,3,1000m-800m,1000,800,200,12.25,2,16.38,https://www.racing.com/form/2026-05-30/caulfield/race/3/speed-data,outputs/sectionals/raw/VIC/racingcom_full_payloads/getRaceForm_a15afedf76f227232c.json,RACINGCOM_SPEED_SEMANTICS_V1
2026-05-30|CAULFIELD|R03,2026-05-30|CAULFIELD|R03|RUNNER:15632488,2026-05-30,Caulfield,3,15632488,10,Undisputable,4,800m-600m,800,600,200,11.76,3,16.99,https://www.racing.com/form/2026-05-30/caulfield/race/3/speed-data,outputs/sectionals/raw/VIC/racingcom_full_payloads/getRaceForm_a15afedf76f227232c.json,RACINGCOM_SPEED_SEMANTICS_V1
2026-05-30|CAULFIELD|R03,2026-05-30|CAULFIELD|R03|RUNNER:15632488,2026-05-30,Caulfield,3,15632488,10,Undisputable,5,600m-400m,600,400,200,11.99,1,17.14,https://www.racing.com/form/2026-05-30/caulfield/race/3/speed-data,outputs/sectionals/raw/VIC/racingcom_full_payloads/getRaceForm_a15afedf76f227232c.json,RACINGCOM_SPEED_SEMANTICS_V1
2026-05-30|CAULFIELD|R03,2026-05-30|CAULFIELD|R03|RUNNER:15632488,2026-05-30,Caulfield,3,15632488,10,Undisputable,6,400m-200m,400,200,200,11.85,1,17.13,https://www.racing.com/form/2026-05-30/caulfield/race/3/speed-data,outputs/sectionals/raw/VIC/racingcom_full_payloads/getRaceForm_a15afedf76f227232c.json,RACINGCOM_SPEED_SEMANTICS_V1
2026-05-30|CAULFIELD|R03,2026-05-30|CAULFIELD|R03|RUNNER:15632488,2026-05-30,Caulfield,3,15632488,10,Undisputable,7,200m-FINISH,200,0,200,12.34,6,16.06,https://www.racing.com/form/2026-05-30/caulfield/race/3/speed-data,outputs/sectionals/raw/VIC/racingcom_full_payloads/getRaceForm_a15afedf76f227232c.json,RACINGCOM_SPEED_SEMANTICS_V1
2026-05-30|CAULFIELD|R03,2026-05-30|CAULFIELD|R03|RUNNER:15636131,2026-05-30,Caulfield,3,15636131,11,Obvious,1,1400m-1200m,1400,1200,200,14.72,4,16.07,https://www.racing.com/form/2026-05-30/caulfield/race/3/speed-data,outputs/sectionals/raw/VIC/racingcom_full_payloads/getRaceForm_a15afedf76f227232c.json,RACINGCOM_SPEED_SEMANTICS_V1
2026-05-30|CAULFIELD|R03,2026-05-30|CAULFIELD|R03|RUNNER:15636131,2026-05-30,Caulfield,3,15636131,11,Obvious,2,1200m-1000m,1200,1000,200,12.02,4,16.65,https://www.racing.com/form/2026-05-30/caulfield/race/3/speed-data,outputs/sectionals/raw/VIC/racingcom_full_payloads/getRaceForm_a15afedf76f227232c.json,RACINGCOM_SPEED_SEMANTICS_V1
2026-05-30|CAULFIELD|R03,2026-05-30|CAULFIELD|R03|RUNNER:15636131,2026-05-30,Caulfield,3,15636131,11,Obvious,3,1000m-800m,1000,800,200,12.36,5,16.27,https://www.racing.com/form/2026-05-30/caulfield/race/3/speed-data,outputs/sectionals/raw/VIC/racingcom_full_payloads/getRaceForm_a15afedf76f227232c.json,RACINGCOM_SPEED_SEMANTICS_V1
2026-05-30|CAULFIELD|R03,2026-05-30|CAULFIELD|R03|RUNNER:15636131,2026-05-30,Caulfield,3,15636131,11,Obvious,4,800m-600m,800,600,200,11.79,6,16.96,https://www.racing.com/form/2026-05-30/caulfield/race/3/speed-data,outputs/sectionals/raw/VIC/racingcom_full_payloads/getRaceForm_a15afedf76f227232c.json,RACINGCOM_SPEED_SEMANTICS_V1
2026-05-30|CAULFIELD|R03,2026-05-30|CAULFIELD|R03|RUNNER:15636131,2026-05-30,Caulfield,3,15636131,11,Obvious,5,600m-400m,600,400,200,11.86,4,17.23,https://www.racing.com/form/2026-05-30/caulfield/race/3/speed-data,outputs/sectionals/raw/VIC/racingcom_full_payloads/getRaceForm_a15afedf76f227232c.json,RACINGCOM_SPEED_SEMANTICS_V1
2026-05-30|CAULFIELD|R03,2026-05-30|CAULFIELD|R03|RUNNER:15636131,2026-05-30,Caulfield,3,15636131,11,Obvious,6,400m-200m,400,200,200,11.7,3,17.31,https://www.racing.com/form/2026-05-30/caulfield/race/3/speed-data,outputs/sectionals/raw/VIC/racingcom_full_payloads/getRaceForm_a15afedf76f227232c.json,RACINGCOM_SPEED_SEMANTICS_V1
2026-05-30|CAULFIELD|R03,2026-05-30|CAULFIELD|R03|RUNNER:15636131,2026-05-30,Caulfield,3,15636131,11,Obvious,7,200m-FINISH,200,0,200,12.21,2,16.45,https://www.racing.com/form/2026-05-30/caulfield/race/3/speed-data,outputs/sectionals/raw/VIC/racingcom_full_payloads/getRaceForm_a15afedf76f227232c.json,RACINGCOM_SPEED_SEMANTICS_V1
2026-05-30|CAULFIELD|R03,2026-05-30|CAULFIELD|R03|RUNNER:15631573,2026-05-30,Caulfield,3,15631573,14,Bajaria,1,1400m-1200m,1400,1200,200,15.02,7,16.04,https://www.racing.com/form/2026-05-30/caulfield/race/3/speed-data,outputs/sectionals/raw/VIC/racingcom_full_payloads/getRaceForm_a15afedf76f227232c.json,RACINGCOM_SPEED_SEMANTICS_V1
2026-05-30|CAULFIELD|R03,2026-05-30|CAULFIELD|R03|RUNNER:15631573,2026-05-30,Caulfield,3,15631573,14,Bajaria,2,1200m-1000m,1200,1000,200,11.93,7,16.89,https://www.racing.com/form/2026-05-30/caulfield/race/3/speed-data,outputs/sectionals/raw/VIC/racingcom_full_payloads/getRaceForm_a15afedf76f227232c.json,RACINGCOM_SPEED_SEMANTICS_V1
2026-05-30|CAULFIELD|R03,2026-05-30|CAULFIELD|R03|RUNNER:15631573,2026-05-30,Caulfield,3,15631573,14,Bajaria,3,1000m-800m,1000,800,200,12.05,4,16.62,https://www.racing.com/form/2026-05-30/caulfield/race/3/speed-data,outputs/sectionals/raw/VIC/racingcom_full_payloads/getRaceForm_a15afedf76f227232c.json,RACINGCOM_SPEED_SEMANTICS_V1
2026-05-30|CAULFIELD|R03,2026-05-30|CAULFIELD|R03|RUNNER:15631573,2026-05-30,Caulfield,3,15631573,14,Bajaria,4,800m-600m,800,600,200,11.53,1,17.35,https://www.racing.com/form/2026-05-30/caulfield/race/3/speed-data,outputs/sectionals/raw/VIC/racingcom_full_payloads/getRaceForm_a15afedf76f227232c.json,RACINGCOM_SPEED_SEMANTICS_V1
2026-05-30|CAULFIELD|R03,2026-05-30|CAULFIELD|R03|RUNNER:15631573,2026-05-30,Caulfield,3,15631573,14,Bajaria,5,600m-400m,600,400,200,12.03,1,17.01,https://www.racing.com/form/2026-05-30/caulfield/race/3/speed-data,outputs/sectionals/raw/VIC/racingcom_full_payloads/getRaceForm_a15afedf76f227232c.json,RACINGCOM_SPEED_SEMANTICS_V1
2026-05-30|CAULFIELD|R03,2026-05-30|CAULFIELD|R03|RUNNER:15631573,2026-05-30,Caulfield,3,15631573,14,Bajaria,6,400m-200m,400,200,200,11.91,5,17.03,https://www.racing.com/form/2026-05-30/caulfield/race/3/speed-data,outputs/sectionals/raw/VIC/racingcom_full_payloads/getRaceForm_a15afedf76f227232c.json,RACINGCOM_SPEED_SEMANTICS_V1
2026-05-30|CAULFIELD|R03,2026-05-30|CAULFIELD|R03|RUNNER:15631573,2026-05-30,Caulfield,3,15631573,14,Bajaria,7,200m-FINISH,200,0,200,12.27,5,16.27,https://www.racing.com/form/2026-05-30/caulfield/race/3/speed-data,outputs/sectionals/raw/VIC/racingcom_full_payloads/getRaceForm_a15afedf76f227232c.json,RACINGCOM_SPEED_SEMANTICS_V1
2026-05-30|CAULFIELD|R04,2026-05-30|CAULFIELD|R04|RUNNER:15636266,2026-05-30,Caulfield,4,15636266,1,First Chorus (NZ),1,1600m-1400m,1600,1400,200,14.61,6,16.42,https://www.racing.com/form/2026-05-30/caulfield/race/4/speed-data,outputs/sectionals/raw/VIC/racingcom_full_payloads/getRaceForm_ef343c077d4b442633.json,RACINGCOM_SPEED_SEMANTICS_V1
2026-05-30|CAULFIELD|R04,2026-05-30|CAULFIELD|R04|RUNNER:15636266,2026-05-30,Caulfield,4,15636266,1,First Chorus (NZ),2,1400m-1200m,1400,1200,200,12.13,6,16.74,https://www.racing.com/form/2026-05-30/caulfield/race/4/speed-data,outputs/sectionals/raw/VIC/racingcom_full_payloads/getRaceForm_ef343c077d4b442633.json,RACINGCOM_SPEED_SEMANTICS_V1
2026-05-30|CAULFIELD|R04,2026-05-30|CAULFIELD|R04|RUNNER:15636266,2026-05-30,Caulfield,4,15636266,1,First Chorus (NZ),3,1200m-1000m,1200,1000,200,12.42,7,16.31,https://www.racing.com/form/2026-05-30/caulfield/race/4/speed-data,outputs/sectionals/raw/VIC/racingcom_full_payloads/getRaceForm_ef343c077d4b442633.json,RACINGCOM_SPEED_SEMANTICS_V1
2026-05-30|CAULFIELD|R04,2026-05-30|CAULFIELD|R04|RUNNER:15636266,2026-05-30,Caulfield,4,15636266,1,First Chorus (NZ),4,1000m-800m,1000,800,200,12.41,7,16.26,https://www.racing.com/form/2026-05-30/caulfield/race/4/speed-data,outputs/sectionals/raw/VIC/racingcom_full_payloads/getRaceForm_ef343c077d4b442633.json,RACINGCOM_SPEED_SEMANTICS_V1
2026-05-30|CAULFIELD|R04,2026-05-30|CAULFIELD|R04|RUNNER:15636266,2026-05-30,Caulfield,4,15636266,1,First Chorus (NZ),5,800m-600m,800,600,200,11.88,7,16.83,https://www.racing.com/form/2026-05-30/caulfield/race/4/speed-data,outputs/sectionals/raw/VIC/racingcom_full_payloads/getRaceForm_ef343c077d4b442633.json,RACINGCOM_SPEED_SEMANTICS_V1
2026-05-30|CAULFIELD|R04,2026-05-30|CAULFIELD|R04|RUNNER:15636266,2026-05-30,Caulfield,4,15636266,1,First Chorus (NZ),6,600m-400m,600,400,200,12.08,7,17.1,https://www.racing.com/form/2026-05-30/caulfield/race/4/speed-data,outputs/sectionals/raw/VIC/racingcom_full_payloads/getRaceForm_ef343c077d4b442633.json,RACINGCOM_SPEED_SEMANTICS_V1
2026-05-30|CAULFIELD|R04,2026-05-30|CAULFIELD|R04|RUNNER:15636266,2026-05-30,Caulfield,4,15636266,1,First Chorus (NZ),7,400m-200m,400,200,200,12.05,5,17.03,https://www.racing.com/form/2026-05-30/caulfield/race/4/speed-data,outputs/sectionals/raw/VIC/racingcom_full_payloads/getRaceForm_ef343c077d4b442633.json,RACINGCOM_SPEED_SEMANTICS_V1
2026-05-30|CAULFIELD|R04,2026-05-30|CAULFIELD|R04|RUNNER:15636266,2026-05-30,Caulfield,4,15636266,1,First Chorus (NZ),8,200m-FINISH,200,0,200,12.58,1,15.94,https://www.racing.com/form/2026-05-30/caulfield/race/4/speed-data,outputs/sectionals/raw/VIC/racingcom_full_payloads/getRaceForm_ef343c077d4b442633.json,RACINGCOM_SPEED_SEMANTICS_V1
2026-05-30|CAULFIELD|R04,2026-05-30|CAULFIELD|R04|RUNNER:15635989,2026-05-30,Caulfield,4,15635989,3,A Diva,1,1600m-1400m,1600,1400,200,14.43,2,16.51,https://www.racing.com/form/2026-05-30/caulfield/race/4/speed-data,outputs/sectionals/raw/VIC/racingcom_full_payloads/getRaceForm_ef343c077d4b442633.json,RACINGCOM_SPEED_SEMANTICS_V1
2026-05-30|CAULFIELD|R04,2026-05-30|CAULFIELD|R04|RUNNER:15635989,2026-05-30,Caulfield,4,15635989,3,A Diva,2,1400m-1200m,1400,1200,200,11.96,3,16.86,https://www.racing.com/form/2026-05-30/caulfield/race/4/speed-data,outputs/sectionals/raw/VIC/racingcom_full_payloads/getRaceForm_ef343c077d4b442633.json,RACINGCOM_SPEED_SEMANTICS_V1
2026-05-30|CAULFIELD|R04,2026-05-30|CAULFIELD|R04|RUNNER:15635989,2026-05-30,Caulfield,4,15635989,3,A Diva,3,1200m-1000m,1200,1000,200,12.3,3,16.37,https://www.racing.com/form/2026-05-30/caulfield/race/4/speed-data,outputs/sectionals/raw/VIC/racingcom_full_payloads/getRaceForm_ef343c077d4b442633.json,RACINGCOM_SPEED_SEMANTICS_V1
2026-05-30|CAULFIELD|R04,2026-05-30|CAULFIELD|R04|RUNNER:15635989,2026-05-30,Caulfield,4,15635989,3,A Diva,4,1000m-800m,1000,800,200,12.26,3,16.37,https://www.racing.com/form/2026-05-30/caulfield/race/4/speed-data,outputs/sectionals/raw/VIC/racingcom_full_payloads/getRaceForm_ef343c077d4b442633.json,RACINGCOM_SPEED_SEMANTICS_V1
2026-05-30|CAULFIELD|R04,2026-05-30|CAULFIELD|R04|RUNNER:15635989,2026-05-30,Caulfield,4,15635989,3,A Diva,5,800m-600m,800,600,200,12.07,3,16.61,https://www.racing.com/form/2026-05-30/caulfield/race/4/speed-data,outputs/sectionals/raw/VIC/racingcom_full_payloads/getRaceForm_ef343c077d4b442633.json,RACINGCOM_SPEED_SEMANTICS_V1
2026-05-30|CAULFIELD|R04,2026-05-30|CAULFIELD|R04|RUNNER:15635989,2026-05-30,Caulfield,4,15635989,3,A Diva,6,600m-400m,600,400,200,12.1,3,16.94,https://www.racing.com/form/2026-05-30/caulfield/race/4/speed-data,outputs/sectionals/raw/VIC/racingcom_full_payloads/getRaceForm_ef343c077d4b442633.json,RACINGCOM_SPEED_SEMANTICS_V1
2026-05-30|CAULFIELD|R04,2026-05-30|CAULFIELD|R04|RUNNER:15635989,2026-05-30,Caulfield,4,15635989,3,A Diva,7,400m-200m,400,200,200,12.23,1,16.66,https://www.racing.com/form/2026-05-30/caulfield/race/4/speed-data,outputs/sectionals/raw/VIC/racingcom_full_payloads/getRaceForm_ef343c077d4b442633.json,RACINGCOM_SPEED_SEMANTICS_V1
2026-05-30|CAULFIELD|R04,2026-05-30|CAULFIELD|R04|RUNNER:15635989,2026-05-30,Caulfield,4,15635989,3,A Diva,8,200m-FINISH,200,0,200,13.25,4,15.32,https://www.racing.com/form/2026-05-30/caulfield/race/4/speed-data,outputs/sectionals/raw/VIC/racingcom_full_payloads/getRaceForm_ef343c077d4b442633.json,RACINGCOM_SPEED_SEMANTICS_V1
2026-05-30|CAULFIELD|R04,2026-05-30|CAULFIELD|R04|RUNNER:15634857,2026-05-30,Caulfield,4,15634857,4,Belle Savoir,1,1600m-1400m,1600,1400,200,14.93,7,16.31,https://www.racing.com/form/2026-05-30/caulfield/race/4/speed-data,outputs/sectionals/raw/VIC/racingcom_full_payloads/getRaceForm_ef343c077d4b442633.json,RACINGCOM_SPEED_SEMANTICS_V1
2026-05-30|CAULFIELD|R04,2026-05-30|CAULFIELD|R04|RUNNER:15634857,2026-05-30,Caulfield,4,15634857,4,Belle Savoir,2,1400m-1200m,1400,1200,200,12.04,7,16.75,https://www.racing.com/form/2026-05-30/caulfield/race/4/speed-data,outputs/sectionals/raw/VIC/racingcom_full_payloads/getRaceForm_ef343c077d4b442633.json,RACINGCOM_SPEED_SEMANTICS_V1
2026-05-30|CAULFIELD|R04,2026-05-30|CAULFIELD|R04|RUNNER:15634857,2026-05-30,Caulfield,4,15634857,4,Belle Savoir,3,1200m-1000m,1200,1000,200,12.17,6,16.48,https://www.racing.com/form/2026-05-30/caulfield/race/4/speed-data,outputs/sectionals/raw/VIC/racingcom_full_payloads/getRaceForm_ef343c077d4b442633.json,RACINGCOM_SPEED_SEMANTICS_V1
2026-05-30|CAULFIELD|R04,2026-05-30|CAULFIELD|R04|RUNNER:15634857,2026-05-30,Caulfield,4,15634857,4,Belle Savoir,4,1000m-800m,1000,800,200,12.24,6,16.32,https://www.racing.com/form/2026-05-30/caulfield/race/4/speed-data,outputs/sectionals/raw/VIC/racingcom_full_payloads/getRaceForm_ef343c077d4b442633.json,RACINGCOM_SPEED_SEMANTICS_V1
2026-05-30|CAULFIELD|R04,2026-05-30|CAULFIELD|R04|RUNNER:15634857,2026-05-30,Caulfield,4,15634857,4,Belle Savoir,5,800m-600m,800,600,200,12.05,6,16.61,https://www.racing.com/form/2026-05-30/caulfield/race/4/speed-data,outputs/sectionals/raw/VIC/racingcom_full_payloads/getRaceForm_ef343c077d4b442633.json,RACINGCOM_SPEED_SEMANTICS_V1
2026-05-30|CAULFIELD|R04,2026-05-30|CAULFIELD|R04|RUNNER:15634857,2026-05-30,Caulfield,4,15634857,4,Belle Savoir,6,600m-400m,600,400,200,12.01,6,16.92,https://www.racing.com/form/2026-05-30/caulfield/race/4/speed-data,outputs/sectionals/raw/VIC/racingcom_full_payloads/getRaceForm_ef343c077d4b442633.json,RACINGCOM_SPEED_SEMANTICS_V1
2026-05-30|CAULFIELD|R04,2026-05-30|CAULFIELD|R04|RUNNER:15634857,2026-05-30,Caulfield,4,15634857,4,Belle Savoir,7,400m-200m,400,200,200,12.32,6,16.48,https://www.racing.com/form/2026-05-30/caulfield/race/4/speed-data,outputs/sectionals/raw/VIC/racingcom_full_payloads/getRaceForm_ef343c077d4b442633.json,RACINGCOM_SPEED_SEMANTICS_V1
2026-05-30|CAULFIELD|R04,2026-05-30|CAULFIELD|R04|RUNNER:15634857,2026-05-30,Caulfield,4,15634857,4,Belle Savoir,8,200m-FINISH,200,0,200,12.91,5,15.73,https://www.racing.com/form/2026-05-30/caulfield/race/4/speed-data,outputs/sectionals/raw/VIC/racingcom_full_payloads/getRaceForm_ef343c077d4b442633.json,RACINGCOM_SPEED_SEMANTICS_V1
2026-05-30|CAULFIELD|R04,2026-05-30|CAULFIELD|R04|RUNNER:15636139,2026-05-30,Caulfield,4,15636139,7,Enna's Dream,1,1600m-1400m,1600,1400,200,14.59,4,16.38,https://www.racing.com/form/2026-05-30/caulfield/race/4/speed-data,outputs/sectionals/raw/VIC/racingcom_full_payloads/getRaceForm_ef343c077d4b442633.json,RACINGCOM_SPEED_SEMANTICS_V1
2026-05-30|CAULFIELD|R04,2026-05-30|CAULFIELD|R04|RUNNER:15636139,2026-05-30,Caulfield,4,15636139,7,Enna's Dream,2,1400m-1200m,1400,1200,200,12.03,4,16.77,https://www.racing.com/form/2026-05-30/caulfield/race/4/speed-data,outputs/sectionals/raw/VIC/racingcom_full_payloads/getRaceForm_ef343c077d4b442633.json,RACINGCOM_SPEED_SEMANTICS_V1
2026-05-30|CAULFIELD|R04,2026-05-30|CAULFIELD|R04|RUNNER:15636139,2026-05-30,Caulfield,4,15636139,7,Enna's Dream,3,1200m-1000m,1200,1000,200,12.32,5,16.38,https://www.racing.com/form/2026-05-30/caulfield/race/4/speed-data,outputs/sectionals/raw/VIC/racingcom_full_payloads/getRaceForm_ef343c077d4b442633.json,RACINGCOM_SPEED_SEMANTICS_V1
2026-05-30|CAULFIELD|R04,2026-05-30|CAULFIELD|R04|RUNNER:15636139,2026-05-30,Caulfield,4,15636139,7,Enna's Dream,4,1000m-800m,1000,800,200,12.31,5,16.36,https://www.racing.com/form/2026-05-30/caulfield/race/4/speed-data,outputs/sectionals/raw/VIC/racingcom_full_payloads/getRaceForm_ef343c077d4b442633.json,RACINGCOM_SPEED_SEMANTICS_V1
2026-05-30|CAULFIELD|R04,2026-05-30|CAULFIELD|R04|RUNNER:15636139,2026-05-30,Caulfield,4,15636139,7,Enna's Dream,5,800m-600m,800,600,200,11.99,5,16.69,https://www.racing.com/form/2026-05-30/caulfield/race/4/speed-data,outputs/sectionals/raw/VIC/racingcom_full_payloads/getRaceForm_ef343c077d4b442633.json,RACINGCOM_SPEED_SEMANTICS_V1
2026-05-30|CAULFIELD|R04,2026-05-30|CAULFIELD|R04|RUNNER:15636139,2026-05-30,Caulfield,4,15636139,7,Enna's Dream,6,600m-400m,600,400,200,12.14,4,16.94,https://www.racing.com/form/2026-05-30/caulfield/race/4/speed-data,outputs/sectionals/raw/VIC/racingcom_full_payloads/getRaceForm_ef343c077d4b442633.json,RACINGCOM_SPEED_SEMANTICS_V1
2026-05-30|CAULFIELD|R04,2026-05-30|CAULFIELD|R04|RUNNER:15636139,2026-05-30,Caulfield,4,15636139,7,Enna's Dream,7,400m-200m,400,200,200,12.09,4,16.94,https://www.racing.com/form/2026-05-30/caulfield/race/4/speed-data,outputs/sectionals/raw/VIC/racingcom_full_payloads/getRaceForm_ef343c077d4b442633.json,RACINGCOM_SPEED_SEMANTICS_V1
2026-05-30|CAULFIELD|R04,2026-05-30|CAULFIELD|R04|RUNNER:15636139,2026-05-30,Caulfield,4,15636139,7,Enna's Dream,8,200m-FINISH,200,0,200,13.09,2,15.39,https://www.racing.com/form/2026-05-30/caulfield/race/4/speed-data,outputs/sectionals/raw/VIC/racingcom_full_payloads/getRaceForm_ef343c077d4b442633.json,RACINGCOM_SPEED_SEMANTICS_V1
2026-05-30|CAULFIELD|R04,2026-05-30|CAULFIELD|R04|RUNNER:15634125,2026-05-30,Caulfield,4,15634125,8,Jazz Affair,1,1600m-1400m,1600,1400,200,14.59,5,16.36,https://www.racing.com/form/2026-05-30/caulfield/race/4/speed-data,outputs/sectionals/raw/VIC/racingcom_full_payloads/getRaceForm_ef343c077d4b442633.json,RACINGCOM_SPEED_SEMANTICS_V1
2026-05-30|CAULFIELD|R04,2026-05-30|CAULFIELD|R04|RUNNER:15634125,2026-05-30,Caulfield,4,15634125,8,Jazz Affair,2,1400m-1200m,1400,1200,200,12.09,5,16.64,https://www.racing.com/form/2026-05-30/caulfield/race/4/speed-data,outputs/sectionals/raw/VIC/racingcom_full_payloads/getRaceForm_ef343c077d4b442633.json,RACINGCOM_SPEED_SEMANTICS_V1
2026-05-30|CAULFIELD|R04,2026-05-30|CAULFIELD|R04|RUNNER:15634125,2026-05-30,Caulfield,4,15634125,8,Jazz Affair,3,1200m-1000m,1200,1000,200,12.1,4,16.63,https://www.racing.com/form/2026-05-30/caulfield/race/4/speed-data,outputs/sectionals/raw/VIC/racingcom_full_payloads/getRaceForm_ef343c077d4b442633.json,RACINGCOM_SPEED_SEMANTICS_V1
2026-05-30|CAULFIELD|R04,2026-05-30|CAULFIELD|R04|RUNNER:15634125,2026-05-30,Caulfield,4,15634125,8,Jazz Affair,4,1000m-800m,1000,800,200,12.31,4,16.33,https://www.racing.com/form/2026-05-30/caulfield/race/4/speed-data,outputs/sectionals/raw/VIC/racingcom_full_payloads/getRaceForm_ef343c077d4b442633.json,RACINGCOM_SPEED_SEMANTICS_V1
2026-05-30|CAULFIELD|R04,2026-05-30|CAULFIELD|R04|RUNNER:15634125,2026-05-30,Caulfield,4,15634125,8,Jazz Affair,5,800m-600m,800,600,200,12.13,4,16.48,https://www.racing.com/form/2026-05-30/caulfield/race/4/speed-data,outputs/sectionals/raw/VIC/racingcom_full_payloads/getRaceForm_ef343c077d4b442633.json,RACINGCOM_SPEED_SEMANTICS_V1
2026-05-30|CAULFIELD|R04,2026-05-30|CAULFIELD|R04|RUNNER:15634125,2026-05-30,Caulfield,4,15634125,8,Jazz Affair,6,600m-400m,600,400,200,12.16,5,16.86,https://www.racing.com/form/2026-05-30/caulfield/race/4/speed-data,outputs/sectionals/raw/VIC/racingcom_full_payloads/getRaceForm_ef343c077d4b442633.json,RACINGCOM_SPEED_SEMANTICS_V1
2026-05-30|CAULFIELD|R04,2026-05-30|CAULFIELD|R04|RUNNER:15634125,2026-05-30,Caulfield,4,15634125,8,Jazz Affair,7,400m-200m,400,200,200,12.49,7,16.34,https://www.racing.com/form/2026-05-30/caulfield/race/4/speed-data,outputs/sectionals/raw/VIC/racingcom_full_payloads/getRaceForm_ef343c077d4b442633.json,RACINGCOM_SPEED_SEMANTICS_V1
2026-05-30|CAULFIELD|R04,2026-05-30|CAULFIELD|R04|RUNNER:15634125,2026-05-30,Caulfield,4,15634125,8,Jazz Affair,8,200m-FINISH,200,0,200,13.26,6,15.17,https://www.racing.com/form/2026-05-30/caulfield/race/4/speed-data,outputs/sectionals/raw/VIC/racingcom_full_payloads/getRaceForm_ef343c077d4b442633.json,RACINGCOM_SPEED_SEMANTICS_V1
2026-05-30|CAULFIELD|R04,2026-05-30|CAULFIELD|R04|RUNNER:15633714,2026-05-30,Caulfield,4,15633714,10,Prestige Snitzel,1,1600m-1400m,1600,1400,200,14.38,1,16.72,https://www.racing.com/form/2026-05-30/caulfield/race/4/speed-data,outputs/sectionals/raw/VIC/racingcom_full_payloads/getRaceForm_ef343c077d4b442633.json,RACINGCOM_SPEED_SEMANTICS_V1
2026-05-30|CAULFIELD|R04,2026-05-30|CAULFIELD|R04|RUNNER:15633714,2026-05-30,Caulfield,4,15633714,10,Prestige Snitzel,2,1400m-1200m,1400,1200,200,11.88,1,16.87,https://www.racing.com/form/2026-05-30/caulfield/race/4/speed-data,outputs/sectionals/raw/VIC/racingcom_full_payloads/getRaceForm_ef343c077d4b442633.json,RACINGCOM_SPEED_SEMANTICS_V1
2026-05-30|CAULFIELD|R04,2026-05-30|CAULFIELD|R04|RUNNER:15633714,2026-05-30,Caulfield,4,15633714,10,Prestige Snitzel,3,1200m-1000m,1200,1000,200,12.06,1,16.62,https://www.racing.com/form/2026-05-30/caulfield/race/4/speed-data,outputs/sectionals/raw/VIC/racingcom_full_payloads/getRaceForm_ef343c077d4b442633.json,RACINGCOM_SPEED_SEMANTICS_V1
2026-05-30|CAULFIELD|R04,2026-05-30|CAULFIELD|R04|RUNNER:15633714,2026-05-30,Caulfield,4,15633714,10,Prestige Snitzel,4,1000m-800m,1000,800,200,12.37,1,16.25,https://www.racing.com/form/2026-05-30/caulfield/race/4/speed-data,outputs/sectionals/raw/VIC/racingcom_full_payloads/getRaceForm_ef343c077d4b442633.json,RACINGCOM_SPEED_SEMANTICS_V1
2026-05-30|CAULFIELD|R04,2026-05-30|CAULFIELD|R04|RUNNER:15633714,2026-05-30,Caulfield,4,15633714,10,Prestige Snitzel,5,800m-600m,800,600,200,12.19,1,16.41,https://www.racing.com/form/2026-05-30/caulfield/race/4/speed-data,outputs/sectionals/raw/VIC/racingcom_full_payloads/getRaceForm_ef343c077d4b442633.json,RACINGCOM_SPEED_SEMANTICS_V1
2026-05-30|CAULFIELD|R04,2026-05-30|CAULFIELD|R04|RUNNER:15633714,2026-05-30,Caulfield,4,15633714,10,Prestige Snitzel,6,600m-400m,600,400,200,11.92,1,17.05,https://www.racing.com/form/2026-05-30/caulfield/race/4/speed-data,outputs/sectionals/raw/VIC/racingcom_full_payloads/getRaceForm_ef343c077d4b442633.json,RACINGCOM_SPEED_SEMANTICS_V1
2026-05-30|CAULFIELD|R04,2026-05-30|CAULFIELD|R04|RUNNER:15633714,2026-05-30,Caulfield,4,15633714,10,Prestige Snitzel,7,400m-200m,400,200,200,12.59,2,16.09,https://www.racing.com/form/2026-05-30/caulfield/race/4/speed-data,outputs/sectionals/raw/VIC/racingcom_full_payloads/getRaceForm_ef343c077d4b442633.json,RACINGCOM_SPEED_SEMANTICS_V1
2026-05-30|CAULFIELD|R04,2026-05-30|CAULFIELD|R04|RUNNER:15633714,2026-05-30,Caulfield,4,15633714,10,Prestige Snitzel,8,200m-FINISH,200,0,200,13.81,7,14.66,https://www.racing.com/form/2026-05-30/caulfield/race/4/speed-data,outputs/sectionals/raw/VIC/racingcom_full_payloads/getRaceForm_ef343c077d4b442633.json,RACINGCOM_SPEED_SEMANTICS_V1
2026-05-30|CAULFIELD|R04,2026-05-30|CAULFIELD|R04|RUNNER:15638488,2026-05-30,Caulfield,4,15638488,11,Oraqua (GB),1,1600m-1400m,1600,1400,200,14.5,3,16.46,https://www.racing.com/form/2026-05-30/caulfield/race/4/speed-data,outputs/sectionals/raw/VIC/racingcom_full_payloads/getRaceForm_ef343c077d4b442633.json,RACINGCOM_SPEED_SEMANTICS_V1
2026-05-30|CAULFIELD|R04,2026-05-30|CAULFIELD|R04|RUNNER:15638488,2026-05-30,Caulfield,4,15638488,11,Oraqua (GB),2,1400m-1200m,1400,1200,200,11.82,2,17.15,https://www.racing.com/form/2026-05-30/caulfield/race/4/speed-data,outputs/sectionals/raw/VIC/racingcom_full_payloads/getRaceForm_ef343c077d4b442633.json,RACINGCOM_SPEED_SEMANTICS_V1
2026-05-30|CAULFIELD|R04,2026-05-30|CAULFIELD|R04|RUNNER:15638488,2026-05-30,Caulfield,4,15638488,11,Oraqua (GB),3,1200m-1000m,1200,1000,200,12.14,2,16.76,https://www.racing.com/form/2026-05-30/caulfield/race/4/speed-data,outputs/sectionals/raw/VIC/racingcom_full_payloads/getRaceForm_ef343c077d4b442633.json,RACINGCOM_SPEED_SEMANTICS_V1
2026-05-30|CAULFIELD|R04,2026-05-30|CAULFIELD|R04|RUNNER:15638488,2026-05-30,Caulfield,4,15638488,11,Oraqua (GB),4,1000m-800m,1000,800,200,12.35,2,16.39,https://www.racing.com/form/2026-05-30/caulfield/race/4/speed-data,outputs/sectionals/raw/VIC/racingcom_full_payloads/getRaceForm_ef343c077d4b442633.json,RACINGCOM_SPEED_SEMANTICS_V1
2026-05-30|CAULFIELD|R04,2026-05-30|CAULFIELD|R04|RUNNER:15638488,2026-05-30,Caulfield,4,15638488,11,Oraqua (GB),5,800m-600m,800,600,200,12.13,2,16.5,https://www.racing.com/form/2026-05-30/caulfield/race/4/speed-data,outputs/sectionals/raw/VIC/racingcom_full_payloads/getRaceForm_ef343c077d4b442633.json,RACINGCOM_SPEED_SEMANTICS_V1
2026-05-30|CAULFIELD|R04,2026-05-30|CAULFIELD|R04|RUNNER:15638488,2026-05-30,Caulfield,4,15638488,11,Oraqua (GB),6,600m-400m,600,400,200,12.11,2,16.94,https://www.racing.com/form/2026-05-30/caulfield/race/4/speed-data,outputs/sectionals/raw/VIC/racingcom_full_payloads/getRaceForm_ef343c077d4b442633.json,RACINGCOM_SPEED_SEMANTICS_V1
2026-05-30|CAULFIELD|R04,2026-05-30|CAULFIELD|R04|RUNNER:15638488,2026-05-30,Caulfield,4,15638488,11,Oraqua (GB),7,400m-200m,400,200,200,12.41,3,16.42,https://www.racing.com/form/2026-05-30/caulfield/race/4/speed-data,outputs/sectionals/raw/VIC/racingcom_full_payloads/getRaceForm_ef343c077d4b442633.json,RACINGCOM_SPEED_SEMANTICS_V1
2026-05-30|CAULFIELD|R04,2026-05-30|CAULFIELD|R04|RUNNER:15638488,2026-05-30,Caulfield,4,15638488,11,Oraqua (GB),8,200m-FINISH,200,0,200,13.11,3,15.42,https://www.racing.com/form/2026-05-30/caulfield/race/4/speed-data,outputs/sectionals/raw/VIC/racingcom_full_payloads/getRaceForm_ef343c077d4b442633.json,RACINGCOM_SPEED_SEMANTICS_V1
2026-05-30|CAULFIELD|R05,2026-05-30|CAULFIELD|R05|RUNNER:15636873,2026-05-30,Caulfield,5,15636873,1,Jimmy The Bear,1,1600m-1400m,1600,1400,200,15.09,7,16.2,https://www.racing.com/form/2026-05-30/caulfield/race/5/speed-data,outputs/sectionals/raw/VIC/racingcom_full_payloads/getRaceForm_83cba1e27b2f578500.json,RACINGCOM_SPEED_SEMANTICS_V1
2026-05-30|CAULFIELD|R05,2026-05-30|CAULFIELD|R05|RUNNER:15636873,2026-05-30,Caulfield,5,15636873,1,Jimmy The Bear,2,1400m-1200m,1400,1200,200,12.06,7,16.72,https://www.racing.com/form/2026-05-30/caulfield/race/5/speed-data,outputs/sectionals/raw/VIC/racingcom_full_payloads/getRaceForm_83cba1e27b2f578500.json,RACINGCOM_SPEED_SEMANTICS_V1
2026-05-30|CAULFIELD|R05,2026-05-30|CAULFIELD|R05|RUNNER:15636873,2026-05-30,Caulfield,5,15636873,1,Jimmy The Bear,3,1200m-1000m,1200,1000,200,12.23,6,16.51,https://www.racing.com/form/2026-05-30/caulfield/race/5/speed-data,outputs/sectionals/raw/VIC/racingcom_full_payloads/getRaceForm_83cba1e27b2f578500.json,RACINGCOM_SPEED_SEMANTICS_V1
2026-05-30|CAULFIELD|R05,2026-05-30|CAULFIELD|R05|RUNNER:15636873,2026-05-30,Caulfield,5,15636873,1,Jimmy The Bear,4,1000m-800m,1000,800,200,12.19,7,16.48,https://www.racing.com/form/2026-05-30/caulfield/race/5/speed-data,outputs/sectionals/raw/VIC/racingcom_full_payloads/getRaceForm_83cba1e27b2f578500.json,RACINGCOM_SPEED_SEMANTICS_V1
2026-05-30|CAULFIELD|R05,2026-05-30|CAULFIELD|R05|RUNNER:15636873,2026-05-30,Caulfield,5,15636873,1,Jimmy The Bear,5,800m-600m,800,600,200,12.06,7,16.59,https://www.racing.com/form/2026-05-30/caulfield/race/5/speed-data,outputs/sectionals/raw/VIC/racingcom_full_payloads/getRaceForm_83cba1e27b2f578500.json,RACINGCOM_SPEED_SEMANTICS_V1
2026-05-30|CAULFIELD|R05,2026-05-30|CAULFIELD|R05|RUNNER:15636873,2026-05-30,Caulfield,5,15636873,1,Jimmy The Bear,6,600m-400m,600,400,200,11.92,6,17.23,https://www.racing.com/form/2026-05-30/caulfield/race/5/speed-data,outputs/sectionals/raw/VIC/racingcom_full_payloads/getRaceForm_83cba1e27b2f578500.json,RACINGCOM_SPEED_SEMANTICS_V1
2026-05-30|CAULFIELD|R05,2026-05-30|CAULFIELD|R05|RUNNER:15636873,2026-05-30,Caulfield,5,15636873,1,Jimmy The Bear,7,400m-200m,400,200,200,11.83,3,17.18,https://www.racing.com/form/2026-05-30/caulfield/race/5/speed-data,outputs/sectionals/raw/VIC/racingcom_full_payloads/getRaceForm_83cba1e27b2f578500.json,RACINGCOM_SPEED_SEMANTICS_V1
2026-05-30|CAULFIELD|R05,2026-05-30|CAULFIELD|R05|RUNNER:15636873,2026-05-30,Caulfield,5,15636873,1,Jimmy The Bear,8,200m-FINISH,200,0,200,12.41,1,16.19,https://www.racing.com/form/2026-05-30/caulfield/race/5/speed-data,outputs/sectionals/raw/VIC/racingcom_full_payloads/getRaceForm_83cba1e27b2f578500.json,RACINGCOM_SPEED_SEMANTICS_V1
2026-05-30|CAULFIELD|R05,2026-05-30|CAULFIELD|R05|RUNNER:15632868,2026-05-30,Caulfield,5,15632868,2,El Rocko,1,1600m-1400m,1600,1400,200,14.51,1,16.57,https://www.racing.com/form/2026-05-30/caulfield/race/5/speed-data,outputs/sectionals/raw/VIC/racingcom_full_payloads/getRaceForm_83cba1e27b2f578500.json,RACINGCOM_SPEED_SEMANTICS_V1
2026-05-30|CAULFIELD|R05,2026-05-30|CAULFIELD|R05|RUNNER:15632868,2026-05-30,Caulfield,5,15632868,2,El Rocko,2,1400m-1200m,1400,1200,200,11.96,1,16.87,https://www.racing.com/form/2026-05-30/caulfield/race/5/speed-data,outputs/sectionals/raw/VIC/racingcom_full_payloads/getRaceForm_83cba1e27b2f578500.json,RACINGCOM_SPEED_SEMANTICS_V1
2026-05-30|CAULFIELD|R05,2026-05-30|CAULFIELD|R05|RUNNER:15632868,2026-05-30,Caulfield,5,15632868,2,El Rocko,3,1200m-1000m,1200,1000,200,12.33,1,16.29,https://www.racing.com/form/2026-05-30/caulfield/race/5/speed-data,outputs/sectionals/raw/VIC/racingcom_full_payloads/getRaceForm_83cba1e27b2f578500.json,RACINGCOM_SPEED_SEMANTICS_V1
2026-05-30|CAULFIELD|R05,2026-05-30|CAULFIELD|R05|RUNNER:15632868,2026-05-30,Caulfield,5,15632868,2,El Rocko,4,1000m-800m,1000,800,200,12.18,1,16.45,https://www.racing.com/form/2026-05-30/caulfield/race/5/speed-data,outputs/sectionals/raw/VIC/racingcom_full_payloads/getRaceForm_83cba1e27b2f578500.json,RACINGCOM_SPEED_SEMANTICS_V1
2026-05-30|CAULFIELD|R05,2026-05-30|CAULFIELD|R05|RUNNER:15632868,2026-05-30,Caulfield,5,15632868,2,El Rocko,5,800m-600m,800,600,200,12.24,1,16.33,https://www.racing.com/form/2026-05-30/caulfield/race/5/speed-data,outputs/sectionals/raw/VIC/racingcom_full_payloads/getRaceForm_83cba1e27b2f578500.json,RACINGCOM_SPEED_SEMANTICS_V1
2026-05-30|CAULFIELD|R05,2026-05-30|CAULFIELD|R05|RUNNER:15632868,2026-05-30,Caulfield,5,15632868,2,El Rocko,6,600m-400m,600,400,200,11.95,1,16.88,https://www.racing.com/form/2026-05-30/caulfield/race/5/speed-data,outputs/sectionals/raw/VIC/racingcom_full_payloads/getRaceForm_83cba1e27b2f578500.json,RACINGCOM_SPEED_SEMANTICS_V1
2026-05-30|CAULFIELD|R05,2026-05-30|CAULFIELD|R05|RUNNER:15632868,2026-05-30,Caulfield,5,15632868,2,El Rocko,7,400m-200m,400,200,200,12.21,2,16.6,https://www.racing.com/form/2026-05-30/caulfield/race/5/speed-data,outputs/sectionals/raw/VIC/racingcom_full_payloads/getRaceForm_83cba1e27b2f578500.json,RACINGCOM_SPEED_SEMANTICS_V1
2026-05-30|CAULFIELD|R05,2026-05-30|CAULFIELD|R05|RUNNER:15632868,2026-05-30,Caulfield,5,15632868,2,El Rocko,8,200m-FINISH,200,0,200,13.11,4,15.29,https://www.racing.com/form/2026-05-30/caulfield/race/5/speed-data,outputs/sectionals/raw/VIC/racingcom_full_payloads/getRaceForm_83cba1e27b2f578500.json,RACINGCOM_SPEED_SEMANTICS_V1
2026-05-30|CAULFIELD|R05,2026-05-30|CAULFIELD|R05|RUNNER:15635059,2026-05-30,Caulfield,5,15635059,3,Oh Too Good,1,1600m-1400m,1600,1400,200,14.72,4,16.6,https://www.racing.com/form/2026-05-30/caulfield/race/5/speed-data,outputs/sectionals/raw/VIC/racingcom_full_payloads/getRaceForm_83cba1e27b2f578500.json,RACINGCOM_SPEED_SEMANTICS_V1
2026-05-30|CAULFIELD|R05,2026-05-30|CAULFIELD|R05|RUNNER:15635059,2026-05-30,Caulfield,5,15635059,3,Oh Too Good,2,1400m-1200m,1400,1200,200,11.95,3,16.81,https://www.racing.com/form/2026-05-30/caulfield/race/5/speed-data,outputs/sectionals/raw/VIC/racingcom_full_payloads/getRaceForm_83cba1e27b2f578500.json,RACINGCOM_SPEED_SEMANTICS_V1
2026-05-30|CAULFIELD|R05,2026-05-30|CAULFIELD|R05|RUNNER:15635059,2026-05-30,Caulfield,5,15635059,3,Oh Too Good,3,1200m-1000m,1200,1000,200,12.39,4,16.28,https://www.racing.com/form/2026-05-30/caulfield/race/5/speed-data,outputs/sectionals/raw/VIC/racingcom_full_payloads/getRaceForm_83cba1e27b2f578500.json,RACINGCOM_SPEED_SEMANTICS_V1
2026-05-30|CAULFIELD|R05,2026-05-30|CAULFIELD|R05|RUNNER:15635059,2026-05-30,Caulfield,5,15635059,3,Oh Too Good,4,1000m-800m,1000,800,200,12.23,4,16.41,https://www.racing.com/form/2026-05-30/caulfield/race/5/speed-data,outputs/sectionals/raw/VIC/racingcom_full_payloads/getRaceForm_83cba1e27b2f578500.json,RACINGCOM_SPEED_SEMANTICS_V1
2026-05-30|CAULFIELD|R05,2026-05-30|CAULFIELD|R05|RUNNER:15635059,2026-05-30,Caulfield,5,15635059,3,Oh Too Good,5,800m-600m,800,600,200,12.1,4,16.53,https://www.racing.com/form/2026-05-30/caulfield/race/5/speed-data,outputs/sectionals/raw/VIC/racingcom_full_payloads/getRaceForm_83cba1e27b2f578500.json,RACINGCOM_SPEED_SEMANTICS_V1
2026-05-30|CAULFIELD|R05,2026-05-30|CAULFIELD|R05|RUNNER:15635059,2026-05-30,Caulfield,5,15635059,3,Oh Too Good,6,600m-400m,600,400,200,12.1,5,16.77,https://www.racing.com/form/2026-05-30/caulfield/race/5/speed-data,outputs/sectionals/raw/VIC/racingcom_full_payloads/getRaceForm_83cba1e27b2f578500.json,RACINGCOM_SPEED_SEMANTICS_V1
2026-05-30|CAULFIELD|R05,2026-05-30|CAULFIELD|R05|RUNNER:15635059,2026-05-30,Caulfield,5,15635059,3,Oh Too Good,7,400m-200m,400,200,200,12,4,16.9,https://www.racing.com/form/2026-05-30/caulfield/race/5/speed-data,outputs/sectionals/raw/VIC/racingcom_full_payloads/getRaceForm_83cba1e27b2f578500.json,RACINGCOM_SPEED_SEMANTICS_V1
2026-05-30|CAULFIELD|R05,2026-05-30|CAULFIELD|R05|RUNNER:15635059,2026-05-30,Caulfield,5,15635059,3,Oh Too Good,8,200m-FINISH,200,0,200,13.28,6,15.11,https://www.racing.com/form/2026-05-30/caulfield/race/5/speed-data,outputs/sectionals/raw/VIC/racingcom_full_payloads/getRaceForm_83cba1e27b2f578500.json,RACINGCOM_SPEED_SEMANTICS_V1
2026-05-30|CAULFIELD|R05,2026-05-30|CAULFIELD|R05|RUNNER:15635454,2026-05-30,Caulfield,5,15635454,4,Lady Jones,1,1600m-1400m,1600,1400,200,14.62,3,16.53,https://www.racing.com/form/2026-05-30/caulfield/race/5/speed-data,outputs/sectionals/raw/VIC/racingcom_full_payloads/getRaceForm_83cba1e27b2f578500.json,RACINGCOM_SPEED_SEMANTICS_V1
2026-05-30|CAULFIELD|R05,2026-05-30|CAULFIELD|R05|RUNNER:15635454,2026-05-30,Caulfield,5,15635454,4,Lady Jones,2,1400m-1200m,1400,1200,200,12.06,4,16.6,https://www.racing.com/form/2026-05-30/caulfield/race/5/speed-data,outputs/sectionals/raw/VIC/racingcom_full_payloads/getRaceForm_83cba1e27b2f578500.json,RACINGCOM_SPEED_SEMANTICS_V1
2026-05-30|CAULFIELD|R05,2026-05-30|CAULFIELD|R05|RUNNER:15635454,2026-05-30,Caulfield,5,15635454,4,Lady Jones,3,1200m-1000m,1200,1000,200,12.31,3,16.31,https://www.racing.com/form/2026-05-30/caulfield/race/5/speed-data,outputs/sectionals/raw/VIC/racingcom_full_payloads/getRaceForm_83cba1e27b2f578500.json,RACINGCOM_SPEED_SEMANTICS_V1
2026-05-30|CAULFIELD|R05,2026-05-30|CAULFIELD|R05|RUNNER:15635454,2026-05-30,Caulfield,5,15635454,4,Lady Jones,4,1000m-800m,1000,800,200,12.2,2,16.41,https://www.racing.com/form/2026-05-30/caulfield/race/5/speed-data,outputs/sectionals/raw/VIC/racingcom_full_payloads/getRaceForm_83cba1e27b2f578500.json,RACINGCOM_SPEED_SEMANTICS_V1
2026-05-30|CAULFIELD|R05,2026-05-30|CAULFIELD|R05|RUNNER:15635454,2026-05-30,Caulfield,5,15635454,4,Lady Jones,5,800m-600m,800,600,200,12.16,3,16.45,https://www.racing.com/form/2026-05-30/caulfield/race/5/speed-data,outputs/sectionals/raw/VIC/racingcom_full_payloads/getRaceForm_83cba1e27b2f578500.json,RACINGCOM_SPEED_SEMANTICS_V1
2026-05-30|CAULFIELD|R05,2026-05-30|CAULFIELD|R05|RUNNER:15635454,2026-05-30,Caulfield,5,15635454,4,Lady Jones,6,600m-400m,600,400,200,12.08,3,16.71,https://www.racing.com/form/2026-05-30/caulfield/race/5/speed-data,outputs/sectionals/raw/VIC/racingcom_full_payloads/getRaceForm_83cba1e27b2f578500.json,RACINGCOM_SPEED_SEMANTICS_V1
2026-05-30|CAULFIELD|R05,2026-05-30|CAULFIELD|R05|RUNNER:15635454,2026-05-30,Caulfield,5,15635454,4,Lady Jones,7,400m-200m,400,200,200,12.14,5,16.63,https://www.racing.com/form/2026-05-30/caulfield/race/5/speed-data,outputs/sectionals/raw/VIC/racingcom_full_payloads/getRaceForm_83cba1e27b2f578500.json,RACINGCOM_SPEED_SEMANTICS_V1
2026-05-30|CAULFIELD|R05,2026-05-30|CAULFIELD|R05|RUNNER:15635454,2026-05-30,Caulfield,5,15635454,4,Lady Jones,8,200m-FINISH,200,0,200,13.14,5,15.21,https://www.racing.com/form/2026-05-30/caulfield/race/5/speed-data,outputs/sectionals/raw/VIC/racingcom_full_payloads/getRaceForm_83cba1e27b2f578500.json,RACINGCOM_SPEED_SEMANTICS_V1
2026-05-30|CAULFIELD|R05,2026-05-30|CAULFIELD|R05|RUNNER:15633026,2026-05-30,Caulfield,5,15633026,5,Rumbled Again,1,1600m-1400m,1600,1400,200,14.87,5,16.23,https://www.racing.com/form/2026-05-30/caulfield/race/5/speed-data,outputs/sectionals/raw/VIC/racingcom_full_payloads/getRaceForm_83cba1e27b2f578500.json,RACINGCOM_SPEED_SEMANTICS_V1
2026-05-30|CAULFIELD|R05,2026-05-30|CAULFIELD|R05|RUNNER:15633026,2026-05-30,Caulfield,5,15633026,5,Rumbled Again,2,1400m-1200m,1400,1200,200,12.03,5,16.78,https://www.racing.com/form/2026-05-30/caulfield/race/5/speed-data,outputs/sectionals/raw/VIC/racingcom_full_payloads/getRaceForm_83cba1e27b2f578500.json,RACINGCOM_SPEED_SEMANTICS_V1
2026-05-30|CAULFIELD|R05,2026-05-30|CAULFIELD|R05|RUNNER:15633026,2026-05-30,Caulfield,5,15633026,5,Rumbled Again,3,1200m-1000m,1200,1000,200,12.28,5,16.49,https://www.racing.com/form/2026-05-30/caulfield/race/5/speed-data,outputs/sectionals/raw/VIC/racingcom_full_payloads/getRaceForm_83cba1e27b2f578500.json,RACINGCOM_SPEED_SEMANTICS_V1
2026-05-30|CAULFIELD|R05,2026-05-30|CAULFIELD|R05|RUNNER:15633026,2026-05-30,Caulfield,5,15633026,5,Rumbled Again,4,1000m-800m,1000,800,200,12.18,5,16.51,https://www.racing.com/form/2026-05-30/caulfield/race/5/speed-data,outputs/sectionals/raw/VIC/racingcom_full_payloads/getRaceForm_83cba1e27b2f578500.json,RACINGCOM_SPEED_SEMANTICS_V1
2026-05-30|CAULFIELD|R05,2026-05-30|CAULFIELD|R05|RUNNER:15633026,2026-05-30,Caulfield,5,15633026,5,Rumbled Again,5,800m-600m,800,600,200,12.05,5,16.59,https://www.racing.com/form/2026-05-30/caulfield/race/5/speed-data,outputs/sectionals/raw/VIC/racingcom_full_payloads/getRaceForm_83cba1e27b2f578500.json,RACINGCOM_SPEED_SEMANTICS_V1
2026-05-30|CAULFIELD|R05,2026-05-30|CAULFIELD|R05|RUNNER:15633026,2026-05-30,Caulfield,5,15633026,5,Rumbled Again,6,600m-400m,600,400,200,12.03,4,17.03,https://www.racing.com/form/2026-05-30/caulfield/race/5/speed-data,outputs/sectionals/raw/VIC/racingcom_full_payloads/getRaceForm_83cba1e27b2f578500.json,RACINGCOM_SPEED_SEMANTICS_V1
2026-05-30|CAULFIELD|R05,2026-05-30|CAULFIELD|R05|RUNNER:15633026,2026-05-30,Caulfield,5,15633026,5,Rumbled Again,7,400m-200m,400,200,200,11.88,1,17.12,https://www.racing.com/form/2026-05-30/caulfield/race/5/speed-data,outputs/sectionals/raw/VIC/racingcom_full_payloads/getRaceForm_83cba1e27b2f578500.json,RACINGCOM_SPEED_SEMANTICS_V1
2026-05-30|CAULFIELD|R05,2026-05-30|CAULFIELD|R05|RUNNER:15633026,2026-05-30,Caulfield,5,15633026,5,Rumbled Again,8,200m-FINISH,200,0,200,13.01,3,15.61,https://www.racing.com/form/2026-05-30/caulfield/race/5/speed-data,outputs/sectionals/raw/VIC/racingcom_full_payloads/getRaceForm_83cba1e27b2f578500.json,RACINGCOM_SPEED_SEMANTICS_V1
2026-05-30|CAULFIELD|R05,2026-05-30|CAULFIELD|R05|RUNNER:15634937,2026-05-30,Caulfield,5,15634937,7,Cartoon Graveyard,1,1600m-1400m,1600,1400,200,14.9,6,16.25,https://www.racing.com/form/2026-05-30/caulfield/race/5/speed-data,outputs/sectionals/raw/VIC/racingcom_full_payloads/getRaceForm_83cba1e27b2f578500.json,RACINGCOM_SPEED_SEMANTICS_V1
2026-05-30|CAULFIELD|R05,2026-05-30|CAULFIELD|R05|RUNNER:15634937,2026-05-30,Caulfield,5,15634937,7,Cartoon Graveyard,2,1400m-1200m,1400,1200,200,12.18,6,16.54,https://www.racing.com/form/2026-05-30/caulfield/race/5/speed-data,outputs/sectionals/raw/VIC/racingcom_full_payloads/getRaceForm_83cba1e27b2f578500.json,RACINGCOM_SPEED_SEMANTICS_V1
2026-05-30|CAULFIELD|R05,2026-05-30|CAULFIELD|R05|RUNNER:15634937,2026-05-30,Caulfield,5,15634937,7,Cartoon Graveyard,3,1200m-1000m,1200,1000,200,12.3,7,16.36,https://www.racing.com/form/2026-05-30/caulfield/race/5/speed-data,outputs/sectionals/raw/VIC/racingcom_full_payloads/getRaceForm_83cba1e27b2f578500.json,RACINGCOM_SPEED_SEMANTICS_V1
2026-05-30|CAULFIELD|R05,2026-05-30|CAULFIELD|R05|RUNNER:15634937,2026-05-30,Caulfield,5,15634937,7,Cartoon Graveyard,4,1000m-800m,1000,800,200,12.17,6,16.51,https://www.racing.com/form/2026-05-30/caulfield/race/5/speed-data,outputs/sectionals/raw/VIC/racingcom_full_payloads/getRaceForm_83cba1e27b2f578500.json,RACINGCOM_SPEED_SEMANTICS_V1
2026-05-30|CAULFIELD|R05,2026-05-30|CAULFIELD|R05|RUNNER:15634937,2026-05-30,Caulfield,5,15634937,7,Cartoon Graveyard,5,800m-600m,800,600,200,12.04,6,16.61,https://www.racing.com/form/2026-05-30/caulfield/race/5/speed-data,outputs/sectionals/raw/VIC/racingcom_full_payloads/getRaceForm_83cba1e27b2f578500.json,RACINGCOM_SPEED_SEMANTICS_V1
2026-05-30|CAULFIELD|R05,2026-05-30|CAULFIELD|R05|RUNNER:15634937,2026-05-30,Caulfield,5,15634937,7,Cartoon Graveyard,6,600m-400m,600,400,200,12.09,7,16.88,https://www.racing.com/form/2026-05-30/caulfield/race/5/speed-data,outputs/sectionals/raw/VIC/racingcom_full_payloads/getRaceForm_83cba1e27b2f578500.json,RACINGCOM_SPEED_SEMANTICS_V1
2026-05-30|CAULFIELD|R05,2026-05-30|CAULFIELD|R05|RUNNER:15634937,2026-05-30,Caulfield,5,15634937,7,Cartoon Graveyard,7,400m-200m,400,200,200,11.98,6,16.95,https://www.racing.com/form/2026-05-30/caulfield/race/5/speed-data,outputs/sectionals/raw/VIC/racingcom_full_payloads/getRaceForm_83cba1e27b2f578500.json,RACINGCOM_SPEED_SEMANTICS_V1
2026-05-30|CAULFIELD|R05,2026-05-30|CAULFIELD|R05|RUNNER:15634937,2026-05-30,Caulfield,5,15634937,7,Cartoon Graveyard,8,200m-FINISH,200,0,200,12.14,2,16.47,https://www.racing.com/form/2026-05-30/caulfield/race/5/speed-data,outputs/sectionals/raw/VIC/racingcom_full_payloads/getRaceForm_83cba1e27b2f578500.json,RACINGCOM_SPEED_SEMANTICS_V1
2026-05-30|CAULFIELD|R05,2026-05-30|CAULFIELD|R05|RUNNER:15632489,2026-05-30,Caulfield,5,15632489,8,See That Storm (IRE),1,1600m-1400m,1600,1400,200,14.62,2,16.43,https://www.racing.com/form/2026-05-30/caulfield/race/5/speed-data,outputs/sectionals/raw/VIC/racingcom_full_payloads/getRaceForm_83cba1e27b2f578500.json,RACINGCOM_SPEED_SEMANTICS_V1
2026-05-30|CAULFIELD|R05,2026-05-30|CAULFIELD|R05|RUNNER:15632489,2026-05-30,Caulfield,5,15632489,8,See That Storm (IRE),2,1400m-1200m,1400,1200,200,11.96,2,16.92,https://www.racing.com/form/2026-05-30/caulfield/race/5/speed-data,outputs/sectionals/raw/VIC/racingcom_full_payloads/getRaceForm_83cba1e27b2f578500.json,RACINGCOM_SPEED_SEMANTICS_V1
2026-05-30|CAULFIELD|R05,2026-05-30|CAULFIELD|R05|RUNNER:15632489,2026-05-30,Caulfield,5,15632489,8,See That Storm (IRE),3,1200m-1000m,1200,1000,200,12.4,2,16.4,https://www.racing.com/form/2026-05-30/caulfield/race/5/speed-data,outputs/sectionals/raw/VIC/racingcom_full_payloads/getRaceForm_83cba1e27b2f578500.json,RACINGCOM_SPEED_SEMANTICS_V1
2026-05-30|CAULFIELD|R05,2026-05-30|CAULFIELD|R05|RUNNER:15632489,2026-05-30,Caulfield,5,15632489,8,See That Storm (IRE),4,1000m-800m,1000,800,200,12.21,3,16.53,https://www.racing.com/form/2026-05-30/caulfield/race/5/speed-data,outputs/sectionals/raw/VIC/racingcom_full_payloads/getRaceForm_83cba1e27b2f578500.json,RACINGCOM_SPEED_SEMANTICS_V1
2026-05-30|CAULFIELD|R05,2026-05-30|CAULFIELD|R05|RUNNER:15632489,2026-05-30,Caulfield,5,15632489,8,See That Storm (IRE),5,800m-600m,800,600,200,12.12,2,16.51,https://www.racing.com/form/2026-05-30/caulfield/race/5/speed-data,outputs/sectionals/raw/VIC/racingcom_full_payloads/getRaceForm_83cba1e27b2f578500.json,RACINGCOM_SPEED_SEMANTICS_V1
2026-05-30|CAULFIELD|R05,2026-05-30|CAULFIELD|R05|RUNNER:15632489,2026-05-30,Caulfield,5,15632489,8,See That Storm (IRE),6,600m-400m,600,400,200,12.09,2,16.83,https://www.racing.com/form/2026-05-30/caulfield/race/5/speed-data,outputs/sectionals/raw/VIC/racingcom_full_payloads/getRaceForm_83cba1e27b2f578500.json,RACINGCOM_SPEED_SEMANTICS_V1
2026-05-30|CAULFIELD|R05,2026-05-30|CAULFIELD|R05|RUNNER:15632489,2026-05-30,Caulfield,5,15632489,8,See That Storm (IRE),7,400m-200m,400,200,200,12.52,7,16.23,https://www.racing.com/form/2026-05-30/caulfield/race/5/speed-data,outputs/sectionals/raw/VIC/racingcom_full_payloads/getRaceForm_83cba1e27b2f578500.json,RACINGCOM_SPEED_SEMANTICS_V1
2026-05-30|CAULFIELD|R05,2026-05-30|CAULFIELD|R05|RUNNER:15632489,2026-05-30,Caulfield,5,15632489,8,See That Storm (IRE),8,200m-FINISH,200,0,200,13.59,7,14.85,https://www.racing.com/form/2026-05-30/caulfield/race/5/speed-data,outputs/sectionals/raw/VIC/racingcom_full_payloads/getRaceForm_83cba1e27b2f578500.json,RACINGCOM_SPEED_SEMANTICS_V1
