race_entry_epi_id,race_entry_id,race_id,race_date,epi_methodology,epi_base_value,historical_performance_component_id,historical_performance_component_evidence_sha256,historical_performance_normalised_value,historical_performance_weight,historical_performance_weighted_value,suitability_component_id,suitability_component_evidence_sha256,suitability_normalised_value,suitability_weight,suitability_weighted_value,race_context_component_id,race_context_component_evidence_sha256,race_context_normalised_value,race_context_weight,race_context_weighted_value,total_component_weight,weighted_component_total,epi_value,epi_parameter_id,epi_publication_decision,epi_reconciliation_decision,epi_status,race_entry_epi_evidence_sha256,source_lineage,builder_version,contract_version,built_at_utc
REEPI-CUR-B4DDC98315786572E02D2CC1,99524602380,EIQD-DDBEBDD438E1E95BF9FCC89E,2026-07-26,NORMALISED_WEIGHTED_ADDITIVE_EPI_V1,100.000000,REEC-CUR-328ECC7BDFB2FA2D0F703577,2c447f2634ab030b02728e9163c5c1cf2561e505ac4b58bc7aabc14f7abeeed4,,0.500000,,REEC-CUR-DC765C2AE4868F01510C5C8A,a7dd8de742da75ffd9f09891405cc26f4e0b9536225564b0b9623393de4249e0,,0.300000,,REEC-CUR-4FE780F500628ED5A68A57AA,223aef4f44b35e3f6d3a580e666863240aa73087e6f29a28e901d8eecf89a840,,0.200000,,1.000000,-0.014681,99.985319,EPIP1-14578898B157ACE77DF0A29F,EPI_PUBLISHED,EPI_RECONCILED,GOVERNED_RACE_ENTRY_EPI,a088482e1f7cb20822f1c448ff47975ab7591b2e310d312b3058feb8fb68f422,RA_TO_RCOM_BRIDGE|LIVE_FORM_GUIDE_CURRENT_INPUTS,edgeiq_ra_to_rcom_bridge_current_performance_rebuild_v1,1.0.0,2026-07-30T00:00:00Z
REEPI-CUR-2B50DD4860F1D54C70F3393E,99548453820,EIQD-DDBEBDD438E1E95BF9FCC89E,2026-07-26,NORMALISED_WEIGHTED_ADDITIVE_EPI_V1,100.000000,REEC-CUR-3193110B2ED538CBC99A62D1,f8c7311454e82d4fd47a4aef35079937c514d35063ae494bf48ab28ea20012c4,,0.500000,,REEC-CUR-03E3E967A68D48A656625134,6b35fe0d000428cdffcda77be287298476a8113d56533e07a8253b504bbe1486,,0.300000,,REEC-CUR-0124B91E0F61BA6D29F697E0,cf00f5181104aaa6f1b4e15683ed33ff4b5b22b29d754fac5b0754272ed900fb,,0.200000,,1.000000,-0.575252,99.424748,EPIP1-14578898B157ACE77DF0A29F,EPI_PUBLISHED,EPI_RECONCILED,GOVERNED_RACE_ENTRY_EPI,a2068eb89082208c854b64aed84ef2e23518070263a4c8cb91345e3b13e5fc96,RA_TO_RCOM_BRIDGE|LIVE_FORM_GUIDE_CURRENT_INPUTS,edgeiq_ra_to_rcom_bridge_current_performance_rebuild_v1,1.0.0,2026-07-30T00:00:00Z
REEPI-CUR-B0683D0F666E7E5BF0957BA8,99552973440,EIQD-DDBEBDD438E1E95BF9FCC89E,2026-07-26,NORMALISED_WEIGHTED_ADDITIVE_EPI_V1,100.000000,REEC-CUR-8C5DB8194D5DEA339834FB22,57929e19971b6287063aab1192aa04ade3fe316ef3e20a3c5c20f48b9a6586af,,0.500000,,REEC-CUR-702F215746AB34F9BB8BA661,deab53f2fa52758a77b87f35943ace0f0f7a174c65424ccee03b0f74900aa196,,0.300000,,REEC-CUR-B01D4562675915AD2B4AD85B,a1fd22a0f8795f57b4490a572cd2a2f6ed0f4b1d9f610aab3c3fceb13fda6bb5,,0.200000,,1.000000,1.126532,101.126532,EPIP1-14578898B157ACE77DF0A29F,EPI_PUBLISHED,EPI_RECONCILED,GOVERNED_RACE_ENTRY_EPI,d042c7422d53de1a1c627d82b8149d827803abc1174b7098d6e2ac4c37e6f79b,RA_TO_RCOM_BRIDGE|LIVE_FORM_GUIDE_CURRENT_INPUTS,edgeiq_ra_to_rcom_bridge_current_performance_rebuild_v1,1.0.0,2026-07-30T00:00:00Z
REEPI-CUR-B8F7C777A32C4DF31DCC5330,99561620220,EIQD-DDBEBDD438E1E95BF9FCC89E,2026-07-26,NORMALISED_WEIGHTED_ADDITIVE_EPI_V1,100.000000,REEC-CUR-46728E03252A1D82967DACC0,7f06d753e47891042727ad250e75cc6c8ef1a8448e7057fd60d4e23453e42b6b,,0.500000,,REEC-CUR-83D9F2D1DBAB0C3274A584F4,62a8639c769313c802c33ef37d37c58b7c7bd6e5ce321ce00bb6d641e4fa9095,,0.300000,,REEC-CUR-A187D58291CCD0891964ABF6,8189517a138d01de6bb4ea31dabeebb4daed0214ccfbcd2a826221d2a8147f10,,0.200000,,1.000000,0.007859,100.007859,EPIP1-14578898B157ACE77DF0A29F,EPI_PUBLISHED,EPI_RECONCILED,GOVERNED_RACE_ENTRY_EPI,c06efc9c08331e0b774d9d60a3ead92cc5681375f5bb3d8a8bfc461795385903,RA_TO_RCOM_BRIDGE|LIVE_FORM_GUIDE_CURRENT_INPUTS,edgeiq_ra_to_rcom_bridge_current_performance_rebuild_v1,1.0.0,2026-07-30T00:00:00Z
REEPI-CUR-A01F112CE721F98062B30B93,99563360970,EIQD-DDBEBDD438E1E95BF9FCC89E,2026-07-26,NORMALISED_WEIGHTED_ADDITIVE_EPI_V1,100.000000,REEC-CUR-06FE91DAD03687A1C232085F,1cba6ad8d9d36571033602d0ec9e602e96a889699377802e919f3794cf58df21,,0.500000,,REEC-CUR-28E399707EDB3BA81BAC8D44,2bffb319416ad36c0fd8c8cea061ddc412c82259991f4131ea804e1443e04cec,,0.300000,,REEC-CUR-24943F2FDE957068F07BADAF,f3054e7a5bb315cb92b35682597bf9ef5abed5d130600427ee6fe2cb9e35798e,,0.200000,,1.000000,-0.544458,99.455542,EPIP1-14578898B157ACE77DF0A29F,EPI_PUBLISHED,EPI_RECONCILED,GOVERNED_RACE_ENTRY_EPI,f2a638eb4e436f76dbfd3591faa46667e248e70c906222362699cc067d3239cb,RA_TO_RCOM_BRIDGE|LIVE_FORM_GUIDE_CURRENT_INPUTS,edgeiq_ra_to_rcom_bridge_current_performance_rebuild_v1,1.0.0,2026-07-30T00:00:00Z
REEPI-CUR-E0773B9E80A9DEC14F701F49,99569893530,EIQD-EB9F8134D5BF682C7A99C9D3,2026-07-26,NORMALISED_WEIGHTED_ADDITIVE_EPI_V1,100.000000,REEC-CUR-50818493AFD538B694DC60A4,9ff37f724dc30872fab531e5f9915efeaec27510e984ae156f1f6ffbf4f35ab1,,0.500000,,REEC-CUR-7B9F25965E50845F3E1DD6DC,b497c52c434b4586b45aa670cdb55ed929d4ffc942798d0d7954eb754b809533,,0.300000,,REEC-CUR-87B2FA2F2BDE596DEADEAE2A,3dc6e3360522b7ce7cc88e9f34b7e698d4472d30215cf5b90f724145ab592653,,0.200000,,1.000000,-0.391759,99.608241,EPIP1-14578898B157ACE77DF0A29F,EPI_PUBLISHED,EPI_RECONCILED,GOVERNED_RACE_ENTRY_EPI,7550b682bd470f0eaf780fa2e5c02729fa5b0514ba01a4930676a3274addbe5a,RA_TO_RCOM_BRIDGE|LIVE_FORM_GUIDE_CURRENT_INPUTS,edgeiq_ra_to_rcom_bridge_current_performance_rebuild_v1,1.0.0,2026-07-30T00:00:00Z
REEPI-CUR-29274E319B44AC63809279C3,99564437070,EIQD-EB9F8134D5BF682C7A99C9D3,2026-07-26,NORMALISED_WEIGHTED_ADDITIVE_EPI_V1,100.000000,REEC-CUR-D979A423728437FFCFC841C7,eb7c19ec209de4cb78345dcde09e425c93c9c5ff4c62a7a44786b1fb51a2feaf,,0.500000,,REEC-CUR-47185B346220FA25EF78310A,1a564c4bb7c41a75a2c2ded7e75dc0c047a94e09fe49330a0bb299ae91ac4544,,0.300000,,REEC-CUR-2ACEE1BEB079CFA02E01DFB4,aa450e7876a6b7bf65bcbf53a6acd6a572ae55a3a09fec348488f69c6d5a3bda,,0.200000,,1.000000,0.003554,100.003554,EPIP1-14578898B157ACE77DF0A29F,EPI_PUBLISHED,EPI_RECONCILED,GOVERNED_RACE_ENTRY_EPI,49755b81886bcf912f0d22bda0194b7a119fa8594fbb018c9f3576a394adc3fe,RA_TO_RCOM_BRIDGE|LIVE_FORM_GUIDE_CURRENT_INPUTS,edgeiq_ra_to_rcom_bridge_current_performance_rebuild_v1,1.0.0,2026-07-30T00:00:00Z
REEPI-CUR-A26E2959B6419DF2862ABEDC,99517158300,EIQD-EB9F8134D5BF682C7A99C9D3,2026-07-26,NORMALISED_WEIGHTED_ADDITIVE_EPI_V1,100.000000,REEC-CUR-5414ADAC1D45620823524534,d351e1f8cc46e0ae3f9f6a54ece38b7fa22e4067277b8890a560f751802df933,,0.500000,,REEC-CUR-C3DE6CCF75426D656CF8255F,4c837913ebfffeac4e81096c6de722b4ddde946db8308c64e65291ac22b01ffd,,0.300000,,REEC-CUR-F4756F75304EED4183588D41,fa304e1b2ba83a2cb1dbec6d95879044105be71017ec844c1af4fc6c68caa677,,0.200000,,1.000000,-0.386499,99.613501,EPIP1-14578898B157ACE77DF0A29F,EPI_PUBLISHED,EPI_RECONCILED,GOVERNED_RACE_ENTRY_EPI,2b775148bd261955123282a486c573a983dea8be9e175640c345ceb6cc3bf942,RA_TO_RCOM_BRIDGE|LIVE_FORM_GUIDE_CURRENT_INPUTS,edgeiq_ra_to_rcom_bridge_current_performance_rebuild_v1,1.0.0,2026-07-30T00:00:00Z
REEPI-CUR-6E79880F71E66F3EEC58AF3C,99560892270,EIQD-EB9F8134D5BF682C7A99C9D3,2026-07-26,NORMALISED_WEIGHTED_ADDITIVE_EPI_V1,100.000000,REEC-CUR-6F1968CE8E368C8C143BC5D5,6594a9fa3db47504f489c05b8b88459a7a6cd2bfe21a6f33acc14bb8e25baff1,,0.500000,,REEC-CUR-3429CBEDE5BB167AB3D2F351,03f5e670c7cd3099e23ede824409067dbcfe8072fce129216fc24db186b0fd6f,,0.300000,,REEC-CUR-7C1F63848B8CB39EB8242D47,9e5daf94abd1d286ff36f8edb4604733c479886f533000064792a0559e3c7582,,0.200000,,1.000000,0.784078,100.784078,EPIP1-14578898B157ACE77DF0A29F,EPI_PUBLISHED,EPI_RECONCILED,GOVERNED_RACE_ENTRY_EPI,182ff5b4ed4e386960a1c1ae8e99ef810060c6cb625637a261fdcbfe1ca775fc,RA_TO_RCOM_BRIDGE|LIVE_FORM_GUIDE_CURRENT_INPUTS,edgeiq_ra_to_rcom_bridge_current_performance_rebuild_v1,1.0.0,2026-07-30T00:00:00Z
REEPI-CUR-0E394D8E5C63A10C7AFD3DF9,99529248600,EIQD-EB9F8134D5BF682C7A99C9D3,2026-07-26,NORMALISED_WEIGHTED_ADDITIVE_EPI_V1,100.000000,REEC-CUR-90128268F734BA12AE74A7F6,9cc67b9087a82c6b0ae7a5334e41fcdd9b6cfb97fb5e357e8fe3be15d8834b0e,,0.500000,,REEC-CUR-EF2DDF9FFD27452D9CF67E2F,3256470babf895b9bd0411ffe41e26b469d51a1d33e2e28f7eb188b3b9a1d31d,,0.300000,,REEC-CUR-5814066A3431979B862E874B,6ce1c090a52645f8045671185ac6d5e0633a29ca416e0710b36c5cb8e09ac54a,,0.200000,,1.000000,-1.028464,98.971536,EPIP1-14578898B157ACE77DF0A29F,EPI_PUBLISHED,EPI_RECONCILED,GOVERNED_RACE_ENTRY_EPI,e54c489e6dda86747f6a91c427e64fed2de0ccb040cf9b9502bd5bfb3c362228,RA_TO_RCOM_BRIDGE|LIVE_FORM_GUIDE_CURRENT_INPUTS,edgeiq_ra_to_rcom_bridge_current_performance_rebuild_v1,1.0.0,2026-07-30T00:00:00Z
REEPI-CUR-2ADC4FC81CA8CEEB98948F0A,99568159110,EIQD-EB9F8134D5BF682C7A99C9D3,2026-07-26,NORMALISED_WEIGHTED_ADDITIVE_EPI_V1,100.000000,REEC-CUR-FFCB3943AC53D06E7FEF4F0E,e0519ad2602bcb16c3f0e7699c3297e4cf5d9dc1ef6e5b5416fbe81a025920f4,,0.500000,,REEC-CUR-5698831718B27209452F4E86,186b36daf16bfb913ac6f9586537eb13d401df4d7039f6fa2672d41475922253,,0.300000,,REEC-CUR-0C3D5A74E3190F8047744436,9ca20b1415ae7a9a98c7d58736ea3be7235b7c70e4246349bc71d696afc759ed,,0.200000,,1.000000,1.019090,101.019090,EPIP1-14578898B157ACE77DF0A29F,EPI_PUBLISHED,EPI_RECONCILED,GOVERNED_RACE_ENTRY_EPI,7089a8897fd71272ac8d869c688e7f3a4afff81246ddb63a103d439d6ed833bb,RA_TO_RCOM_BRIDGE|LIVE_FORM_GUIDE_CURRENT_INPUTS,edgeiq_ra_to_rcom_bridge_current_performance_rebuild_v1,1.0.0,2026-07-30T00:00:00Z
REEPI-CUR-DEAC87F6E3A9E5D66604440C,99528640920,EIQD-C37EA5A90D5C022617026D89,2026-07-26,NORMALISED_WEIGHTED_ADDITIVE_EPI_V1,100.000000,REEC-CUR-C816A7D88B5AC545AC16C202,aab504f5110eb42929b94dcd9c6a2839cd0bdb41b9249da84a27d082894fb681,,0.500000,,REEC-CUR-4F70D44130DC92833E3D1E62,e1f2c0c9590e64a3d335078a91c6cbfb0ee7ca06ca18eb4cc84081203101b5c7,,0.300000,,REEC-CUR-7DFABF9D12E5BCA0E5DD4632,4eb58ede94cb66ff8cf9acdc1283efda589921f7fcb817aafa743419d3a8f896,,0.200000,,1.000000,0.845137,100.845137,EPIP1-14578898B157ACE77DF0A29F,EPI_PUBLISHED,EPI_RECONCILED,GOVERNED_RACE_ENTRY_EPI,f3db0b7d74f661dc0368af4d6ccb17cf6d8cb80d7419d5e6d3301a8b925e4071,RA_TO_RCOM_BRIDGE|LIVE_FORM_GUIDE_CURRENT_INPUTS,edgeiq_ra_to_rcom_bridge_current_performance_rebuild_v1,1.0.0,2026-07-30T00:00:00Z
REEPI-CUR-EE648B545B56A631E5162F82,99539117070,EIQD-C37EA5A90D5C022617026D89,2026-07-26,NORMALISED_WEIGHTED_ADDITIVE_EPI_V1,100.000000,REEC-CUR-08A5BFA6273DAB70ABFC6262,b3018025862270bfba8b20c2fdfb392f60d45a254984ffaf3d249c1f1a42e7da,,0.500000,,REEC-CUR-DA2754319CD6EF8B62DAD534,cc2811b44869141d6585519325ff3cb717de85a08432cf039e91074bce33b42b,,0.300000,,REEC-CUR-8ACDF6EE89492E9CB8816232,48ac50a58cd71efa31bc0bfa912c77efc3b9030bf3fac27e20b4aa5a76c52f6a,,0.200000,,1.000000,0.392735,100.392735,EPIP1-14578898B157ACE77DF0A29F,EPI_PUBLISHED,EPI_RECONCILED,GOVERNED_RACE_ENTRY_EPI,9c83f2fca02ace2c845508e3a24a07d0c1bc4931f1283761ae653808c2ac14b8,RA_TO_RCOM_BRIDGE|LIVE_FORM_GUIDE_CURRENT_INPUTS,edgeiq_ra_to_rcom_bridge_current_performance_rebuild_v1,1.0.0,2026-07-30T00:00:00Z
REEPI-CUR-A5E822B7F402F67E45E56043,99524001030,EIQD-C37EA5A90D5C022617026D89,2026-07-26,NORMALISED_WEIGHTED_ADDITIVE_EPI_V1,100.000000,REEC-CUR-7E05905A199935514123EABF,990f9684dee0592760a15a8feade51496e778a9c9cd17eb67bfa83e088531ef3,,0.500000,,REEC-CUR-9765FA5557952434A11D9F52,b025ea69035c8ae0b1b48cbe06c5eb36368743fe3c296883f10e542b4b3b0595,,0.300000,,REEC-CUR-4B4B653E0F5AC88908542150,ce864f5badcd8c356231c7c7ba0c21a97014a984ef79e7ce793e90ab0edff0cd,,0.200000,,1.000000,-0.769608,99.230392,EPIP1-14578898B157ACE77DF0A29F,EPI_PUBLISHED,EPI_RECONCILED,GOVERNED_RACE_ENTRY_EPI,e0ec58186e4b232ebb436fb64dc114b935a70e1d91af0a09e48e54ed3213f865,RA_TO_RCOM_BRIDGE|LIVE_FORM_GUIDE_CURRENT_INPUTS,edgeiq_ra_to_rcom_bridge_current_performance_rebuild_v1,1.0.0,2026-07-30T00:00:00Z
REEPI-CUR-9C28B69870E006539908D716,99509910450,EIQD-C37EA5A90D5C022617026D89,2026-07-26,NORMALISED_WEIGHTED_ADDITIVE_EPI_V1,100.000000,REEC-CUR-783CA040719FE3E1A0D446CD,80dc573b6d421ff4860c623f2cd28538cb8d8eda40885ea96b8cdac918714203,,0.500000,,REEC-CUR-A4F721410C5B7DB281C0AC95,8d67bd4b677bae095da4ff3f8dbfd3c6c22b7e98f6075c5710538f78afb20ce5,,0.300000,,REEC-CUR-62B6C20AF694235C5A4B5E97,be6c14ba6ba8b40c63569197d9ff6b7fde8961a57007c08305c34eb3967c626a,,0.200000,,1.000000,-0.468265,99.531735,EPIP1-14578898B157ACE77DF0A29F,EPI_PUBLISHED,EPI_RECONCILED,GOVERNED_RACE_ENTRY_EPI,08af2e04bcddc08004cc3a3b86adb980475fda56968f5847efeec57a9b3a7355,RA_TO_RCOM_BRIDGE|LIVE_FORM_GUIDE_CURRENT_INPUTS,edgeiq_ra_to_rcom_bridge_current_performance_rebuild_v1,1.0.0,2026-07-30T00:00:00Z
REEPI-CUR-3C392396FB44006D0320A762,99533413740,EIQD-681F212AA6AA39D5B3E39D91,2026-07-26,NORMALISED_WEIGHTED_ADDITIVE_EPI_V1,100.000000,REEC-CUR-9EBB28C857204F84584A79DE,eec78c22437d04c8beabc3879d2fcc2d074e1a6ef86404920d299ca5a4c41769,,0.500000,,REEC-CUR-34CA9FD915BD5D13E644DA4E,374a25e6f082fbdbdd5ab0e42d39082d1699af21f87b71442236f8f25286d562,,0.300000,,REEC-CUR-E9D7B03408C61CDEC1F8115D,f1c510cfc32ac0373e5ef5a9268f90efcf1f808347ec73b0ebfbf62de9161c09,,0.200000,,1.000000,0.177538,100.177538,EPIP1-14578898B157ACE77DF0A29F,EPI_PUBLISHED,EPI_RECONCILED,GOVERNED_RACE_ENTRY_EPI,5f0e28f19d8bfa8a81ca1c742207a0c74f34a45224e0c05639a2209aad887671,RA_TO_RCOM_BRIDGE|LIVE_FORM_GUIDE_CURRENT_INPUTS,edgeiq_ra_to_rcom_bridge_current_performance_rebuild_v1,1.0.0,2026-07-30T00:00:00Z
REEPI-CUR-CB456E9BCB016E7F20C5DF17,99561139140,EIQD-681F212AA6AA39D5B3E39D91,2026-07-26,NORMALISED_WEIGHTED_ADDITIVE_EPI_V1,100.000000,REEC-CUR-F7779EA316A281952C0FE977,c59fb18eac34df6c7e52759fbdf680663550abe6cf205120f75be737da374ac9,,0.500000,,REEC-CUR-2515EB618DC1C4409CF3D38F,defb4c358090c9ce76b8b8b188833d94bf64da70719d84754d61291aff6909cd,,0.300000,,REEC-CUR-C7D2FAED0751252269957F49,89d6930e9293527d3809f097bd4f8a17d1e305d85d69c24068ab24aa2acc7069,,0.200000,,1.000000,-0.221295,99.778705,EPIP1-14578898B157ACE77DF0A29F,EPI_PUBLISHED,EPI_RECONCILED,GOVERNED_RACE_ENTRY_EPI,cb159cd1b104064dca35bc160a2f28105420a46855189883606c5deaa072c5c6,RA_TO_RCOM_BRIDGE|LIVE_FORM_GUIDE_CURRENT_INPUTS,edgeiq_ra_to_rcom_bridge_current_performance_rebuild_v1,1.0.0,2026-07-30T00:00:00Z
REEPI-CUR-F50600901D2D40CD5D6B9025,99557518380,EIQD-681F212AA6AA39D5B3E39D91,2026-07-26,NORMALISED_WEIGHTED_ADDITIVE_EPI_V1,100.000000,REEC-CUR-9528E0E9A59AD383A760E25D,cdc369dc73afe26433df83901f85ecfa21839bdcae221e99020b7f11c8471a80,,0.500000,,REEC-CUR-D64F63C1898A812DD241FB7F,48e6912c13ce6f9d70687a31b8f1a670f94d102228b5737f18fa645e1a8085ca,,0.300000,,REEC-CUR-9FFB398A743D498645270188,19dfaf144564e4375b12f9b8a0a2d9104ce1aeb8480b7f4a5003a0f6d78e8aef,,0.200000,,1.000000,0.294910,100.294910,EPIP1-14578898B157ACE77DF0A29F,EPI_PUBLISHED,EPI_RECONCILED,GOVERNED_RACE_ENTRY_EPI,58ffbb2635bf6b8ca6f5776e57f73fd320128d02fb8560f50f36e7844c3a011f,RA_TO_RCOM_BRIDGE|LIVE_FORM_GUIDE_CURRENT_INPUTS,edgeiq_ra_to_rcom_bridge_current_performance_rebuild_v1,1.0.0,2026-07-30T00:00:00Z
REEPI-CUR-5AD734075E247C05207A4DAB,99565804350,EIQD-681F212AA6AA39D5B3E39D91,2026-07-26,NORMALISED_WEIGHTED_ADDITIVE_EPI_V1,100.000000,REEC-CUR-484B12020F18BE05F4FC6827,40a6df6718836ab5d3ceddd53864022c4b34d9ee43fa9c183d0177ecbc21ef6a,,0.500000,,REEC-CUR-5465D1B1E2EB2B9C5D7FBF43,bc5596ad07b95cb189b3f5c14141b51d23a3d2ac0b182fec5d1d8b6b3060b55a,,0.300000,,REEC-CUR-F848897EE994140D72C13CB6,c89adac12c2fed7bab7fb5b6f36c8198bb0c0e5706651124e76eca8035ef5996,,0.200000,,1.000000,1.205820,101.205820,EPIP1-14578898B157ACE77DF0A29F,EPI_PUBLISHED,EPI_RECONCILED,GOVERNED_RACE_ENTRY_EPI,a79d78fb2ec801cb455111eaa39f74dc10b2baf697ad62e1aa99e543041b635a,RA_TO_RCOM_BRIDGE|LIVE_FORM_GUIDE_CURRENT_INPUTS,edgeiq_ra_to_rcom_bridge_current_performance_rebuild_v1,1.0.0,2026-07-30T00:00:00Z
REEPI-CUR-1DD1F4760D158D813B404183,99558398250,EIQD-681F212AA6AA39D5B3E39D91,2026-07-26,NORMALISED_WEIGHTED_ADDITIVE_EPI_V1,100.000000,REEC-CUR-7AF5BDE6D82926D52CA7C183,d9db305b9f9777f15122cfbc4be29e040ea44a0b4432372b4e42a0775158e329,,0.500000,,REEC-CUR-BC6020A5F6A8AB59F69D54C3,da3fe39e42660ca4552a1d8e83702b7a687a88cda38ffe5f162af4812b2c3a16,,0.300000,,REEC-CUR-6D25E5B64EAA25DFA2836ED1,8639610d6d8e77e425f9e0591ee153924cb50803970b3a6eed415d9417887ccd,,0.200000,,1.000000,-0.762724,99.237276,EPIP1-14578898B157ACE77DF0A29F,EPI_PUBLISHED,EPI_RECONCILED,GOVERNED_RACE_ENTRY_EPI,d327dcdb1016b7f04277c7ef9b0c502644127cd141a698d60649800bdf7e656f,RA_TO_RCOM_BRIDGE|LIVE_FORM_GUIDE_CURRENT_INPUTS,edgeiq_ra_to_rcom_bridge_current_performance_rebuild_v1,1.0.0,2026-07-30T00:00:00Z
REEPI-CUR-629DBE25C5BDD7853950E2AF,99523121160,EIQD-681F212AA6AA39D5B3E39D91,2026-07-26,NORMALISED_WEIGHTED_ADDITIVE_EPI_V1,100.000000,REEC-CUR-AF236BE69D424EE74827F32B,844bcce55b786f34a4caa29ec398f0e99b078276287659058c6de85559e94207,,0.500000,,REEC-CUR-38DBD10861C48E15CCB087DA,36de3b7001e1ae486514cf9d7a0e69a60599ebf7b2d8dea52be39f0bc4921371,,0.300000,,REEC-CUR-7329AE94BEE51CA65D599516,672f724cec0d881ef841f4f23457233bd226a3a68c8f2a184ed8bab0d7c01608,,0.200000,,1.000000,-0.694250,99.305750,EPIP1-14578898B157ACE77DF0A29F,EPI_PUBLISHED,EPI_RECONCILED,GOVERNED_RACE_ENTRY_EPI,0a1fc021c28cdd1290bfeef52d4c344dc08f3c7e555cacf0747b45a678b9b69a,RA_TO_RCOM_BRIDGE|LIVE_FORM_GUIDE_CURRENT_INPUTS,edgeiq_ra_to_rcom_bridge_current_performance_rebuild_v1,1.0.0,2026-07-30T00:00:00Z
REEPI-CUR-FB8C43ACCAD63DED1086F01E,99566348730,EIQD-0F448166A5F621EF7D40F74C,2026-07-26,NORMALISED_WEIGHTED_ADDITIVE_EPI_V1,100.000000,REEC-CUR-4073FCEC479D960190CEBF86,b1f6e92cc8ae6398264005e53f46e5608500f2ca1f5b71d6154631e96240454f,,0.500000,,REEC-CUR-2C5601C2E3C672D03A74974C,dfc4f8a6e2865a82bbb64cf2fdadbae2078f73aec96ef52d948d7d8244e448ab,,0.300000,,REEC-CUR-FAFC8FA175AB6D22AA9C5CE8,56ceeb8aabdcff91fc47eeff9be134986bb3ccbe471c126a8bfff741f7428665,,0.200000,,1.000000,0.413270,100.413270,EPIP1-14578898B157ACE77DF0A29F,EPI_PUBLISHED,EPI_RECONCILED,GOVERNED_RACE_ENTRY_EPI,b091b87d21b3042cbb308eaa9b56810ccbf04681053b1534adf349a68fd0098b,RA_TO_RCOM_BRIDGE|LIVE_FORM_GUIDE_CURRENT_INPUTS,edgeiq_ra_to_rcom_bridge_current_performance_rebuild_v1,1.0.0,2026-07-30T00:00:00Z
REEPI-CUR-9893F92DDBAF851E7E5D34A8,99559860480,EIQD-0F448166A5F621EF7D40F74C,2026-07-26,NORMALISED_WEIGHTED_ADDITIVE_EPI_V1,100.000000,REEC-CUR-33E8444D78C6174561A8524D,c9ad587114223c09b00f823d3e4e0b1c23238f8b3d3e492f4bfbc6908cbd9302,,0.500000,,REEC-CUR-1293ECF444FC3002D4EE6621,0bd5a370fba600ce09f6f77f91d3d4b31400fd138ccf28c99818b0bd973ac76b,,0.300000,,REEC-CUR-B28E0DAA1D08175193CF5A8E,af8b396d22daeb9180f8091d78bf3e7ff2fa0dc97bab1a57b03f245d30ec9de6,,0.200000,,1.000000,-1.188180,98.811820,EPIP1-14578898B157ACE77DF0A29F,EPI_PUBLISHED,EPI_RECONCILED,GOVERNED_RACE_ENTRY_EPI,6af7ce5030177a29472bf438dd51ba8fd7188bb70ed60da84acdfb28e6fa9246,RA_TO_RCOM_BRIDGE|LIVE_FORM_GUIDE_CURRENT_INPUTS,edgeiq_ra_to_rcom_bridge_current_performance_rebuild_v1,1.0.0,2026-07-30T00:00:00Z
REEPI-CUR-F6B7356DFC71636055668699,99567975540,EIQD-0F448166A5F621EF7D40F74C,2026-07-26,NORMALISED_WEIGHTED_ADDITIVE_EPI_V1,100.000000,REEC-CUR-C972A12EF67B728FDC8D461E,fb118619c4275d75a466c50d0303ee949f13380bdd2b017127c037768077c0ec,,0.500000,,REEC-CUR-91BB6A808F20CC2AF32BFC91,a6f4578809ac4fc0527dd4ff141cc22745238ad8be68ecab9db3ef9d70ea6af1,,0.300000,,REEC-CUR-2333C7AAFC148888FDCFF37C,fb3d5772c662dd3f15c718f6c195879e7ad9628171a9149a9f3f54861328e4b4,,0.200000,,1.000000,-0.017954,99.982046,EPIP1-14578898B157ACE77DF0A29F,EPI_PUBLISHED,EPI_RECONCILED,GOVERNED_RACE_ENTRY_EPI,6a224228905b724dfd41264a4f3d047ef7d16d44559df9528380028c8eba7825,RA_TO_RCOM_BRIDGE|LIVE_FORM_GUIDE_CURRENT_INPUTS,edgeiq_ra_to_rcom_bridge_current_performance_rebuild_v1,1.0.0,2026-07-30T00:00:00Z
REEPI-CUR-D63665BF4922A82F7856FDAB,99568937700,EIQD-0F448166A5F621EF7D40F74C,2026-07-26,NORMALISED_WEIGHTED_ADDITIVE_EPI_V1,100.000000,REEC-CUR-37822AAC96C03CBC495465F4,a495ee12c0464545794f5f85fc22af85bca9b1ab499568dca2b5695966807916,,0.500000,,REEC-CUR-891A8E91BD41E62056A29B5B,728603a22880a7bcde1e562cc051f32de6e412c7a51ab3f9c067fb2e0a0f78f6,,0.300000,,REEC-CUR-FF64D1C5719594A1816415B9,eacaa1909980c5e35ab923e5d1e993dc960add50a4b02eebcb48539e09b01f52,,0.200000,,1.000000,0.377207,100.377207,EPIP1-14578898B157ACE77DF0A29F,EPI_PUBLISHED,EPI_RECONCILED,GOVERNED_RACE_ENTRY_EPI,4a640f06d200eee43e9e8110299f01978d24de1629743878747ff2efc7acd841,RA_TO_RCOM_BRIDGE|LIVE_FORM_GUIDE_CURRENT_INPUTS,edgeiq_ra_to_rcom_bridge_current_performance_rebuild_v1,1.0.0,2026-07-30T00:00:00Z
REEPI-CUR-8D459621D87F48C15BF7608F,99515208660,EIQD-0F448166A5F621EF7D40F74C,2026-07-26,NORMALISED_WEIGHTED_ADDITIVE_EPI_V1,100.000000,REEC-CUR-D4F4A9A45DED9788364D4EE0,3b49a64420ceef3be06bb0b8cba06ae7e3a966bf26d5805ded9409c8a0112ee7,,0.500000,,REEC-CUR-B3254236310A957A656E50B8,f05c8c0c70c7ce2d7b572c427614ed32de9f78709ace38394fffde1c94fd7aad,,0.300000,,REEC-CUR-3A4B324A3AEA9F115598B3B1,c708e302f68f0772104426d1cec742339fab489511f391a4885d0634324490f3,,0.200000,,1.000000,-0.582363,99.417637,EPIP1-14578898B157ACE77DF0A29F,EPI_PUBLISHED,EPI_RECONCILED,GOVERNED_RACE_ENTRY_EPI,26a6660dd251abe9525901748ef334c8ace1319d06f9c5cccf5321d9d36b058a,RA_TO_RCOM_BRIDGE|LIVE_FORM_GUIDE_CURRENT_INPUTS,edgeiq_ra_to_rcom_bridge_current_performance_rebuild_v1,1.0.0,2026-07-30T00:00:00Z
REEPI-CUR-D3D6D668AAFC336C93B7D2D5,99549884400,EIQD-0F448166A5F621EF7D40F74C,2026-07-26,NORMALISED_WEIGHTED_ADDITIVE_EPI_V1,100.000000,REEC-CUR-AC097D032279FAA4041A6299,3a2758cc5017170d7a157191c2c2d928007dfa199ef46fe87e8fb5d28d2b6af4,,0.500000,,REEC-CUR-273527F64C9D72BC5BFE4347,dfa93696a2fea55d5c09ad1656e0f6ea7080f1ae8e0a03debdfd036dde8df529,,0.300000,,REEC-CUR-2D4E0736FB2A17F5DB851A66,e7686854baa9855dbc02663a912a79c9ca04d4bb66eac2941c77421de78cca24,,0.200000,,1.000000,0.234736,100.234736,EPIP1-14578898B157ACE77DF0A29F,EPI_PUBLISHED,EPI_RECONCILED,GOVERNED_RACE_ENTRY_EPI,52f2163311f9679bc9bbfd626a5a83218d52871444cbf0897495b191ac26d39b,RA_TO_RCOM_BRIDGE|LIVE_FORM_GUIDE_CURRENT_INPUTS,edgeiq_ra_to_rcom_bridge_current_performance_rebuild_v1,1.0.0,2026-07-30T00:00:00Z
REEPI-CUR-97B05530533E1C1B7140B2F1,99542680860,EIQD-0F448166A5F621EF7D40F74C,2026-07-26,NORMALISED_WEIGHTED_ADDITIVE_EPI_V1,100.000000,REEC-CUR-03F8CD4293B8177E42880D5C,387f92a090279e0b04c56ac008bf6b47366d7a31f0332d02ff31009ac046e6c6,,0.500000,,REEC-CUR-B891B921019A75B97C43F31E,523b408f2e3d7a23c137df4690253c0fee991a81e537c1c698d8a039b8a40ce9,,0.300000,,REEC-CUR-C75AC2580C6A49B2607F1588,857fbaa8ddd4fc60e0b53d3de230d044ecdc639924f63352d6f282157478c527,,0.200000,,1.000000,0.220826,100.220826,EPIP1-14578898B157ACE77DF0A29F,EPI_PUBLISHED,EPI_RECONCILED,GOVERNED_RACE_ENTRY_EPI,78d3181ef4d975f681c767a520b64e5e2bd88681f0f21f30bbfe743fc9ec089e,RA_TO_RCOM_BRIDGE|LIVE_FORM_GUIDE_CURRENT_INPUTS,edgeiq_ra_to_rcom_bridge_current_performance_rebuild_v1,1.0.0,2026-07-30T00:00:00Z
REEPI-CUR-8AA91B625CC93BB72709B9F4,99529254930,EIQD-0F448166A5F621EF7D40F74C,2026-07-26,NORMALISED_WEIGHTED_ADDITIVE_EPI_V1,100.000000,REEC-CUR-8EDEC8D3425B7D4572469DCA,f3d809e319a458d0b0928d80d748794893577a50cf90422e3e753edb1eed3bff,,0.500000,,REEC-CUR-EDD0BB6E4FA6432494C80FAC,8c231472a208c2e5f812a04ff034932904eb0e6db3a8908b6fd2b727115563fa,,0.300000,,REEC-CUR-9F696C2E8B02ADBF3CBBFA4F,50db1e708a4777a8819a99fda46148857500ed0e2759b4b7c9b7fcdeb4bcb062,,0.200000,,1.000000,0.542458,100.542458,EPIP1-14578898B157ACE77DF0A29F,EPI_PUBLISHED,EPI_RECONCILED,GOVERNED_RACE_ENTRY_EPI,2bc93a997dbfe47115ad590a94488fb243a5c4607183155d5577041e8108f64d,RA_TO_RCOM_BRIDGE|LIVE_FORM_GUIDE_CURRENT_INPUTS,edgeiq_ra_to_rcom_bridge_current_performance_rebuild_v1,1.0.0,2026-07-30T00:00:00Z
REEPI-CUR-BE411598719578E2574FD3BA,99568184430,EIQD-2FCDF559A4AC5AD65AC8B286,2026-07-26,NORMALISED_WEIGHTED_ADDITIVE_EPI_V1,100.000000,REEC-CUR-4E9817F59C17C53E57CE874B,ba9f44ff52ff1cfce07444ba3d5af04cfc709a9c2c7494ca05d9ea577174d5ca,,0.500000,,REEC-CUR-564130E6BEAC9590DEFA8B5D,51dcb9b578945f8af31dd490f85d9bcfc1391f82733e880c073b90775af7a3c5,,0.300000,,REEC-CUR-8D98FCFF1137D4357C5D8586,ecd75a83ce8c0e6beeaa1ba3649d3b103bd83ac874b12abb8071a7f9d63fe97e,,0.200000,,1.000000,-0.692783,99.307217,EPIP1-14578898B157ACE77DF0A29F,EPI_PUBLISHED,EPI_RECONCILED,GOVERNED_RACE_ENTRY_EPI,e98b4a2a28e8ac3fa7507a8b64a5d97bfe9f0ac5a0bcc78f1b673953cff967cd,RA_TO_RCOM_BRIDGE|LIVE_FORM_GUIDE_CURRENT_INPUTS,edgeiq_ra_to_rcom_bridge_current_performance_rebuild_v1,1.0.0,2026-07-30T00:00:00Z
REEPI-CUR-C7E8AFB18D613485774ED08E,99554973720,EIQD-2FCDF559A4AC5AD65AC8B286,2026-07-26,NORMALISED_WEIGHTED_ADDITIVE_EPI_V1,100.000000,REEC-CUR-F31A9C59ADBD6C3DCC69E1F4,7c4c42dca3e749ba81518733671ab1ef08ffb9d1c43f8fd2c5f54de7470144d1,,0.500000,,REEC-CUR-348CB4D53320F898EC462A91,e6cc04321a07e2202919aacbf4da620c19535cd649a93f5e98cddf33f34cae99,,0.300000,,REEC-CUR-75693AC421F6D8630C777071,a0c0e2c8565f4002be3ad871b959bad111d5da0ee66e6523637d306b6f24340c,,0.200000,,1.000000,-0.519617,99.480383,EPIP1-14578898B157ACE77DF0A29F,EPI_PUBLISHED,EPI_RECONCILED,GOVERNED_RACE_ENTRY_EPI,034abd757d152609f882d18cd7e4f393737b52ae00696a81dd8d8ec4ec5c5bed,RA_TO_RCOM_BRIDGE|LIVE_FORM_GUIDE_CURRENT_INPUTS,edgeiq_ra_to_rcom_bridge_current_performance_rebuild_v1,1.0.0,2026-07-30T00:00:00Z
REEPI-CUR-D68FAE98534ECEF63FCE9995,99515474520,EIQD-2FCDF559A4AC5AD65AC8B286,2026-07-26,NORMALISED_WEIGHTED_ADDITIVE_EPI_V1,100.000000,REEC-CUR-30DC0537E5FD9CCCC5568CCC,2530abba2d0d2c9d2a2a6e7844151d7231f6db82fff7ef6a31e537edc4ee0318,,0.500000,,REEC-CUR-C2BD8AD412C80AC86365913D,3ae4c8e8cac9cb57e7160889674cdee897264e135e1ff500871f77dbb5cc6da2,,0.300000,,REEC-CUR-5DD9D056D67D84BA3BBFEFE3,784cd3e50390edf39b32eacd13cb72078779f7c16bbf7660b17c200d96a18752,,0.200000,,1.000000,-0.323399,99.676601,EPIP1-14578898B157ACE77DF0A29F,EPI_PUBLISHED,EPI_RECONCILED,GOVERNED_RACE_ENTRY_EPI,8cf6bf9489e9dc98a6d070e9a900262fe9752a419d7da0850e700201e70e976c,RA_TO_RCOM_BRIDGE|LIVE_FORM_GUIDE_CURRENT_INPUTS,edgeiq_ra_to_rcom_bridge_current_performance_rebuild_v1,1.0.0,2026-07-30T00:00:00Z
REEPI-CUR-FACDAEA772855B4400A2B835,99564633300,EIQD-2FCDF559A4AC5AD65AC8B286,2026-07-26,NORMALISED_WEIGHTED_ADDITIVE_EPI_V1,100.000000,REEC-CUR-3C162A8C65DB87B066C3B532,aa0083c18f539e8c66b8110048e159214d2ff2025e449b151d1c525cd0385154,,0.500000,,REEC-CUR-869C0D74D4486CA403329C8D,ca4529e11ba61b0c49e290d1698938320c9907a1316fb0fc8d44334f47503aa5,,0.300000,,REEC-CUR-204A7551E118EC1D4C59E6CE,2b50a81d4ce4a1850060c8ae90d1ff4a9105822c3b1e1f4961b0cecd108a1b4f,,0.200000,,1.000000,1.141115,101.141115,EPIP1-14578898B157ACE77DF0A29F,EPI_PUBLISHED,EPI_RECONCILED,GOVERNED_RACE_ENTRY_EPI,9e6852b69575a8ba3ed3be8f73e07a7f3955dfa73302bba8ee9d7f5295fcaa22,RA_TO_RCOM_BRIDGE|LIVE_FORM_GUIDE_CURRENT_INPUTS,edgeiq_ra_to_rcom_bridge_current_performance_rebuild_v1,1.0.0,2026-07-30T00:00:00Z
REEPI-CUR-68CF2912D2BA09E677B68089,99558391920,EIQD-2FCDF559A4AC5AD65AC8B286,2026-07-26,NORMALISED_WEIGHTED_ADDITIVE_EPI_V1,100.000000,REEC-CUR-1DDB73519C8C881F0875C65C,8b67a26e980aa8a92f1a9a8e7c1b8b440f21d019b3bd14db879c8c47fcc74b19,,0.500000,,REEC-CUR-1AE51CA5DFB6455637F65C6C,5cb910fcb2d947eea2e8c06f623b6fc478d75f63aebf0af9e2b9c1ee61bb7159,,0.300000,,REEC-CUR-2E23CDD094E3BFF0C5586345,63e81c86f86e7159fd997a81d09c7de19f5811aa02a22501694e0429a82da6c2,,0.200000,,1.000000,0.741705,100.741705,EPIP1-14578898B157ACE77DF0A29F,EPI_PUBLISHED,EPI_RECONCILED,GOVERNED_RACE_ENTRY_EPI,f290ea80b580d0bc55b220437233605b1e73c6bbc7f91d6207d13e3e554b1503,RA_TO_RCOM_BRIDGE|LIVE_FORM_GUIDE_CURRENT_INPUTS,edgeiq_ra_to_rcom_bridge_current_performance_rebuild_v1,1.0.0,2026-07-30T00:00:00Z
REEPI-CUR-B51172182F7327D3A16257FA,99476412090,EIQD-2FCDF559A4AC5AD65AC8B286,2026-07-26,NORMALISED_WEIGHTED_ADDITIVE_EPI_V1,100.000000,REEC-CUR-352C31265DC5AA7F7F02C81F,3d31d8016baa0baf54de9a3c45159725fcd393047be764af3275cfeaddaca5f3,,0.500000,,REEC-CUR-6E2DC12E554EE36C41F55C74,4a686b947507e20de2f9b1d882995fea73b82f63ec7d382e3851956de155e4fd,,0.300000,,REEC-CUR-AE95B72E836D2E4EA11CF74C,eeb6453ced07d3a753653466585a6d52ab2492631d603caa7ca70130eb89805a,,0.200000,,1.000000,-0.765452,99.234548,EPIP1-14578898B157ACE77DF0A29F,EPI_PUBLISHED,EPI_RECONCILED,GOVERNED_RACE_ENTRY_EPI,11063e443bcb8d7a9cc3f397696a6a80bf280c25b7b49891055afb01f795c36b,RA_TO_RCOM_BRIDGE|LIVE_FORM_GUIDE_CURRENT_INPUTS,edgeiq_ra_to_rcom_bridge_current_performance_rebuild_v1,1.0.0,2026-07-30T00:00:00Z
REEPI-CUR-54A5AFD97CF6F113982B5756,99537287700,EIQD-2FCDF559A4AC5AD65AC8B286,2026-07-26,NORMALISED_WEIGHTED_ADDITIVE_EPI_V1,100.000000,REEC-CUR-F6EC9E21FC741137353AB04F,3416c663d0960ec536954909b81f8cd3fc5f89ffcbbe2ef9043af48f72b7e8d3,,0.500000,,REEC-CUR-8F0D6F4C606390FB9791322F,843d5358a2c811fe156562f7b9463bd38cfbd068fdab600c2774d3b00e20fc22,,0.300000,,REEC-CUR-44ABC7DD50E6CEA59E80D367,835c979b1d3227b3b704357a0912bf712e36481b1ce4504d9a2457152ce5dc29,,0.200000,,1.000000,0.566223,100.566223,EPIP1-14578898B157ACE77DF0A29F,EPI_PUBLISHED,EPI_RECONCILED,GOVERNED_RACE_ENTRY_EPI,8c3c7823c15fc182361cc81133ca6c634dff671af4fa4629609a56d2c77bca1b,RA_TO_RCOM_BRIDGE|LIVE_FORM_GUIDE_CURRENT_INPUTS,edgeiq_ra_to_rcom_bridge_current_performance_rebuild_v1,1.0.0,2026-07-30T00:00:00Z
REEPI-CUR-8F5172E3DF6AC309094C2FAA,99567177960,EIQD-2FCDF559A4AC5AD65AC8B286,2026-07-26,NORMALISED_WEIGHTED_ADDITIVE_EPI_V1,100.000000,REEC-CUR-AE67E9553E1628116EF3AAEB,624d1e30cd96f720959f30b9d360b862111b08133ed82628e6d10891c0ee9419,,0.500000,,REEC-CUR-9377F90CD1B181250F908C79,55440fe087859adb1953a42aff5d1f2c0c1c750fd4b2fa6dbf0b13305d4f5a0a,,0.300000,,REEC-CUR-800CA0B4C8BE6C5D2A75DB64,ba0710b9ab31bb249e6ddc6e61fdff623ec4ef0014b557b1bfa0b26d25716938,,0.200000,,1.000000,0.476489,100.476489,EPIP1-14578898B157ACE77DF0A29F,EPI_PUBLISHED,EPI_RECONCILED,GOVERNED_RACE_ENTRY_EPI,496591d497c407d754b2a04968094ad297b39316a601d55134ba3a91edaad52c,RA_TO_RCOM_BRIDGE|LIVE_FORM_GUIDE_CURRENT_INPUTS,edgeiq_ra_to_rcom_bridge_current_performance_rebuild_v1,1.0.0,2026-07-30T00:00:00Z
REEPI-CUR-09E70720DCFA24F42E8D368C,99561449310,EIQD-2FCDF559A4AC5AD65AC8B286,2026-07-26,NORMALISED_WEIGHTED_ADDITIVE_EPI_V1,100.000000,REEC-CUR-8901F73B6383123DBD5D946C,0937f3d16a67aca468c2f4563fe49d9a181cb6151c1c2deac2732350fbd6f2c6,,0.500000,,REEC-CUR-3CFC44F7028099B559C48B19,161ed256393e83848f7bb3488697cb8a8c4126a663afd5f759267e70c0ad5293,,0.300000,,REEC-CUR-3399B2EB3CBEF319ACB66640,01fb40b5d877c6c281fb02457644755233d6a4a996faa857c0b49649f5d73638,,0.200000,,1.000000,-0.624281,99.375719,EPIP1-14578898B157ACE77DF0A29F,EPI_PUBLISHED,EPI_RECONCILED,GOVERNED_RACE_ENTRY_EPI,86ee98f2dee2e1a436d09f180b433ff4ae2bbd81ac82f59b120ed00884f5c31d,RA_TO_RCOM_BRIDGE|LIVE_FORM_GUIDE_CURRENT_INPUTS,edgeiq_ra_to_rcom_bridge_current_performance_rebuild_v1,1.0.0,2026-07-30T00:00:00Z
REEPI-CUR-5094A1149CDD4CD40E695077,99541687050,EIQD-58926116CE3730E5DB18A856,2026-07-26,NORMALISED_WEIGHTED_ADDITIVE_EPI_V1,100.000000,REEC-CUR-945DD40D35C65D780BE9EEFA,82c4bbbeeff8fe7ad583acea9d58ba4fd57a79385ee86657cae427635ebf5e73,,0.500000,,REEC-CUR-CC96A0DB345260AF3BA92DA6,c4fcbe0ef117b20dbabd02fc45fbe754e9b500337f333eb20bbf1388590e495b,,0.300000,,REEC-CUR-22E8EDEF1E6E00254F9575D1,aaccf77a09598cf2a051cf18a96019af8e800b3148b31a2f271a0e735855c1e8,,0.200000,,1.000000,0.162675,100.162675,EPIP1-14578898B157ACE77DF0A29F,EPI_PUBLISHED,EPI_RECONCILED,GOVERNED_RACE_ENTRY_EPI,bb5d2f887069e1d65d1f6dcfc3d43960028b738b64fb92c9f6bbc6159998361d,RA_TO_RCOM_BRIDGE|LIVE_FORM_GUIDE_CURRENT_INPUTS,edgeiq_ra_to_rcom_bridge_current_performance_rebuild_v1,1.0.0,2026-07-30T00:00:00Z
REEPI-CUR-30E1C3841D94D61A8E69BF8C,99559088220,EIQD-58926116CE3730E5DB18A856,2026-07-26,NORMALISED_WEIGHTED_ADDITIVE_EPI_V1,100.000000,REEC-CUR-155BE0A32F2D0E2F93FE40BF,be538f32ef8ab3f25a7673bf0a3eebf82b402adfd062fc6f39e7fbea59d44b61,,0.500000,,REEC-CUR-75BEEC6DFA1051C8C7BBBDFF,39bab1fe55fdae84d7614f8951468cc515739a99ac80e37936aca8d20168477a,,0.300000,,REEC-CUR-CE4C5AD0CF338C0791507265,97b79edcad2ea0a3497b2609520ec7e3fdf57a343d702df4ea59767c32d2e60a,,0.200000,,1.000000,-1.181488,98.818512,EPIP1-14578898B157ACE77DF0A29F,EPI_PUBLISHED,EPI_RECONCILED,GOVERNED_RACE_ENTRY_EPI,dc24ae5f8a5cefb0649fe0e30ccf4fd19bb45304c2c62c4fc0ec13b233044636,RA_TO_RCOM_BRIDGE|LIVE_FORM_GUIDE_CURRENT_INPUTS,edgeiq_ra_to_rcom_bridge_current_performance_rebuild_v1,1.0.0,2026-07-30T00:00:00Z
REEPI-CUR-D4440953AA00FFC528EF0B89,99566000580,EIQD-58926116CE3730E5DB18A856,2026-07-26,NORMALISED_WEIGHTED_ADDITIVE_EPI_V1,100.000000,REEC-CUR-C9F3C8E207E0746E5EC5A0F8,82afc0ec7f6637f15bc9f73c118ba0c6ddb7261f87d2602c4b0aa2f9e577d0b1,,0.500000,,REEC-CUR-070A5B01D5AF4CC0E02F9CF4,7fdd4a126740177f6f7d16c250d15f265ce06cacf95ec291c3640df4e772b4d1,,0.300000,,REEC-CUR-349470B378DEC5D2FFDD4783,e8b0851cd66f434c439ed42e3a589fdbd5563e1429000a19a2596f9b0a18562b,,0.200000,,1.000000,0.337443,100.337443,EPIP1-14578898B157ACE77DF0A29F,EPI_PUBLISHED,EPI_RECONCILED,GOVERNED_RACE_ENTRY_EPI,8bdd15d2ca503fc6e49f6fe5599227dbe19298e0d7d28fa9ee5ec01ddf5bb889,RA_TO_RCOM_BRIDGE|LIVE_FORM_GUIDE_CURRENT_INPUTS,edgeiq_ra_to_rcom_bridge_current_performance_rebuild_v1,1.0.0,2026-07-30T00:00:00Z
REEPI-CUR-53CAA7244EEC5F990093470F,99555467460,EIQD-58926116CE3730E5DB18A856,2026-07-26,NORMALISED_WEIGHTED_ADDITIVE_EPI_V1,100.000000,REEC-CUR-8024EC6A31E3CBE742BED7CC,83c17445f63d4515d08f8903df3822f9af41cf1432b8d561ab7d94a5f6183f0f,,0.500000,,REEC-CUR-7F16643C408B77DFEB764567,02add35d3a08bc0f0adaa7ca253904873c652f4ee73f3f308279c2c53dde114c,,0.300000,,REEC-CUR-29FF43A021C576B7217B6202,ce4a5d24e540f60dc34aeb7cd540e0733df612c286de44705f439a6f9c85ccdd,,0.200000,,1.000000,-0.656813,99.343187,EPIP1-14578898B157ACE77DF0A29F,EPI_PUBLISHED,EPI_RECONCILED,GOVERNED_RACE_ENTRY_EPI,0de640d15d23d7c567f949a8346df5d9afcdb96913de1b164e942ebd77a66503,RA_TO_RCOM_BRIDGE|LIVE_FORM_GUIDE_CURRENT_INPUTS,edgeiq_ra_to_rcom_bridge_current_performance_rebuild_v1,1.0.0,2026-07-30T00:00:00Z
REEPI-CUR-C9761F8F975B82A25DF2A42A,99500681310,EIQD-58926116CE3730E5DB18A856,2026-07-26,NORMALISED_WEIGHTED_ADDITIVE_EPI_V1,100.000000,REEC-CUR-3A4B7AD177CF68E66543854B,ffe0a51cc93a0f49dd51adce71ff6357112af8358220b7a2cba89013e7b581f7,,0.500000,,REEC-CUR-3B5564A265F31302950DC307,fb4df27ca735c883e81e04dd05bf4438e84b0f9a50365c7336dfb3b2b615229f,,0.300000,,REEC-CUR-5C98C323237A4A8601E415A1,9b86b8feb1b3baaa893d634e35056e4e399176b0ef901ec13ef953ed4298bcac,,0.200000,,1.000000,-0.485655,99.514345,EPIP1-14578898B157ACE77DF0A29F,EPI_PUBLISHED,EPI_RECONCILED,GOVERNED_RACE_ENTRY_EPI,6cee1dde8e535dcf9fcbfa27d3cce404af0d15121dc18c50b17db8e09cfcbc97,RA_TO_RCOM_BRIDGE|LIVE_FORM_GUIDE_CURRENT_INPUTS,edgeiq_ra_to_rcom_bridge_current_performance_rebuild_v1,1.0.0,2026-07-30T00:00:00Z
REEPI-CUR-7D4AE4FA5A66586A95954E30,99500687640,EIQD-58926116CE3730E5DB18A856,2026-07-26,NORMALISED_WEIGHTED_ADDITIVE_EPI_V1,100.000000,REEC-CUR-CAC68E82809506F390B32776,4345563a6b7f62fb7eab2311837ce83607938da9a952da072915aabacaa81ebd,,0.500000,,REEC-CUR-67CCBBD6EB3DEB924EDA4570,1751dd38e00e53434cf7e41daa5f1f5868e36ec6d933e601cdf17ac21053a503,,0.300000,,REEC-CUR-FAEDE093D64657005D152C81,0794e36633f702df421b5785195337c73d5d00895ec8d024d4f3155100908dfd,,0.200000,,1.000000,0.487103,100.487103,EPIP1-14578898B157ACE77DF0A29F,EPI_PUBLISHED,EPI_RECONCILED,GOVERNED_RACE_ENTRY_EPI,7ea2e95a6bf1c9b17396f67066f755c1a8ee82e2ce0b4fdce2be99a4bf046b7a,RA_TO_RCOM_BRIDGE|LIVE_FORM_GUIDE_CURRENT_INPUTS,edgeiq_ra_to_rcom_bridge_current_performance_rebuild_v1,1.0.0,2026-07-30T00:00:00Z
REEPI-CUR-C56867A10BC47E8D4103D652,99490350750,EIQD-58926116CE3730E5DB18A856,2026-07-26,NORMALISED_WEIGHTED_ADDITIVE_EPI_V1,100.000000,REEC-CUR-5CA33B37C3615E1E2CAE2596,c9b74358b7555c317f537812bfabcc9fc653783cce1307b09b312ba67d8ceb70,,0.500000,,REEC-CUR-E1FC073397EDD75CD4A51C37,7155722eddae6ad08dbdbc9dc5691ced4e9f09278b62bca1b98c8751b1d2bf67,,0.300000,,REEC-CUR-3A6DB703B84427BC44363E3E,c71d1a2d65796c136dfaecea2a0f4714167299ccbf4c20c97fb9887e29a2c6ee,,0.200000,,1.000000,-0.966296,99.033704,EPIP1-14578898B157ACE77DF0A29F,EPI_PUBLISHED,EPI_RECONCILED,GOVERNED_RACE_ENTRY_EPI,b29d36cb4142e5435aaa717c7b619a4baa3f154a50d9a698d959c0f45351cfb1,RA_TO_RCOM_BRIDGE|LIVE_FORM_GUIDE_CURRENT_INPUTS,edgeiq_ra_to_rcom_bridge_current_performance_rebuild_v1,1.0.0,2026-07-30T00:00:00Z
REEPI-CUR-F773FDD02DB7F2A168A8664D,99567633720,EIQD-58926116CE3730E5DB18A856,2026-07-26,NORMALISED_WEIGHTED_ADDITIVE_EPI_V1,100.000000,REEC-CUR-FE2EC57AE899CD81673B8C25,9fec8579b64f385c9ccde58024ca69b78b6ac4dae245a123286819941dfa664e,,0.500000,,REEC-CUR-6F90D0BE8D337A3FFF38D191,2af4a1ab41cfabd81e84c16b949ca67554c6d3a07d8038adacf9650744d67ca7,,0.300000,,REEC-CUR-3A2037E7EF02B28B7AA6AB24,b46a3b1c15739d5e4bc3703edeef2c28218e6c1270d6b40ee96d5e6ff1d3d291,,0.200000,,1.000000,-0.298691,99.701309,EPIP1-14578898B157ACE77DF0A29F,EPI_PUBLISHED,EPI_RECONCILED,GOVERNED_RACE_ENTRY_EPI,8dbba73754e5ba8bcc7963f5b57bec8e49b7da772bf5b14e34d97b9c815c9168,RA_TO_RCOM_BRIDGE|LIVE_FORM_GUIDE_CURRENT_INPUTS,edgeiq_ra_to_rcom_bridge_current_performance_rebuild_v1,1.0.0,2026-07-30T00:00:00Z
REEPI-CUR-66EE13B6AA5BC467CAA8016C,99564956130,EIQD-58926116CE3730E5DB18A856,2026-07-26,NORMALISED_WEIGHTED_ADDITIVE_EPI_V1,100.000000,REEC-CUR-5BAF0B5BD23670D621FFD956,b989dbb05e0a616960a224330de456b052c0686d9dd51797580cce3ca2ffebe4,,0.500000,,REEC-CUR-8D5B1DF81F8618F94FEF279D,2c7ff5d2484c40927d07b42b51594e1771e2432c620fea1530af740c17fe44d3,,0.300000,,REEC-CUR-8197219782D94772CB41CE8D,dcdfe6d9bdad030daf30046ef7eb57a96c5833eaa8223673b96bd3f70567213f,,0.200000,,1.000000,0.705520,100.705520,EPIP1-14578898B157ACE77DF0A29F,EPI_PUBLISHED,EPI_RECONCILED,GOVERNED_RACE_ENTRY_EPI,048ce0ee35bac153917bb35ed316c6b7c8e47e021b7570a915d49fcfe344abde,RA_TO_RCOM_BRIDGE|LIVE_FORM_GUIDE_CURRENT_INPUTS,edgeiq_ra_to_rcom_bridge_current_performance_rebuild_v1,1.0.0,2026-07-30T00:00:00Z
REEPI-CUR-513F3F1AA21DD6541355BE59,99569906190,EIQD-58926116CE3730E5DB18A856,2026-07-26,NORMALISED_WEIGHTED_ADDITIVE_EPI_V1,100.000000,REEC-CUR-7FBC9BC3725E647B8F58DA60,9d581d31361073e4fea1f83a65b47872452ad34dc7f3a23a7ef55d979c655dd6,,0.500000,,REEC-CUR-4FE9A81CC8B1E319B219961E,f4e58938a73dfe0d67f85faf218b6ca370f0216fe31c07a0e73a649959bb7308,,0.300000,,REEC-CUR-B5A3127D346B832DA3BA33B6,baf931edc52876fae7b2ee595298d82ae5e4620833c9aacd01b44be7be2b205b,,0.200000,,1.000000,0.586432,100.586432,EPIP1-14578898B157ACE77DF0A29F,EPI_PUBLISHED,EPI_RECONCILED,GOVERNED_RACE_ENTRY_EPI,65ab3d76809480bab2ab9ebd1c6afb12ee6f4e795ac6c0c302aac79cbd789ee3,RA_TO_RCOM_BRIDGE|LIVE_FORM_GUIDE_CURRENT_INPUTS,edgeiq_ra_to_rcom_bridge_current_performance_rebuild_v1,1.0.0,2026-07-30T00:00:00Z
REEPI-CUR-2F63F2BB35AD92BA2E53361F,99515158020,EIQD-58926116CE3730E5DB18A856,2026-07-26,NORMALISED_WEIGHTED_ADDITIVE_EPI_V1,100.000000,REEC-CUR-4C675FA4945E08E57E58D2DA,f4dbcc2198f6bc25de4de34333253b2a173b815c1c86aa50f1679a66ee1b5a50,,0.500000,,REEC-CUR-BF5B93FA73678AC812489592,4b1f1ba4ae2df38a4d0e761c44fb07b12d4046e4ed43a3f1e9c69abad121dcc7,,0.300000,,REEC-CUR-C1F7F425A7A9F17950D04673,a914f749064f556b4136d95445d96f7abba405b38d77aef41f6f23c5205ba964,,0.200000,,1.000000,0.540807,100.540807,EPIP1-14578898B157ACE77DF0A29F,EPI_PUBLISHED,EPI_RECONCILED,GOVERNED_RACE_ENTRY_EPI,d82ecb492db35cbf46a2fce2f4df9ce382816a9b4300d508c2e44ec7811bd8bf,RA_TO_RCOM_BRIDGE|LIVE_FORM_GUIDE_CURRENT_INPUTS,edgeiq_ra_to_rcom_bridge_current_performance_rebuild_v1,1.0.0,2026-07-30T00:00:00Z
REEPI-CUR-8F263F5C221823C4F5B7A672,99550023660,EIQD-58926116CE3730E5DB18A856,2026-07-26,NORMALISED_WEIGHTED_ADDITIVE_EPI_V1,100.000000,REEC-CUR-73F43F46326B9E074E1F2544,d0e613105f7432edd611ca171b37e76595c1f1709828a2c611bfeaa7500ac87e,,0.500000,,REEC-CUR-2CF65D100DD30C2D8A7F5520,c46d291cf18f3e14d62119b3271ed1f394b749bba3534e5c8acd9dcb6d6cc14e,,0.300000,,REEC-CUR-6706DB5E0D3F6F49FDC56F60,5da658f93bd56d3a20a4275bcb716d7a917a5aaad8bc7f0999327d5c9098519c,,0.200000,,1.000000,0.839372,100.839372,EPIP1-14578898B157ACE77DF0A29F,EPI_PUBLISHED,EPI_RECONCILED,GOVERNED_RACE_ENTRY_EPI,20c8d5cf3f5be6b3df1c52cd603710d9c0c23192b1698d440397e0603edb18ca,RA_TO_RCOM_BRIDGE|LIVE_FORM_GUIDE_CURRENT_INPUTS,edgeiq_ra_to_rcom_bridge_current_performance_rebuild_v1,1.0.0,2026-07-30T00:00:00Z
REEPI-CUR-BAE36EDF308F08A78BE5D97D,99533128890,EIQD-58926116CE3730E5DB18A856,2026-07-26,NORMALISED_WEIGHTED_ADDITIVE_EPI_V1,100.000000,REEC-CUR-8B4008E4050F2FB1852F8D56,dca092bf59ccccfcd26bf96264d479adc32f13c46dd0d89241802bc537de14fa,,0.500000,,REEC-CUR-E9EBB0605A969BAD35F52E82,6c7df116df778ef5ede1ecd042f4869f61088c6d2d61f842c4f7bf8a6ce2b64f,,0.300000,,REEC-CUR-DA7904E7FDE72E68500FF53F,f2361f846d5c5a1909473e35bdd94119411ba187755807d110fc7f57aafcec9d,,0.200000,,1.000000,-0.070408,99.929592,EPIP1-14578898B157ACE77DF0A29F,EPI_PUBLISHED,EPI_RECONCILED,GOVERNED_RACE_ENTRY_EPI,2421ae2ba2e496f05076f5f15837004fbbbc368e2c8cc28056b719ac02b61ad4,RA_TO_RCOM_BRIDGE|LIVE_FORM_GUIDE_CURRENT_INPUTS,edgeiq_ra_to_rcom_bridge_current_performance_rebuild_v1,1.0.0,2026-07-30T00:00:00Z
