ra_horse_id,rcom_horse_id,canonical_horse_id,ra_horse_name,rcom_horse_name,normalised_name,match_tier,match_status,evidence_fields,evidence_values,candidate_count,conflict_status,decision_reason,policy_id,source_files
RA_HORSE_33354232230,RCOM_HORSE_5269231,RCOM_HORSE_5269231,CLYDEBANK ROBBER,CLYDEBANK ROBBER,CLYDEBANKROBBER,UNIQUE_EXACT_NAME_CONTINUITY,RESOLVED_UNIQUE_CONTINUITY,normalised_name|historical_horse_code|historical_row_count|trainer_continuity|chronology,candidate_count=1;historical_rows=61;first_date=2022-04-03;last_date=2026-06-15;trainer_match=NO,1,NO_CONFLICT,UNIQUE_EXACT_NORMALISED_NAME_WITH_NO_CONFLICTING_REPOSITORY_EVIDENCE_AND_PLAUSIBLE_CHRONOLOGY,EDGEIQ-RA-RCOM-BRIDGE-A-v1,edgeiq_graphql_april_2022_results_v1.csv|edgeiq_graphql_april_2023_results_v1.csv|edgeiq_graphql_april_2024_results_v1.csv|edgeiq_graphql_april_2026_results_v1.csv|edgeiq_graphql_august_2023_results_v1.csv|edgeiq_graphql_august_2025_results_v1.csv|edgeiq_graphql_december_2023_results_v1.csv|edgeiq_graphql_december_2024_results_v1.csv|edgeiq_graphql_february_2024_results_v1.csv|edgeiq_graphql_february_2025_results_v1.csv|edgeiq_graphql_january_2024_results_v1.csv|edgeiq_graphql_january_2025_WEEK3_results_v1.csv|edgeiq_graphql_january_2025_WEEK4_results_v1.csv|edgeiq_graphql_january_2025_results_v1.csv|edgeiq_graphql_january_2026_results_v1.csv|edgeiq_graphql_july_2025_results_v1.csv|edgeiq_graphql_june_2023_results_v1.csv|edgeiq_graphql_june_2025_results_v1.csv|edgeiq_graphql_june_2026_results_v1.csv|edgeiq_graphql_march_2023_results_v1.csv|edgeiq_graphql_march_2024_results_v1.csv|edgeiq_graphql_march_2025_results_v1.csv|edgeiq_graphql_march_2026_results_v1.csv|edgeiq_graphql_may_2023_results_v1.csv|edgeiq_graphql_may_2024_results_v1.csv|edgeiq_graphql_may_2025_results_v1.csv|edgeiq_graphql_may_2026_results_v1.csv|edgeiq_graphql_november_2023_results_v1.csv|edgeiq_graphql_november_2024_results_v1.csv|edgeiq_graphql_october_2024_results_v1.csv|edgeiq_graphql_september_2023_results_v1.csv|public/data/edgeiq_current_horse_identity_crosswalk_v1.csv|public/data/edgeiq_daily_official_results_fact_v1.csv|public/data/edgeiq_historical_results_warehouse_v2_graphql.csv
RA_HORSE_33850580190,RCOM_HORSE_5347643,RCOM_HORSE_5347643,KING OF SAVOY,KING OF SAVOY,KINGOFSAVOY,UNIQUE_EXACT_NAME_CONTINUITY,RESOLVED_UNIQUE_CONTINUITY,normalised_name|historical_horse_code|historical_row_count|trainer_continuity|chronology,candidate_count=1;historical_rows=6;first_date=2026-01-02;last_date=2026-03-09;trainer_match=NO,1,NO_CONFLICT,UNIQUE_EXACT_NORMALISED_NAME_WITH_NO_CONFLICTING_REPOSITORY_EVIDENCE_AND_PLAUSIBLE_CHRONOLOGY,EDGEIQ-RA-RCOM-BRIDGE-A-v1,edgeiq_graphql_february_2026_results_v1.csv|edgeiq_graphql_january_2026_results_v1.csv|edgeiq_graphql_march_2026_results_v1.csv|public/data/edgeiq_current_horse_identity_crosswalk_v1.csv|public/data/edgeiq_daily_official_results_fact_v1.csv|public/data/edgeiq_historical_results_warehouse_v2_graphql.csv
RA_HORSE_33861467790,RCOM_HORSE_5349363,RCOM_HORSE_5349363,RAINY NIGHT,RAINY NIGHT,RAINYNIGHT,UNIQUE_EXACT_NAME_CONTINUITY,RESOLVED_UNIQUE_CONTINUITY,normalised_name|historical_horse_code|historical_row_count|trainer_continuity|chronology,candidate_count=1;historical_rows=5;first_date=2025-06-17;last_date=2026-06-11;trainer_match=NO,1,NO_CONFLICT,UNIQUE_EXACT_NORMALISED_NAME_WITH_NO_CONFLICTING_REPOSITORY_EVIDENCE_AND_PLAUSIBLE_CHRONOLOGY,EDGEIQ-RA-RCOM-BRIDGE-A-v1,edgeiq_graphql_june_2025_results_v1.csv|edgeiq_graphql_june_2026_results_v1.csv|edgeiq_graphql_november_2025_results_v1.csv|edgeiq_graphql_october_2025_results_v1.csv|public/data/edgeiq_current_horse_identity_crosswalk_v1.csv|public/data/edgeiq_daily_official_results_fact_v1.csv|public/data/edgeiq_historical_results_warehouse_v2_graphql.csv
RA_HORSE_33671928600,RCOM_HORSE_5319420,RCOM_HORSE_5319420,SMART MOVES,SMART MOVES,SMARTMOVES,UNIQUE_EXACT_NAME_CONTINUITY,RESOLVED_UNIQUE_CONTINUITY,normalised_name|historical_horse_code|historical_row_count|trainer_continuity|chronology,candidate_count=1;historical_rows=17;first_date=2025-04-15;last_date=2026-06-02;trainer_match=NO,1,NO_CONFLICT,UNIQUE_EXACT_NORMALISED_NAME_WITH_NO_CONFLICTING_REPOSITORY_EVIDENCE_AND_PLAUSIBLE_CHRONOLOGY,EDGEIQ-RA-RCOM-BRIDGE-A-v1,edgeiq_graphql_april_2025_results_v1.csv|edgeiq_graphql_august_2025_results_v1.csv|edgeiq_graphql_july_2025_results_v1.csv|edgeiq_graphql_june_2025_results_v1.csv|edgeiq_graphql_june_2026_results_v1.csv|edgeiq_graphql_may_2025_results_v1.csv|edgeiq_graphql_may_2026_results_v1.csv|edgeiq_graphql_october_2025_results_v1.csv|edgeiq_graphql_september_2025_results_v1.csv|public/data/edgeiq_current_horse_identity_crosswalk_v1.csv|public/data/edgeiq_daily_official_results_fact_v1.csv|public/data/edgeiq_historical_results_warehouse_v2_graphql.csv
RA_HORSE_33624953670,RCOM_HORSE_5311999,RCOM_HORSE_5311999,HIGHLAND STORM,HIGHLAND STORM,HIGHLANDSTORM,UNIQUE_EXACT_NAME_CONTINUITY,RESOLVED_UNIQUE_CONTINUITY,normalised_name|historical_horse_code|historical_row_count|trainer_continuity|chronology,candidate_count=1;historical_rows=11;first_date=2025-07-25;last_date=2026-06-13;trainer_match=NO,1,NO_CONFLICT,UNIQUE_EXACT_NORMALISED_NAME_WITH_NO_CONFLICTING_REPOSITORY_EVIDENCE_AND_PLAUSIBLE_CHRONOLOGY,EDGEIQ-RA-RCOM-BRIDGE-A-v1,edgeiq_graphql_april_2026_results_v1.csv|edgeiq_graphql_august_2025_results_v1.csv|edgeiq_graphql_july_2025_results_v1.csv|edgeiq_graphql_june_2026_results_v1.csv|edgeiq_graphql_march_2026_results_v1.csv|edgeiq_graphql_may_2026_results_v1.csv|edgeiq_graphql_september_2025_results_v1.csv|public/data/edgeiq_current_horse_identity_crosswalk_v1.csv|public/data/edgeiq_daily_official_results_fact_v1.csv|public/data/edgeiq_historical_results_warehouse_v2_graphql.csv
RA_HORSE_33896149860,RCOM_HORSE_5354842,RCOM_HORSE_5354842,NOW PERFORM,NOW PERFORM,NOWPERFORM,UNIQUE_EXACT_NAME_CONTINUITY,RESOLVED_UNIQUE_CONTINUITY,normalised_name|historical_horse_code|historical_row_count|trainer_continuity|chronology,candidate_count=1;historical_rows=14;first_date=2025-11-29;last_date=2026-06-12;trainer_match=NO,1,NO_CONFLICT,UNIQUE_EXACT_NORMALISED_NAME_WITH_NO_CONFLICTING_REPOSITORY_EVIDENCE_AND_PLAUSIBLE_CHRONOLOGY,EDGEIQ-RA-RCOM-BRIDGE-A-v1,edgeiq_graphql_april_2026_results_v1.csv|edgeiq_graphql_december_2025_results_v1.csv|edgeiq_graphql_february_2026_results_v1.csv|edgeiq_graphql_january_2026_results_v1.csv|edgeiq_graphql_june_2026_results_v1.csv|edgeiq_graphql_march_2026_results_v1.csv|edgeiq_graphql_may_2026_results_v1.csv|edgeiq_graphql_november_2025_results_v1.csv|public/data/edgeiq_current_horse_identity_crosswalk_v1.csv|public/data/edgeiq_daily_official_results_fact_v1.csv|public/data/edgeiq_historical_results_warehouse_v2_graphql.csv
RA_HORSE_34011115320,RCOM_HORSE_5373004,RCOM_HORSE_5373004,TRULY FIERCE,TRULY FIERCE,TRULYFIERCE,UNIQUE_EXACT_NAME_CONTINUITY,RESOLVED_UNIQUE_CONTINUITY,normalised_name|historical_horse_code|historical_row_count|trainer_continuity|chronology,candidate_count=1;historical_rows=2;first_date=2026-02-16;last_date=2026-04-25;trainer_match=NO,1,NO_CONFLICT,UNIQUE_EXACT_NORMALISED_NAME_WITH_NO_CONFLICTING_REPOSITORY_EVIDENCE_AND_PLAUSIBLE_CHRONOLOGY,EDGEIQ-RA-RCOM-BRIDGE-A-v1,edgeiq_graphql_april_2026_results_v1.csv|edgeiq_graphql_february_2026_results_v1.csv|public/data/edgeiq_current_horse_identity_crosswalk_v1.csv|public/data/edgeiq_daily_official_results_fact_v1.csv|public/data/edgeiq_historical_results_warehouse_v2_graphql.csv
RA_HORSE_33844281840,RCOM_HORSE_5346648,RCOM_HORSE_5346648,WINGS OF LOVE,WINGS OF LOVE,WINGSOFLOVE,UNIQUE_EXACT_NAME_CONTINUITY,RESOLVED_UNIQUE_CONTINUITY,normalised_name|historical_horse_code|historical_row_count|trainer_continuity|chronology,candidate_count=1;historical_rows=3;first_date=2026-05-24;last_date=2026-06-24;trainer_match=NO,1,NO_CONFLICT,UNIQUE_EXACT_NORMALISED_NAME_WITH_NO_CONFLICTING_REPOSITORY_EVIDENCE_AND_PLAUSIBLE_CHRONOLOGY,EDGEIQ-RA-RCOM-BRIDGE-A-v1,edgeiq_graphql_june_2026_results_v1.csv|edgeiq_graphql_may_2026_results_v1.csv|public/data/edgeiq_current_horse_identity_crosswalk_v1.csv|public/data/edgeiq_daily_official_results_fact_v1.csv|public/data/edgeiq_historical_results_warehouse_v2_graphql.csv
RA_HORSE_33915988080,,RA_HORSE_33915988080,CORONATIONHERCULES,,CORONATIONHERCULES,UNRESOLVED,NO_CANDIDATE,normalised_name|historical_horse_code|historical_row_count|trainer_continuity|chronology,repository_name_candidate_count=0,0,NO_CANDIDATE,NO_RCOM_CANDIDATE_FOUND_IN_REPOSITORY_WIDE_EVIDENCE_INDEX,EDGEIQ-RA-RCOM-BRIDGE-A-v1,public/data/edgeiq_current_horse_identity_crosswalk_v1.csv|public/data/edgeiq_daily_official_results_fact_v1.csv
RA_HORSE_33706648650,RCOM_HORSE_5324905,RCOM_HORSE_5324905,DIAMOND EYE,DIAMOND EYE,DIAMONDEYE,UNIQUE_EXACT_NAME_CONTINUITY,RESOLVED_UNIQUE_CONTINUITY,normalised_name|historical_horse_code|historical_row_count|trainer_continuity|chronology,candidate_count=1;historical_rows=2;first_date=2026-03-19;last_date=2026-03-20;trainer_match=NO,1,NO_CONFLICT,UNIQUE_EXACT_NORMALISED_NAME_WITH_NO_CONFLICTING_REPOSITORY_EVIDENCE_AND_PLAUSIBLE_CHRONOLOGY,EDGEIQ-RA-RCOM-BRIDGE-A-v1,edgeiq_graphql_march_2026_results_v1.csv|public/data/edgeiq_current_horse_identity_crosswalk_v1.csv|public/data/edgeiq_daily_official_results_fact_v1.csv|public/data/edgeiq_historical_results_warehouse_v2_graphql.csv
RA_HORSE_33492143940,RCOM_HORSE_5291018,RCOM_HORSE_5291018,NO SAVINGS,NO SAVINGS,NOSAVINGS,UNIQUE_EXACT_NAME_CONTINUITY,RESOLVED_UNIQUE_CONTINUITY,normalised_name|historical_horse_code|historical_row_count|trainer_continuity|chronology,candidate_count=1;historical_rows=26;first_date=2023-10-20;last_date=2026-04-08;trainer_match=NO,1,NO_CONFLICT,UNIQUE_EXACT_NORMALISED_NAME_WITH_NO_CONFLICTING_REPOSITORY_EVIDENCE_AND_PLAUSIBLE_CHRONOLOGY,EDGEIQ-RA-RCOM-BRIDGE-A-v1,edgeiq_graphql_april_2026_results_v1.csv|edgeiq_graphql_august_2024_results_v1.csv|edgeiq_graphql_december_2025_results_v1.csv|edgeiq_graphql_january_2024_results_v1.csv|edgeiq_graphql_january_2026_results_v1.csv|edgeiq_graphql_july_2024_results_v1.csv|edgeiq_graphql_june_2024_results_v1.csv|edgeiq_graphql_may_2024_results_v1.csv|edgeiq_graphql_november_2023_results_v1.csv|edgeiq_graphql_november_2024_results_v1.csv|edgeiq_graphql_november_2025_results_v1.csv|edgeiq_graphql_october_2023_results_v1.csv|edgeiq_graphql_october_2024_results_v1.csv|edgeiq_graphql_october_2025_results_v1.csv|edgeiq_graphql_september_2024_results_v1.csv|edgeiq_graphql_september_2025_results_v1.csv|public/data/edgeiq_current_horse_identity_crosswalk_v1.csv|public/data/edgeiq_daily_official_results_fact_v1.csv|public/data/edgeiq_historical_results_warehouse_v2_graphql.csv
RA_HORSE_33899416140,RCOM_HORSE_5355358,RCOM_HORSE_5355358,ROSE OF CHURCHILL,ROSE OF CHURCHILL,ROSEOFCHURCHILL,STRONG_COMPOSITE_IDENTITY,RESOLVED_COMPOSITE,normalised_name|historical_horse_code|historical_row_count|trainer_continuity|chronology,candidate_count=1;historical_rows=1;first_date=2025-12-18;last_date=2025-12-18;trainer_match=YES,1,NO_CONFLICT,UNIQUE_RCOM_CANDIDATE_WITH_TRAINER_CONTINUITY_AND_PRE_RACE_CHRONOLOGY,EDGEIQ-RA-RCOM-BRIDGE-A-v1,edgeiq_graphql_december_2025_results_v1.csv|public/data/edgeiq_current_horse_identity_crosswalk_v1.csv|public/data/edgeiq_daily_official_results_fact_v1.csv|public/data/edgeiq_historical_results_warehouse_v2_graphql.csv
RA_HORSE_34004646060,RCOM_HORSE_5371982,RCOM_HORSE_5371982,SAATCHI (NZ),SAATCHI,SAATCHI,UNIQUE_EXACT_NAME_CONTINUITY,RESOLVED_UNIQUE_CONTINUITY,normalised_name|historical_horse_code|historical_row_count|trainer_continuity|chronology,candidate_count=1;historical_rows=1;first_date=2026-06-22;last_date=2026-06-22;trainer_match=NO,1,NO_CONFLICT,UNIQUE_EXACT_NORMALISED_NAME_WITH_NO_CONFLICTING_REPOSITORY_EVIDENCE_AND_PLAUSIBLE_CHRONOLOGY,EDGEIQ-RA-RCOM-BRIDGE-A-v1,edgeiq_graphql_june_2026_results_v1.csv|public/data/edgeiq_current_horse_identity_crosswalk_v1.csv|public/data/edgeiq_daily_official_results_fact_v1.csv|public/data/edgeiq_historical_results_warehouse_v2_graphql.csv
RA_HORSE_33641171130,RCOM_HORSE_5314561,RCOM_HORSE_5314561,DON’T DOUBT TIGGA,DON'T DOUBT TIGGA,DONTDOUBTTIGGA,UNIQUE_EXACT_NAME_CONTINUITY,RESOLVED_UNIQUE_CONTINUITY,normalised_name|historical_horse_code|historical_row_count|trainer_continuity|chronology,candidate_count=1;historical_rows=9;first_date=2024-03-14;last_date=2025-04-22;trainer_match=NO,1,NO_CONFLICT,UNIQUE_EXACT_NORMALISED_NAME_WITH_NO_CONFLICTING_REPOSITORY_EVIDENCE_AND_PLAUSIBLE_CHRONOLOGY,EDGEIQ-RA-RCOM-BRIDGE-A-v1,edgeiq_graphql_april_2025_results_v1.csv|edgeiq_graphql_march_2024_results_v1.csv|edgeiq_graphql_march_2025_results_v1.csv|edgeiq_graphql_november_2024_results_v1.csv|edgeiq_graphql_october_2024_results_v1.csv|edgeiq_graphql_september_2024_results_v1.csv|public/data/edgeiq_current_horse_identity_crosswalk_v1.csv|public/data/edgeiq_daily_official_results_fact_v1.csv|public/data/edgeiq_historical_results_warehouse_v2_graphql.csv
RA_HORSE_33813568680,RCOM_HORSE_5341796,RCOM_HORSE_5341796,FORT OF DREAMS,FORT OF DREAMS,FORTOFDREAMS,STRONG_COMPOSITE_IDENTITY,RESOLVED_COMPOSITE,normalised_name|historical_horse_code|historical_row_count|trainer_continuity|chronology,candidate_count=1;historical_rows=5;first_date=2025-12-12;last_date=2026-02-01;trainer_match=YES,1,NO_CONFLICT,UNIQUE_RCOM_CANDIDATE_WITH_TRAINER_CONTINUITY_AND_PRE_RACE_CHRONOLOGY,EDGEIQ-RA-RCOM-BRIDGE-A-v1,edgeiq_graphql_december_2025_results_v1.csv|edgeiq_graphql_february_2026_results_v1.csv|edgeiq_graphql_january_2026_results_v1.csv|public/data/edgeiq_current_horse_identity_crosswalk_v1.csv|public/data/edgeiq_daily_official_results_fact_v1.csv|public/data/edgeiq_historical_results_warehouse_v2_graphql.csv
RA_HORSE_33751243500,RCOM_HORSE_5331950,RCOM_HORSE_5331950,GOOD LORDY ME,GOOD LORDY ME,GOODLORDYME,UNIQUE_EXACT_NAME_CONTINUITY,RESOLVED_UNIQUE_CONTINUITY,normalised_name|historical_horse_code|historical_row_count|trainer_continuity|chronology,candidate_count=1;historical_rows=16;first_date=2024-12-27;last_date=2026-01-26;trainer_match=NO,1,NO_CONFLICT,UNIQUE_EXACT_NORMALISED_NAME_WITH_NO_CONFLICTING_REPOSITORY_EVIDENCE_AND_PLAUSIBLE_CHRONOLOGY,EDGEIQ-RA-RCOM-BRIDGE-A-v1,edgeiq_graphql_december_2024_results_v1.csv|edgeiq_graphql_december_2025_results_v1.csv|edgeiq_graphql_february_2025_results_v1.csv|edgeiq_graphql_january_2025_WEEK3_results_v1.csv|edgeiq_graphql_january_2025_WEEK4_results_v1.csv|edgeiq_graphql_january_2026_results_v1.csv|edgeiq_graphql_november_2025_results_v1.csv|edgeiq_graphql_october_2025_results_v1.csv|edgeiq_graphql_september_2025_results_v1.csv|public/data/edgeiq_current_horse_identity_crosswalk_v1.csv|public/data/edgeiq_daily_official_results_fact_v1.csv|public/data/edgeiq_historical_results_warehouse_v2_graphql.csv
RA_HORSE_33832584000,RCOM_HORSE_5344800,RCOM_HORSE_5344800,HIRARKEE,HIRARKEE,HIRARKEE,UNIQUE_EXACT_NAME_CONTINUITY,RESOLVED_UNIQUE_CONTINUITY,normalised_name|historical_horse_code|historical_row_count|trainer_continuity|chronology,candidate_count=1;historical_rows=5;first_date=2025-11-02;last_date=2025-12-23;trainer_match=NO,1,NO_CONFLICT,UNIQUE_EXACT_NORMALISED_NAME_WITH_NO_CONFLICTING_REPOSITORY_EVIDENCE_AND_PLAUSIBLE_CHRONOLOGY,EDGEIQ-RA-RCOM-BRIDGE-A-v1,edgeiq_graphql_december_2025_results_v1.csv|edgeiq_graphql_november_2025_results_v1.csv|public/data/edgeiq_current_horse_identity_crosswalk_v1.csv|public/data/edgeiq_daily_official_results_fact_v1.csv|public/data/edgeiq_historical_results_warehouse_v2_graphql.csv
RA_HORSE_33875495070,RCOM_HORSE_5351579,RCOM_HORSE_5351579,TALKIN’ STERN,TALKIN' STERN,TALKINSTERN,UNIQUE_EXACT_NAME_CONTINUITY,RESOLVED_UNIQUE_CONTINUITY,normalised_name|historical_horse_code|historical_row_count|trainer_continuity|chronology,candidate_count=1;historical_rows=5;first_date=2025-09-02;last_date=2026-03-05;trainer_match=NO,1,NO_CONFLICT,UNIQUE_EXACT_NORMALISED_NAME_WITH_NO_CONFLICTING_REPOSITORY_EVIDENCE_AND_PLAUSIBLE_CHRONOLOGY,EDGEIQ-RA-RCOM-BRIDGE-A-v1,edgeiq_graphql_february_2026_results_v1.csv|edgeiq_graphql_january_2026_results_v1.csv|edgeiq_graphql_march_2026_results_v1.csv|edgeiq_graphql_september_2025_results_v1.csv|public/data/edgeiq_current_horse_identity_crosswalk_v1.csv|public/data/edgeiq_daily_official_results_fact_v1.csv|public/data/edgeiq_historical_results_warehouse_v2_graphql.csv
RA_HORSE_33930812940,,RA_HORSE_33930812940,AVENGERS,,AVENGERS,UNRESOLVED,NO_CANDIDATE,normalised_name|historical_horse_code|historical_row_count|trainer_continuity|chronology,repository_name_candidate_count=0,0,NO_CANDIDATE,NO_RCOM_CANDIDATE_FOUND_IN_REPOSITORY_WIDE_EVIDENCE_INDEX,EDGEIQ-RA-RCOM-BRIDGE-A-v1,public/data/edgeiq_current_horse_identity_crosswalk_v1.csv|public/data/edgeiq_daily_official_results_fact_v1.csv
RA_HORSE_33986396670,RCOM_HORSE_5369099,RCOM_HORSE_5369099,FIVE KNIGHTS,FIVE KNIGHTS,FIVEKNIGHTS,UNIQUE_EXACT_NAME_CONTINUITY,RESOLVED_UNIQUE_CONTINUITY,normalised_name|historical_horse_code|historical_row_count|trainer_continuity|chronology,candidate_count=1;historical_rows=4;first_date=2025-12-11;last_date=2026-05-05;trainer_match=NO,1,NO_CONFLICT,UNIQUE_EXACT_NORMALISED_NAME_WITH_NO_CONFLICTING_REPOSITORY_EVIDENCE_AND_PLAUSIBLE_CHRONOLOGY,EDGEIQ-RA-RCOM-BRIDGE-A-v1,edgeiq_graphql_april_2026_results_v1.csv|edgeiq_graphql_december_2025_results_v1.csv|edgeiq_graphql_march_2026_results_v1.csv|edgeiq_graphql_may_2026_results_v1.csv|public/data/edgeiq_current_horse_identity_crosswalk_v1.csv|public/data/edgeiq_daily_official_results_fact_v1.csv|public/data/edgeiq_historical_results_warehouse_v2_graphql.csv
RA_HORSE_34041822150,RCOM_HORSE_5377855,RCOM_HORSE_5377855,LUMINEER,LUMINEER,LUMINEER,STRONG_COMPOSITE_IDENTITY,RESOLVED_COMPOSITE,normalised_name|historical_horse_code|historical_row_count|trainer_continuity|chronology,candidate_count=1;historical_rows=1;first_date=2026-06-11;last_date=2026-06-11;trainer_match=YES,1,NO_CONFLICT,UNIQUE_RCOM_CANDIDATE_WITH_TRAINER_CONTINUITY_AND_PRE_RACE_CHRONOLOGY,EDGEIQ-RA-RCOM-BRIDGE-A-v1,edgeiq_graphql_june_2026_results_v1.csv|public/data/edgeiq_current_horse_identity_crosswalk_v1.csv|public/data/edgeiq_daily_official_results_fact_v1.csv|public/data/edgeiq_historical_results_warehouse_v2_graphql.csv
RA_HORSE_34019983650,,RA_HORSE_34019983650,STEPHANIE’S PRIDE,,STEPHANIESPRIDE,UNRESOLVED,NO_CANDIDATE,normalised_name|historical_horse_code|historical_row_count|trainer_continuity|chronology,repository_name_candidate_count=0,0,NO_CANDIDATE,NO_RCOM_CANDIDATE_FOUND_IN_REPOSITORY_WIDE_EVIDENCE_INDEX,EDGEIQ-RA-RCOM-BRIDGE-A-v1,public/data/edgeiq_current_horse_identity_crosswalk_v1.csv|public/data/edgeiq_daily_official_results_fact_v1.csv
RA_HORSE_33931540890,RCOM_HORSE_5360433,RCOM_HORSE_5360433,BRAZEN BOLD,BRAZEN BOLD,BRAZENBOLD,STRONG_COMPOSITE_IDENTITY,RESOLVED_COMPOSITE,normalised_name|historical_horse_code|historical_row_count|trainer_continuity|chronology,candidate_count=1;historical_rows=1;first_date=2026-06-11;last_date=2026-06-11;trainer_match=YES,1,NO_CONFLICT,UNIQUE_RCOM_CANDIDATE_WITH_TRAINER_CONTINUITY_AND_PRE_RACE_CHRONOLOGY,EDGEIQ-RA-RCOM-BRIDGE-A-v1,edgeiq_graphql_june_2026_results_v1.csv|public/data/edgeiq_current_horse_identity_crosswalk_v1.csv|public/data/edgeiq_daily_official_results_fact_v1.csv|public/data/edgeiq_historical_results_warehouse_v2_graphql.csv
RA_HORSE_34054013730,,RA_HORSE_34054013730,CHIGURH,,CHIGURH,UNRESOLVED,NO_CANDIDATE,normalised_name|historical_horse_code|historical_row_count|trainer_continuity|chronology,repository_name_candidate_count=0,0,NO_CANDIDATE,NO_RCOM_CANDIDATE_FOUND_IN_REPOSITORY_WIDE_EVIDENCE_INDEX,EDGEIQ-RA-RCOM-BRIDGE-A-v1,public/data/edgeiq_current_horse_identity_crosswalk_v1.csv|public/data/edgeiq_daily_official_results_fact_v1.csv
RA_HORSE_33947979900,,RA_HORSE_33947979900,LONG ISLAND OYSTER,,LONGISLANDOYSTER,UNRESOLVED,NO_CANDIDATE,normalised_name|historical_horse_code|historical_row_count|trainer_continuity|chronology,repository_name_candidate_count=0,0,NO_CANDIDATE,NO_RCOM_CANDIDATE_FOUND_IN_REPOSITORY_WIDE_EVIDENCE_INDEX,EDGEIQ-RA-RCOM-BRIDGE-A-v1,public/data/edgeiq_current_horse_identity_crosswalk_v1.csv|public/data/edgeiq_daily_official_results_fact_v1.csv
RA_HORSE_33948657210,,RA_HORSE_33948657210,ORGANISED CRIME,,ORGANISEDCRIME,UNRESOLVED,NO_CANDIDATE,normalised_name|historical_horse_code|historical_row_count|trainer_continuity|chronology,repository_name_candidate_count=0,0,NO_CANDIDATE,NO_RCOM_CANDIDATE_FOUND_IN_REPOSITORY_WIDE_EVIDENCE_INDEX,EDGEIQ-RA-RCOM-BRIDGE-A-v1,public/data/edgeiq_current_horse_identity_crosswalk_v1.csv|public/data/edgeiq_daily_official_results_fact_v1.csv
RA_HORSE_33984757200,,RA_HORSE_33984757200,ALL THAT AND MORE,,ALLTHATANDMORE,UNRESOLVED,NO_CANDIDATE,normalised_name|historical_horse_code|historical_row_count|trainer_continuity|chronology,repository_name_candidate_count=0,0,NO_CANDIDATE,NO_RCOM_CANDIDATE_FOUND_IN_REPOSITORY_WIDE_EVIDENCE_INDEX,EDGEIQ-RA-RCOM-BRIDGE-A-v1,public/data/edgeiq_current_horse_identity_crosswalk_v1.csv|public/data/edgeiq_daily_official_results_fact_v1.csv
RA_HORSE_34028820330,,RA_HORSE_34028820330,BLUE IVY,,BLUEIVY,UNRESOLVED,NO_CANDIDATE,normalised_name|historical_horse_code|historical_row_count|trainer_continuity|chronology,repository_name_candidate_count=0,0,NO_CANDIDATE,NO_RCOM_CANDIDATE_FOUND_IN_REPOSITORY_WIDE_EVIDENCE_INDEX,EDGEIQ-RA-RCOM-BRIDGE-A-v1,public/data/edgeiq_current_horse_identity_crosswalk_v1.csv|public/data/edgeiq_daily_official_results_fact_v1.csv
RA_HORSE_33883958280,,RA_HORSE_33883958280,BAROSSA BARON,,BAROSSABARON,UNRESOLVED,NO_CANDIDATE,normalised_name|historical_horse_code|historical_row_count|trainer_continuity|chronology,repository_name_candidate_count=0,0,NO_CANDIDATE,NO_RCOM_CANDIDATE_FOUND_IN_REPOSITORY_WIDE_EVIDENCE_INDEX,EDGEIQ-RA-RCOM-BRIDGE-A-v1,public/data/edgeiq_current_horse_identity_crosswalk_v1.csv|public/data/edgeiq_daily_official_results_fact_v1.csv
RA_HORSE_34080124980,,RA_HORSE_34080124980,HELLO KAYE,,HELLOKAYE,UNRESOLVED,NO_CANDIDATE,normalised_name|historical_horse_code|historical_row_count|trainer_continuity|chronology,repository_name_candidate_count=0,0,NO_CANDIDATE,NO_RCOM_CANDIDATE_FOUND_IN_REPOSITORY_WIDE_EVIDENCE_INDEX,EDGEIQ-RA-RCOM-BRIDGE-A-v1,public/data/edgeiq_current_horse_identity_crosswalk_v1.csv|public/data/edgeiq_daily_official_results_fact_v1.csv
RA_HORSE_33716112000,,RA_HORSE_33716112000,PICCINA,,PICCINA,UNRESOLVED,NO_CANDIDATE,normalised_name|historical_horse_code|historical_row_count|trainer_continuity|chronology,repository_name_candidate_count=0,0,NO_CANDIDATE,NO_RCOM_CANDIDATE_FOUND_IN_REPOSITORY_WIDE_EVIDENCE_INDEX,EDGEIQ-RA-RCOM-BRIDGE-A-v1,public/data/edgeiq_current_horse_identity_crosswalk_v1.csv|public/data/edgeiq_daily_official_results_fact_v1.csv
RA_HORSE_33816986880,RCOM_HORSE_5342336,RCOM_HORSE_5342336,ZOVOZO,ZOVOZO,ZOVOZO,STRONG_COMPOSITE_IDENTITY,RESOLVED_COMPOSITE,normalised_name|historical_horse_code|historical_row_count|trainer_continuity|chronology,candidate_count=1;historical_rows=3;first_date=2025-09-02;last_date=2026-03-03;trainer_match=YES,1,NO_CONFLICT,UNIQUE_RCOM_CANDIDATE_WITH_TRAINER_CONTINUITY_AND_PRE_RACE_CHRONOLOGY,EDGEIQ-RA-RCOM-BRIDGE-A-v1,edgeiq_graphql_february_2026_results_v1.csv|edgeiq_graphql_march_2026_results_v1.csv|edgeiq_graphql_september_2025_results_v1.csv|public/data/edgeiq_current_horse_identity_crosswalk_v1.csv|public/data/edgeiq_daily_official_results_fact_v1.csv|public/data/edgeiq_historical_results_warehouse_v2_graphql.csv
RA_HORSE_33701356770,RCOM_HORSE_5324069,RCOM_HORSE_5324069,SILVER MAID,SILVER MAID,SILVERMAID,UNIQUE_EXACT_NAME_CONTINUITY,RESOLVED_UNIQUE_CONTINUITY,normalised_name|historical_horse_code|historical_row_count|trainer_continuity|chronology,candidate_count=1;historical_rows=7;first_date=2024-10-09;last_date=2026-05-19;trainer_match=NO,1,NO_CONFLICT,UNIQUE_EXACT_NORMALISED_NAME_WITH_NO_CONFLICTING_REPOSITORY_EVIDENCE_AND_PLAUSIBLE_CHRONOLOGY,EDGEIQ-RA-RCOM-BRIDGE-A-v1,edgeiq_graphql_april_2026_results_v1.csv|edgeiq_graphql_august_2025_results_v1.csv|edgeiq_graphql_february_2026_results_v1.csv|edgeiq_graphql_march_2026_results_v1.csv|edgeiq_graphql_may_2026_results_v1.csv|edgeiq_graphql_october_2024_results_v1.csv|edgeiq_graphql_september_2025_results_v1.csv|public/data/edgeiq_current_horse_identity_crosswalk_v1.csv|public/data/edgeiq_daily_official_results_fact_v1.csv|public/data/edgeiq_historical_results_warehouse_v2_graphql.csv
RA_HORSE_33766701360,RCOM_HORSE_5334392,RCOM_HORSE_5334392,STELLAR JEWELS,STELLAR JEWELS,STELLARJEWELS,UNIQUE_EXACT_NAME_CONTINUITY,RESOLVED_UNIQUE_CONTINUITY,normalised_name|historical_horse_code|historical_row_count|trainer_continuity|chronology,candidate_count=1;historical_rows=1;first_date=2026-03-08;last_date=2026-03-08;trainer_match=NO,1,NO_CONFLICT,UNIQUE_EXACT_NORMALISED_NAME_WITH_NO_CONFLICTING_REPOSITORY_EVIDENCE_AND_PLAUSIBLE_CHRONOLOGY,EDGEIQ-RA-RCOM-BRIDGE-A-v1,edgeiq_graphql_march_2026_results_v1.csv|public/data/edgeiq_current_horse_identity_crosswalk_v1.csv|public/data/edgeiq_daily_official_results_fact_v1.csv|public/data/edgeiq_historical_results_warehouse_v2_graphql.csv
RA_HORSE_33825785580,,RA_HORSE_33825785580,BEMM RIVER,,BEMMRIVER,UNRESOLVED,NO_CANDIDATE,normalised_name|historical_horse_code|historical_row_count|trainer_continuity|chronology,repository_name_candidate_count=0,0,NO_CANDIDATE,NO_RCOM_CANDIDATE_FOUND_IN_REPOSITORY_WIDE_EVIDENCE_INDEX,EDGEIQ-RA-RCOM-BRIDGE-A-v1,public/data/edgeiq_current_horse_identity_crosswalk_v1.csv|public/data/edgeiq_daily_official_results_fact_v1.csv
RA_HORSE_33779044860,,RA_HORSE_33779044860,BLAZING INTENT,,BLAZINGINTENT,UNRESOLVED,NO_CANDIDATE,normalised_name|historical_horse_code|historical_row_count|trainer_continuity|chronology,repository_name_candidate_count=0,0,NO_CANDIDATE,NO_RCOM_CANDIDATE_FOUND_IN_REPOSITORY_WIDE_EVIDENCE_INDEX,EDGEIQ-RA-RCOM-BRIDGE-A-v1,public/data/edgeiq_current_horse_identity_crosswalk_v1.csv|public/data/edgeiq_daily_official_results_fact_v1.csv
RA_HORSE_33779082840,,RA_HORSE_33779082840,DESERT GUARD,,DESERTGUARD,UNRESOLVED,NO_CANDIDATE,normalised_name|historical_horse_code|historical_row_count|trainer_continuity|chronology,repository_name_candidate_count=0,0,NO_CANDIDATE,NO_RCOM_CANDIDATE_FOUND_IN_REPOSITORY_WIDE_EVIDENCE_INDEX,EDGEIQ-RA-RCOM-BRIDGE-A-v1,public/data/edgeiq_current_horse_identity_crosswalk_v1.csv|public/data/edgeiq_daily_official_results_fact_v1.csv
RA_HORSE_33837477090,,RA_HORSE_33837477090,PRESTIGE STAR,,PRESTIGESTAR,UNRESOLVED,NO_CANDIDATE,normalised_name|historical_horse_code|historical_row_count|trainer_continuity|chronology,repository_name_candidate_count=0,0,NO_CANDIDATE,NO_RCOM_CANDIDATE_FOUND_IN_REPOSITORY_WIDE_EVIDENCE_INDEX,EDGEIQ-RA-RCOM-BRIDGE-A-v1,public/data/edgeiq_current_horse_identity_crosswalk_v1.csv|public/data/edgeiq_daily_official_results_fact_v1.csv
RA_HORSE_33882458070,RCOM_HORSE_872362,RCOM_HORSE_872362,THE COMEDIAN,THE COMEDIAN,THECOMEDIAN,UNIQUE_EXACT_NAME_CONTINUITY,RESOLVED_UNIQUE_CONTINUITY,normalised_name|historical_horse_code|historical_row_count|trainer_continuity|chronology,candidate_count=1;historical_rows=6;first_date=2009-02-08;last_date=2010-05-08;trainer_match=NO,1,NO_CONFLICT,UNIQUE_EXACT_NORMALISED_NAME_WITH_NO_CONFLICTING_REPOSITORY_EVIDENCE_AND_PLAUSIBLE_CHRONOLOGY,EDGEIQ-RA-RCOM-BRIDGE-A-v1,edgeiq_graphql_april_2010_results_v1.csv|edgeiq_graphql_february_2009_results_v1.csv|edgeiq_graphql_february_2010_results_v1.csv|edgeiq_graphql_may_2010_results_v1.csv|edgeiq_graphql_october_2009_results_v1.csv|public/data/edgeiq_current_horse_identity_crosswalk_v1.csv|public/data/edgeiq_daily_official_results_fact_v1.csv|public/data/edgeiq_historical_results_warehouse_v2_graphql.csv
RA_HORSE_33803674890,RCOM_HORSE_5340233,RCOM_HORSE_5340233,WATTEN ASSETT,WATTEN ASSETT,WATTENASSETT,UNIQUE_EXACT_NAME_CONTINUITY,RESOLVED_UNIQUE_CONTINUITY,normalised_name|historical_horse_code|historical_row_count|trainer_continuity|chronology,candidate_count=1;historical_rows=7;first_date=2025-06-25;last_date=2026-02-17;trainer_match=NO,1,NO_CONFLICT,UNIQUE_EXACT_NORMALISED_NAME_WITH_NO_CONFLICTING_REPOSITORY_EVIDENCE_AND_PLAUSIBLE_CHRONOLOGY,EDGEIQ-RA-RCOM-BRIDGE-A-v1,edgeiq_graphql_december_2025_results_v1.csv|edgeiq_graphql_february_2026_results_v1.csv|edgeiq_graphql_january_2026_results_v1.csv|edgeiq_graphql_june_2025_results_v1.csv|edgeiq_graphql_november_2025_results_v1.csv|public/data/edgeiq_current_horse_identity_crosswalk_v1.csv|public/data/edgeiq_daily_official_results_fact_v1.csv|public/data/edgeiq_historical_results_warehouse_v2_graphql.csv
RA_HORSE_33913994130,RCOM_HORSE_5357661,RCOM_HORSE_5357661,WINSILENCE (NZ),WINSILENCE,WINSILENCE,UNIQUE_EXACT_NAME_CONTINUITY,RESOLVED_UNIQUE_CONTINUITY,normalised_name|historical_horse_code|historical_row_count|trainer_continuity|chronology,candidate_count=1;historical_rows=5;first_date=2025-05-15;last_date=2025-11-07;trainer_match=NO,1,NO_CONFLICT,UNIQUE_EXACT_NORMALISED_NAME_WITH_NO_CONFLICTING_REPOSITORY_EVIDENCE_AND_PLAUSIBLE_CHRONOLOGY,EDGEIQ-RA-RCOM-BRIDGE-A-v1,edgeiq_graphql_may_2025_results_v1.csv|edgeiq_graphql_november_2025_results_v1.csv|edgeiq_graphql_october_2025_results_v1.csv|public/data/edgeiq_current_horse_identity_crosswalk_v1.csv|public/data/edgeiq_daily_official_results_fact_v1.csv|public/data/edgeiq_historical_results_warehouse_v2_graphql.csv
RA_HORSE_33625137240,RCOM_HORSE_5312028,RCOM_HORSE_5312028,BANNED WITNESS,BANNED WITNESS,BANNEDWITNESS,UNIQUE_EXACT_NAME_CONTINUITY,RESOLVED_UNIQUE_CONTINUITY,normalised_name|historical_horse_code|historical_row_count|trainer_continuity|chronology,candidate_count=1;historical_rows=3;first_date=2025-09-07;last_date=2025-09-23;trainer_match=NO,1,NO_CONFLICT,UNIQUE_EXACT_NORMALISED_NAME_WITH_NO_CONFLICTING_REPOSITORY_EVIDENCE_AND_PLAUSIBLE_CHRONOLOGY,EDGEIQ-RA-RCOM-BRIDGE-A-v1,edgeiq_graphql_september_2025_results_v1.csv|public/data/edgeiq_current_horse_identity_crosswalk_v1.csv|public/data/edgeiq_daily_official_results_fact_v1.csv|public/data/edgeiq_historical_results_warehouse_v2_graphql.csv
RA_HORSE_33210572880,RCOM_HORSE_5246536,RCOM_HORSE_5246536,COME ALONG JEFFREY,COME ALONG JEFFREY,COMEALONGJEFFREY,UNIQUE_EXACT_NAME_CONTINUITY,RESOLVED_UNIQUE_CONTINUITY,normalised_name|historical_horse_code|historical_row_count|trainer_continuity|chronology,candidate_count=1;historical_rows=43;first_date=2020-12-02;last_date=2026-06-04;trainer_match=NO,1,NO_CONFLICT,UNIQUE_EXACT_NORMALISED_NAME_WITH_NO_CONFLICTING_REPOSITORY_EVIDENCE_AND_PLAUSIBLE_CHRONOLOGY,EDGEIQ-RA-RCOM-BRIDGE-A-v1,edgeiq_graphql_april_2026_results_v1.csv|edgeiq_graphql_august_2021_results_v1.csv|edgeiq_graphql_august_2023_results_v1.csv|edgeiq_graphql_august_2024_results_v1.csv|edgeiq_graphql_december_2020_results_v1.csv|edgeiq_graphql_december_2023_results_v1.csv|edgeiq_graphql_december_2024_results_v1.csv|edgeiq_graphql_february_2023_results_v1.csv|edgeiq_graphql_january_2023_results_v1.csv|edgeiq_graphql_january_2025_results_v1.csv|edgeiq_graphql_july_2023_results_v1.csv|edgeiq_graphql_july_2024_results_v1.csv|edgeiq_graphql_july_2025_results_v1.csv|edgeiq_graphql_june_2023_results_v1.csv|edgeiq_graphql_june_2024_results_v1.csv|edgeiq_graphql_june_2026_results_v1.csv|edgeiq_graphql_march_2026_results_v1.csv|edgeiq_graphql_may_2026_results_v1.csv|edgeiq_graphql_november_2021_results_v1.csv|edgeiq_graphql_november_2023_results_v1.csv|edgeiq_graphql_november_2024_results_v1.csv|edgeiq_graphql_october_2021_results_v1.csv|edgeiq_graphql_october_2023_results_v1.csv|edgeiq_graphql_october_2024_results_v1.csv|edgeiq_graphql_september_2021_results_v1.csv|edgeiq_graphql_september_2023_results_v1.csv|edgeiq_graphql_september_2024_results_v1.csv|public/data/edgeiq_current_horse_identity_crosswalk_v1.csv|public/data/edgeiq_daily_official_results_fact_v1.csv|public/data/edgeiq_historical_results_warehouse_v2_graphql.csv
RA_HORSE_33888572850,RCOM_HORSE_5353645,RCOM_HORSE_5353645,HUMZA BEY (NZ),HUMZA BEY,HUMZABEY,STRONG_COMPOSITE_IDENTITY,RESOLVED_COMPOSITE,normalised_name|historical_horse_code|historical_row_count|trainer_continuity|chronology,candidate_count=1;historical_rows=4;first_date=2026-01-15;last_date=2026-02-27;trainer_match=YES,1,NO_CONFLICT,UNIQUE_RCOM_CANDIDATE_WITH_TRAINER_CONTINUITY_AND_PRE_RACE_CHRONOLOGY,EDGEIQ-RA-RCOM-BRIDGE-A-v1,edgeiq_graphql_february_2026_results_v1.csv|edgeiq_graphql_january_2026_results_v1.csv|public/data/edgeiq_current_horse_identity_crosswalk_v1.csv|public/data/edgeiq_daily_official_results_fact_v1.csv|public/data/edgeiq_historical_results_warehouse_v2_graphql.csv
RA_HORSE_33718302180,RCOM_HORSE_5326746,RCOM_HORSE_5326746,THINXZO,THINXZO,THINXZO,UNIQUE_EXACT_NAME_CONTINUITY,RESOLVED_UNIQUE_CONTINUITY,normalised_name|historical_horse_code|historical_row_count|trainer_continuity|chronology,candidate_count=1;historical_rows=26;first_date=2025-01-16;last_date=2026-06-10;trainer_match=NO,1,NO_CONFLICT,UNIQUE_EXACT_NORMALISED_NAME_WITH_NO_CONFLICTING_REPOSITORY_EVIDENCE_AND_PLAUSIBLE_CHRONOLOGY,EDGEIQ-RA-RCOM-BRIDGE-A-v1,edgeiq_graphql_april_2025_results_v1.csv|edgeiq_graphql_april_2026_results_v1.csv|edgeiq_graphql_august_2025_results_v1.csv|edgeiq_graphql_december_2025_results_v1.csv|edgeiq_graphql_february_2025_results_v1.csv|edgeiq_graphql_january_2025_WEEK3_results_v1.csv|edgeiq_graphql_june_2026_results_v1.csv|edgeiq_graphql_march_2025_results_v1.csv|edgeiq_graphql_may_2026_results_v1.csv|edgeiq_graphql_november_2025_results_v1.csv|edgeiq_graphql_october_2025_results_v1.csv|edgeiq_graphql_september_2025_results_v1.csv|public/data/edgeiq_current_horse_identity_crosswalk_v1.csv|public/data/edgeiq_daily_official_results_fact_v1.csv|public/data/edgeiq_historical_results_warehouse_v2_graphql.csv
RA_HORSE_33745622460,RCOM_HORSE_5331062,RCOM_HORSE_5331062,DOLLAR SHOT,DOLLAR SHOT,DOLLARSHOT,UNIQUE_EXACT_NAME_CONTINUITY,RESOLVED_UNIQUE_CONTINUITY,normalised_name|historical_horse_code|historical_row_count|trainer_continuity|chronology,candidate_count=1;historical_rows=25;first_date=2024-05-23;last_date=2026-06-08;trainer_match=NO,1,NO_CONFLICT,UNIQUE_EXACT_NORMALISED_NAME_WITH_NO_CONFLICTING_REPOSITORY_EVIDENCE_AND_PLAUSIBLE_CHRONOLOGY,EDGEIQ-RA-RCOM-BRIDGE-A-v1,edgeiq_graphql_april_2025_results_v1.csv|edgeiq_graphql_august_2025_results_v1.csv|edgeiq_graphql_december_2025_results_v1.csv|edgeiq_graphql_february_2025_results_v1.csv|edgeiq_graphql_january_2025_WEEK4_results_v1.csv|edgeiq_graphql_july_2025_results_v1.csv|edgeiq_graphql_june_2024_results_v1.csv|edgeiq_graphql_june_2026_results_v1.csv|edgeiq_graphql_march_2025_results_v1.csv|edgeiq_graphql_may_2024_results_v1.csv|edgeiq_graphql_may_2026_results_v1.csv|edgeiq_graphql_november_2025_results_v1.csv|edgeiq_graphql_october_2024_results_v1.csv|edgeiq_graphql_october_2025_results_v1.csv|edgeiq_graphql_september_2024_results_v1.csv|edgeiq_graphql_september_2025_results_v1.csv|public/data/edgeiq_current_horse_identity_crosswalk_v1.csv|public/data/edgeiq_daily_official_results_fact_v1.csv|public/data/edgeiq_historical_results_warehouse_v2_graphql.csv
RA_HORSE_33699147600,RCOM_HORSE_5323720,RCOM_HORSE_5323720,UNTAPPED,UNTAPPED,UNTAPPED,UNIQUE_EXACT_NAME_CONTINUITY,RESOLVED_UNIQUE_CONTINUITY,normalised_name|historical_horse_code|historical_row_count|trainer_continuity|chronology,candidate_count=1;historical_rows=17;first_date=2024-02-10;last_date=2026-02-12;trainer_match=NO,1,NO_CONFLICT,UNIQUE_EXACT_NORMALISED_NAME_WITH_NO_CONFLICTING_REPOSITORY_EVIDENCE_AND_PLAUSIBLE_CHRONOLOGY,EDGEIQ-RA-RCOM-BRIDGE-A-v1,edgeiq_graphql_april_2025_results_v1.csv|edgeiq_graphql_december_2025_results_v1.csv|edgeiq_graphql_february_2024_results_v1.csv|edgeiq_graphql_february_2025_results_v1.csv|edgeiq_graphql_february_2026_results_v1.csv|edgeiq_graphql_january_2025_WEEK2_results_v1.csv|edgeiq_graphql_january_2025_WEEK4_results_v1.csv|edgeiq_graphql_january_2026_results_v1.csv|edgeiq_graphql_march_2024_results_v1.csv|edgeiq_graphql_march_2025_results_v1.csv|edgeiq_graphql_may_2025_results_v1.csv|edgeiq_graphql_november_2025_results_v1.csv|public/data/edgeiq_current_horse_identity_crosswalk_v1.csv|public/data/edgeiq_daily_official_results_fact_v1.csv|public/data/edgeiq_historical_results_warehouse_v2_graphql.csv
RA_HORSE_31850116620,RCOM_HORSE_5031614,RCOM_HORSE_5031614,MR EXCLUSIVE,MR EXCLUSIVE,MREXCLUSIVE,UNIQUE_EXACT_NAME_CONTINUITY,RESOLVED_UNIQUE_CONTINUITY,normalised_name|historical_horse_code|historical_row_count|trainer_continuity|chronology,candidate_count=1;historical_rows=57;first_date=2018-04-21;last_date=2026-06-17;trainer_match=NO,1,NO_CONFLICT,UNIQUE_EXACT_NORMALISED_NAME_WITH_NO_CONFLICTING_REPOSITORY_EVIDENCE_AND_PLAUSIBLE_CHRONOLOGY,EDGEIQ-RA-RCOM-BRIDGE-A-v1,edgeiq_graphql_april_2018_results_v1.csv|edgeiq_graphql_april_2019_results_v1.csv|edgeiq_graphql_april_2020_results_v1.csv|edgeiq_graphql_april_2021_results_v1.csv|edgeiq_graphql_april_2022_results_v1.csv|edgeiq_graphql_april_2026_results_v1.csv|edgeiq_graphql_august_2023_results_v1.csv|edgeiq_graphql_august_2024_results_v1.csv|edgeiq_graphql_august_2025_results_v1.csv|edgeiq_graphql_december_2023_results_v1.csv|edgeiq_graphql_december_2024_results_v1.csv|edgeiq_graphql_december_2025_results_v1.csv|edgeiq_graphql_january_2024_results_v1.csv|edgeiq_graphql_july_2019_results_v1.csv|edgeiq_graphql_july_2021_results_v1.csv|edgeiq_graphql_july_2023_results_v1.csv|edgeiq_graphql_july_2024_results_v1.csv|edgeiq_graphql_july_2025_results_v1.csv|edgeiq_graphql_june_2019_results_v1.csv|edgeiq_graphql_june_2021_results_v1.csv|edgeiq_graphql_june_2024_results_v1.csv|edgeiq_graphql_june_2026_results_v1.csv|edgeiq_graphql_may_2019_results_v1.csv|edgeiq_graphql_may_2021_results_v1.csv|edgeiq_graphql_may_2022_results_v1.csv|edgeiq_graphql_may_2023_results_v1.csv|edgeiq_graphql_may_2026_results_v1.csv|edgeiq_graphql_november_2018_results_v1.csv|edgeiq_graphql_november_2019_results_v1.csv|edgeiq_graphql_november_2020_results_v1.csv|edgeiq_graphql_november_2024_results_v1.csv|edgeiq_graphql_november_2025_results_v1.csv|edgeiq_graphql_october_2018_results_v1.csv|edgeiq_graphql_october_2019_results_v1.csv|edgeiq_graphql_october_2021_results_v1.csv|edgeiq_graphql_october_2023_results_v1.csv|edgeiq_graphql_october_2024_results_v1.csv|edgeiq_graphql_october_2025_results_v1.csv|edgeiq_graphql_september_2018_results_v1.csv|edgeiq_graphql_september_2019_results_v1.csv|edgeiq_graphql_september_2024_results_v1.csv|edgeiq_graphql_september_2025_results_v1.csv|public/data/edgeiq_current_horse_identity_crosswalk_v1.csv|public/data/edgeiq_daily_official_results_fact_v1.csv|public/data/edgeiq_historical_results_warehouse_v2_graphql.csv
RA_HORSE_34013697960,RCOM_HORSE_5373412,RCOM_HORSE_5373412,MAINMANKASH,MAINMANKASH,MAINMANKASH,UNIQUE_EXACT_NAME_CONTINUITY,RESOLVED_UNIQUE_CONTINUITY,normalised_name|historical_horse_code|historical_row_count|trainer_continuity|chronology,candidate_count=1;historical_rows=5;first_date=2025-07-06;last_date=2026-04-29;trainer_match=NO,1,NO_CONFLICT,UNIQUE_EXACT_NORMALISED_NAME_WITH_NO_CONFLICTING_REPOSITORY_EVIDENCE_AND_PLAUSIBLE_CHRONOLOGY,EDGEIQ-RA-RCOM-BRIDGE-A-v1,edgeiq_graphql_april_2026_results_v1.csv|edgeiq_graphql_july_2025_results_v1.csv|edgeiq_graphql_march_2026_results_v1.csv|public/data/edgeiq_current_horse_identity_crosswalk_v1.csv|public/data/edgeiq_daily_official_results_fact_v1.csv|public/data/edgeiq_historical_results_warehouse_v2_graphql.csv
RA_HORSE_33738393600,RCOM_HORSE_5329920,RCOM_HORSE_5329920,MISLIGHT,MISLIGHT,MISLIGHT,UNIQUE_EXACT_NAME_CONTINUITY,RESOLVED_UNIQUE_CONTINUITY,normalised_name|historical_horse_code|historical_row_count|trainer_continuity|chronology,candidate_count=1;historical_rows=16;first_date=2025-02-10;last_date=2026-01-30;trainer_match=NO,1,NO_CONFLICT,UNIQUE_EXACT_NORMALISED_NAME_WITH_NO_CONFLICTING_REPOSITORY_EVIDENCE_AND_PLAUSIBLE_CHRONOLOGY,EDGEIQ-RA-RCOM-BRIDGE-A-v1,edgeiq_graphql_august_2025_results_v1.csv|edgeiq_graphql_december_2025_results_v1.csv|edgeiq_graphql_february_2025_results_v1.csv|edgeiq_graphql_january_2026_results_v1.csv|edgeiq_graphql_july_2025_results_v1.csv|edgeiq_graphql_june_2025_results_v1.csv|edgeiq_graphql_may_2025_results_v1.csv|edgeiq_graphql_november_2025_results_v1.csv|edgeiq_graphql_october_2025_results_v1.csv|public/data/edgeiq_current_horse_identity_crosswalk_v1.csv|public/data/edgeiq_daily_official_results_fact_v1.csv|public/data/edgeiq_historical_results_warehouse_v2_graphql.csv
RA_HORSE_33886927050,RCOM_HORSE_5353385,RCOM_HORSE_5353385,INVINCIBLE AMOUR,INVINCIBLE AMOUR,INVINCIBLEAMOUR,UNIQUE_EXACT_NAME_CONTINUITY,RESOLVED_UNIQUE_CONTINUITY,normalised_name|historical_horse_code|historical_row_count|trainer_continuity|chronology,candidate_count=1;historical_rows=5;first_date=2025-10-25;last_date=2026-06-11;trainer_match=NO,1,NO_CONFLICT,UNIQUE_EXACT_NORMALISED_NAME_WITH_NO_CONFLICTING_REPOSITORY_EVIDENCE_AND_PLAUSIBLE_CHRONOLOGY,EDGEIQ-RA-RCOM-BRIDGE-A-v1,edgeiq_graphql_april_2026_results_v1.csv|edgeiq_graphql_june_2026_results_v1.csv|edgeiq_graphql_november_2025_results_v1.csv|edgeiq_graphql_october_2025_results_v1.csv|public/data/edgeiq_current_horse_identity_crosswalk_v1.csv|public/data/edgeiq_daily_official_results_fact_v1.csv|public/data/edgeiq_historical_results_warehouse_v2_graphql.csv
RA_HORSE_33523198920,RCOM_HORSE_5295924,RCOM_HORSE_5295924,MIDNIGHT DEVIL,MIDNIGHT DEVIL,MIDNIGHTDEVIL,UNIQUE_EXACT_NAME_CONTINUITY,RESOLVED_UNIQUE_CONTINUITY,normalised_name|historical_horse_code|historical_row_count|trainer_continuity|chronology,candidate_count=1;historical_rows=32;first_date=2023-01-21;last_date=2025-12-18;trainer_match=NO,1,NO_CONFLICT,UNIQUE_EXACT_NORMALISED_NAME_WITH_NO_CONFLICTING_REPOSITORY_EVIDENCE_AND_PLAUSIBLE_CHRONOLOGY,EDGEIQ-RA-RCOM-BRIDGE-A-v1,edgeiq_graphql_december_2023_results_v1.csv|edgeiq_graphql_december_2024_results_v1.csv|edgeiq_graphql_december_2025_results_v1.csv|edgeiq_graphql_february_2023_results_v1.csv|edgeiq_graphql_february_2024_results_v1.csv|edgeiq_graphql_january_2023_results_v1.csv|edgeiq_graphql_january_2024_results_v1.csv|edgeiq_graphql_march_2023_results_v1.csv|edgeiq_graphql_march_2024_results_v1.csv|edgeiq_graphql_november_2023_results_v1.csv|edgeiq_graphql_november_2024_results_v1.csv|edgeiq_graphql_november_2025_results_v1.csv|edgeiq_graphql_october_2023_results_v1.csv|edgeiq_graphql_october_2024_results_v1.csv|edgeiq_graphql_october_2025_results_v1.csv|edgeiq_graphql_september_2024_results_v1.csv|edgeiq_graphql_september_2025_results_v1.csv|public/data/edgeiq_current_horse_identity_crosswalk_v1.csv|public/data/edgeiq_daily_official_results_fact_v1.csv|public/data/edgeiq_historical_results_warehouse_v2_graphql.csv
RA_HORSE_33244330770,RCOM_HORSE_5251869,RCOM_HORSE_5251869,MAGIC DRUM,MAGIC DRUM,MAGICDRUM,UNIQUE_EXACT_NAME_CONTINUITY,RESOLVED_UNIQUE_CONTINUITY,normalised_name|historical_horse_code|historical_row_count|trainer_continuity|chronology,candidate_count=1;historical_rows=46;first_date=2021-05-12;last_date=2026-06-15;trainer_match=NO,1,NO_CONFLICT,UNIQUE_EXACT_NORMALISED_NAME_WITH_NO_CONFLICTING_REPOSITORY_EVIDENCE_AND_PLAUSIBLE_CHRONOLOGY,EDGEIQ-RA-RCOM-BRIDGE-A-v1,edgeiq_graphql_april_2025_results_v1.csv|edgeiq_graphql_august_2023_results_v1.csv|edgeiq_graphql_august_2024_results_v1.csv|edgeiq_graphql_december_2021_results_v1.csv|edgeiq_graphql_december_2025_results_v1.csv|edgeiq_graphql_february_2024_results_v1.csv|edgeiq_graphql_february_2025_results_v1.csv|edgeiq_graphql_february_2026_results_v1.csv|edgeiq_graphql_january_2022_results_v1.csv|edgeiq_graphql_january_2023_results_v1.csv|edgeiq_graphql_january_2024_results_v1.csv|edgeiq_graphql_january_2025_WEEK2_results_v1.csv|edgeiq_graphql_january_2025_WEEK4_results_v1.csv|edgeiq_graphql_january_2026_results_v1.csv|edgeiq_graphql_july_2023_results_v1.csv|edgeiq_graphql_july_2024_results_v1.csv|edgeiq_graphql_june_2024_results_v1.csv|edgeiq_graphql_june_2025_results_v1.csv|edgeiq_graphql_june_2026_results_v1.csv|edgeiq_graphql_march_2022_results_v1.csv|edgeiq_graphql_march_2025_results_v1.csv|edgeiq_graphql_may_2021_results_v1.csv|edgeiq_graphql_may_2025_results_v1.csv|edgeiq_graphql_november_2021_results_v1.csv|edgeiq_graphql_november_2023_results_v1.csv|edgeiq_graphql_november_2025_results_v1.csv|edgeiq_graphql_october_2025_results_v1.csv|edgeiq_graphql_september_2024_results_v1.csv|public/data/edgeiq_current_horse_identity_crosswalk_v1.csv|public/data/edgeiq_daily_official_results_fact_v1.csv|public/data/edgeiq_historical_results_warehouse_v2_graphql.csv
RA_HORSE_33681904680,RCOM_HORSE_5320996,RCOM_HORSE_5320996,RUBY AVENUE,RUBY AVENUE,RUBYAVENUE,UNIQUE_EXACT_NAME_CONTINUITY,RESOLVED_UNIQUE_CONTINUITY,normalised_name|historical_horse_code|historical_row_count|trainer_continuity|chronology,candidate_count=1;historical_rows=18;first_date=2024-12-08;last_date=2026-06-22;trainer_match=NO,1,NO_CONFLICT,UNIQUE_EXACT_NORMALISED_NAME_WITH_NO_CONFLICTING_REPOSITORY_EVIDENCE_AND_PLAUSIBLE_CHRONOLOGY,EDGEIQ-RA-RCOM-BRIDGE-A-v1,edgeiq_graphql_december_2024_results_v1.csv|edgeiq_graphql_december_2025_results_v1.csv|edgeiq_graphql_february_2026_results_v1.csv|edgeiq_graphql_january_2026_results_v1.csv|edgeiq_graphql_june_2025_results_v1.csv|edgeiq_graphql_june_2026_results_v1.csv|edgeiq_graphql_may_2025_results_v1.csv|edgeiq_graphql_november_2025_results_v1.csv|public/data/edgeiq_current_horse_identity_crosswalk_v1.csv|public/data/edgeiq_daily_official_results_fact_v1.csv|public/data/edgeiq_historical_results_warehouse_v2_graphql.csv
RA_HORSE_33595215330,RCOM_HORSE_5307301,RCOM_HORSE_5307301,FLYING MEAN,FLYING MEAN,FLYINGMEAN,UNIQUE_EXACT_NAME_CONTINUITY,RESOLVED_UNIQUE_CONTINUITY,normalised_name|historical_horse_code|historical_row_count|trainer_continuity|chronology,candidate_count=1;historical_rows=17;first_date=2023-11-05;last_date=2026-06-22;trainer_match=NO,1,NO_CONFLICT,UNIQUE_EXACT_NORMALISED_NAME_WITH_NO_CONFLICTING_REPOSITORY_EVIDENCE_AND_PLAUSIBLE_CHRONOLOGY,EDGEIQ-RA-RCOM-BRIDGE-A-v1,edgeiq_graphql_april_2025_results_v1.csv|edgeiq_graphql_december_2023_results_v1.csv|edgeiq_graphql_february_2025_results_v1.csv|edgeiq_graphql_july_2024_results_v1.csv|edgeiq_graphql_june_2024_results_v1.csv|edgeiq_graphql_june_2026_results_v1.csv|edgeiq_graphql_march_2025_results_v1.csv|edgeiq_graphql_may_2024_results_v1.csv|edgeiq_graphql_may_2026_results_v1.csv|edgeiq_graphql_november_2023_results_v1.csv|public/data/edgeiq_current_horse_identity_crosswalk_v1.csv|public/data/edgeiq_daily_official_results_fact_v1.csv|public/data/edgeiq_historical_results_warehouse_v2_graphql.csv
RA_HORSE_33517881720,RCOM_HORSE_5295084,RCOM_HORSE_5295084,IRRESISTIBLE SIR,IRRESISTIBLE SIR,IRRESISTIBLESIR,UNIQUE_EXACT_NAME_CONTINUITY,RESOLVED_UNIQUE_CONTINUITY,normalised_name|historical_horse_code|historical_row_count|trainer_continuity|chronology,candidate_count=1;historical_rows=47;first_date=2023-05-23;last_date=2026-06-12;trainer_match=NO,1,NO_CONFLICT,UNIQUE_EXACT_NORMALISED_NAME_WITH_NO_CONFLICTING_REPOSITORY_EVIDENCE_AND_PLAUSIBLE_CHRONOLOGY,EDGEIQ-RA-RCOM-BRIDGE-A-v1,edgeiq_graphql_april_2026_results_v1.csv|edgeiq_graphql_august_2024_results_v1.csv|edgeiq_graphql_august_2025_results_v1.csv|edgeiq_graphql_december_2023_results_v1.csv|edgeiq_graphql_december_2024_results_v1.csv|edgeiq_graphql_february_2024_results_v1.csv|edgeiq_graphql_february_2025_results_v1.csv|edgeiq_graphql_february_2026_results_v1.csv|edgeiq_graphql_january_2024_results_v1.csv|edgeiq_graphql_january_2026_results_v1.csv|edgeiq_graphql_july_2023_results_v1.csv|edgeiq_graphql_july_2025_results_v1.csv|edgeiq_graphql_june_2023_results_v1.csv|edgeiq_graphql_june_2025_results_v1.csv|edgeiq_graphql_june_2026_results_v1.csv|edgeiq_graphql_march_2025_results_v1.csv|edgeiq_graphql_march_2026_results_v1.csv|edgeiq_graphql_may_2023_results_v1.csv|edgeiq_graphql_may_2026_results_v1.csv|edgeiq_graphql_november_2024_results_v1.csv|edgeiq_graphql_october_2024_results_v1.csv|edgeiq_graphql_september_2024_results_v1.csv|edgeiq_graphql_september_2025_results_v1.csv|public/data/edgeiq_current_horse_identity_crosswalk_v1.csv|public/data/edgeiq_daily_official_results_fact_v1.csv|public/data/edgeiq_historical_results_warehouse_v2_graphql.csv
RA_HORSE_33701154210,RCOM_HORSE_5324037,RCOM_HORSE_5324037,RASP,RASP,RASP,UNIQUE_EXACT_NAME_CONTINUITY,RESOLVED_UNIQUE_CONTINUITY,normalised_name|historical_horse_code|historical_row_count|trainer_continuity|chronology,candidate_count=1;historical_rows=15;first_date=2024-02-01;last_date=2026-06-17;trainer_match=NO,1,NO_CONFLICT,UNIQUE_EXACT_NORMALISED_NAME_WITH_NO_CONFLICTING_REPOSITORY_EVIDENCE_AND_PLAUSIBLE_CHRONOLOGY,EDGEIQ-RA-RCOM-BRIDGE-A-v1,edgeiq_graphql_april_2026_results_v1.csv|edgeiq_graphql_august_2025_results_v1.csv|edgeiq_graphql_february_2024_results_v1.csv|edgeiq_graphql_july_2025_results_v1.csv|edgeiq_graphql_june_2025_results_v1.csv|edgeiq_graphql_june_2026_results_v1.csv|edgeiq_graphql_march_2026_results_v1.csv|edgeiq_graphql_may_2026_results_v1.csv|edgeiq_graphql_october_2025_results_v1.csv|edgeiq_graphql_september_2025_results_v1.csv|public/data/edgeiq_current_horse_identity_crosswalk_v1.csv|public/data/edgeiq_daily_official_results_fact_v1.csv|public/data/edgeiq_historical_results_warehouse_v2_graphql.csv
RA_HORSE_33592841580,RCOM_HORSE_5306926,RCOM_HORSE_5306926,SHUBAEL,SHUBAEL,SHUBAEL,UNIQUE_EXACT_NAME_CONTINUITY,RESOLVED_UNIQUE_CONTINUITY,normalised_name|historical_horse_code|historical_row_count|trainer_continuity|chronology,candidate_count=1;historical_rows=16;first_date=2024-07-25;last_date=2025-07-13;trainer_match=NO,1,NO_CONFLICT,UNIQUE_EXACT_NORMALISED_NAME_WITH_NO_CONFLICTING_REPOSITORY_EVIDENCE_AND_PLAUSIBLE_CHRONOLOGY,EDGEIQ-RA-RCOM-BRIDGE-A-v1,edgeiq_graphql_april_2025_results_v1.csv|edgeiq_graphql_july_2024_results_v1.csv|edgeiq_graphql_july_2025_results_v1.csv|edgeiq_graphql_june_2025_results_v1.csv|edgeiq_graphql_may_2025_results_v1.csv|edgeiq_graphql_october_2024_results_v1.csv|edgeiq_graphql_september_2024_results_v1.csv|public/data/edgeiq_current_horse_identity_crosswalk_v1.csv|public/data/edgeiq_daily_official_results_fact_v1.csv|public/data/edgeiq_historical_results_warehouse_v2_graphql.csv
RA_HORSE_33644722260,RCOM_HORSE_5315122,RCOM_HORSE_5315122,NEARING LIBERTY,NEARING LIBERTY,NEARINGLIBERTY,UNIQUE_EXACT_NAME_CONTINUITY,RESOLVED_UNIQUE_CONTINUITY,normalised_name|historical_horse_code|historical_row_count|trainer_continuity|chronology,candidate_count=1;historical_rows=28;first_date=2023-08-09;last_date=2026-06-17;trainer_match=NO,1,NO_CONFLICT,UNIQUE_EXACT_NORMALISED_NAME_WITH_NO_CONFLICTING_REPOSITORY_EVIDENCE_AND_PLAUSIBLE_CHRONOLOGY,EDGEIQ-RA-RCOM-BRIDGE-A-v1,edgeiq_graphql_april_2025_results_v1.csv|edgeiq_graphql_april_2026_results_v1.csv|edgeiq_graphql_august_2023_results_v1.csv|edgeiq_graphql_august_2024_results_v1.csv|edgeiq_graphql_august_2025_results_v1.csv|edgeiq_graphql_june_2026_results_v1.csv|edgeiq_graphql_march_2024_results_v1.csv|edgeiq_graphql_may_2025_results_v1.csv|edgeiq_graphql_may_2026_results_v1.csv|edgeiq_graphql_november_2024_results_v1.csv|edgeiq_graphql_november_2025_results_v1.csv|edgeiq_graphql_october_2024_results_v1.csv|edgeiq_graphql_october_2025_results_v1.csv|edgeiq_graphql_september_2023_results_v1.csv|edgeiq_graphql_september_2024_results_v1.csv|edgeiq_graphql_september_2025_results_v1.csv|public/data/edgeiq_current_horse_identity_crosswalk_v1.csv|public/data/edgeiq_daily_official_results_fact_v1.csv|public/data/edgeiq_historical_results_warehouse_v2_graphql.csv
RA_HORSE_33986029530,,RA_HORSE_33986029530,YAMATO SATONA (NZ),,YAMATOSATONA,UNRESOLVED,NO_CANDIDATE,normalised_name|historical_horse_code|historical_row_count|trainer_continuity|chronology,repository_name_candidate_count=0,0,NO_CANDIDATE,NO_RCOM_CANDIDATE_FOUND_IN_REPOSITORY_WIDE_EVIDENCE_INDEX,EDGEIQ-RA-RCOM-BRIDGE-A-v1,public/data/edgeiq_current_horse_identity_crosswalk_v1.csv|public/data/edgeiq_daily_official_results_fact_v1.csv
RA_HORSE_33734431020,RCOM_HORSE_5329294,RCOM_HORSE_5329294,ZORRO’S FLIGHT,ZORRO'S FLIGHT,ZORROSFLIGHT,UNIQUE_EXACT_NAME_CONTINUITY,RESOLVED_UNIQUE_CONTINUITY,normalised_name|historical_horse_code|historical_row_count|trainer_continuity|chronology,candidate_count=1;historical_rows=23;first_date=2024-05-24;last_date=2026-06-24;trainer_match=NO,1,NO_CONFLICT,UNIQUE_EXACT_NORMALISED_NAME_WITH_NO_CONFLICTING_REPOSITORY_EVIDENCE_AND_PLAUSIBLE_CHRONOLOGY,EDGEIQ-RA-RCOM-BRIDGE-A-v1,edgeiq_graphql_december_2024_results_v1.csv|edgeiq_graphql_december_2025_results_v1.csv|edgeiq_graphql_february_2025_results_v1.csv|edgeiq_graphql_january_2025_WEEK2_results_v1.csv|edgeiq_graphql_january_2025_WEEK3_results_v1.csv|edgeiq_graphql_january_2026_results_v1.csv|edgeiq_graphql_july_2024_results_v1.csv|edgeiq_graphql_july_2025_results_v1.csv|edgeiq_graphql_june_2024_results_v1.csv|edgeiq_graphql_june_2025_results_v1.csv|edgeiq_graphql_june_2026_results_v1.csv|edgeiq_graphql_march_2025_results_v1.csv|edgeiq_graphql_may_2024_results_v1.csv|edgeiq_graphql_november_2024_results_v1.csv|edgeiq_graphql_november_2025_results_v1.csv|public/data/edgeiq_current_horse_identity_crosswalk_v1.csv|public/data/edgeiq_daily_official_results_fact_v1.csv|public/data/edgeiq_historical_results_warehouse_v2_graphql.csv
RA_HORSE_33689912130,RCOM_HORSE_5322261,RCOM_HORSE_5322261,ASEVENTY SEVEN (NZ),ASEVENTY SEVEN,ASEVENTYSEVEN,STRONG_COMPOSITE_IDENTITY,RESOLVED_COMPOSITE,normalised_name|historical_horse_code|historical_row_count|trainer_continuity|chronology,candidate_count=1;historical_rows=53;first_date=2023-01-05;last_date=2026-06-24;trainer_match=YES,1,NO_CONFLICT,UNIQUE_RCOM_CANDIDATE_WITH_TRAINER_CONTINUITY_AND_PRE_RACE_CHRONOLOGY,EDGEIQ-RA-RCOM-BRIDGE-A-v1,edgeiq_graphql_august_2023_results_v1.csv|edgeiq_graphql_august_2024_results_v1.csv|edgeiq_graphql_august_2025_results_v1.csv|edgeiq_graphql_december_2025_results_v1.csv|edgeiq_graphql_february_2023_results_v1.csv|edgeiq_graphql_january_2023_results_v1.csv|edgeiq_graphql_january_2026_results_v1.csv|edgeiq_graphql_july_2023_results_v1.csv|edgeiq_graphql_july_2024_results_v1.csv|edgeiq_graphql_july_2025_results_v1.csv|edgeiq_graphql_june_2023_results_v1.csv|edgeiq_graphql_june_2024_results_v1.csv|edgeiq_graphql_june_2025_results_v1.csv|edgeiq_graphql_june_2026_results_v1.csv|edgeiq_graphql_may_2023_results_v1.csv|edgeiq_graphql_may_2024_results_v1.csv|edgeiq_graphql_may_2025_results_v1.csv|edgeiq_graphql_november_2023_results_v1.csv|edgeiq_graphql_november_2025_results_v1.csv|edgeiq_graphql_october_2023_results_v1.csv|edgeiq_graphql_october_2024_results_v1.csv|edgeiq_graphql_september_2023_results_v1.csv|edgeiq_graphql_september_2025_results_v1.csv|public/data/edgeiq_current_horse_identity_crosswalk_v1.csv|public/data/edgeiq_daily_official_results_fact_v1.csv|public/data/edgeiq_historical_results_warehouse_v2_graphql.csv
RA_HORSE_33600975630,RCOM_HORSE_5308211,RCOM_HORSE_5308211,CEREMONIOUS (NZ),CEREMONIOUS,CEREMONIOUS,STRONG_COMPOSITE_IDENTITY,RESOLVED_COMPOSITE,normalised_name|historical_horse_code|historical_row_count|trainer_continuity|chronology,candidate_count=1;historical_rows=12;first_date=2024-01-03;last_date=2026-06-19;trainer_match=YES,1,NO_CONFLICT,UNIQUE_RCOM_CANDIDATE_WITH_TRAINER_CONTINUITY_AND_PRE_RACE_CHRONOLOGY,EDGEIQ-RA-RCOM-BRIDGE-A-v1,edgeiq_graphql_april_2026_results_v1.csv|edgeiq_graphql_february_2024_results_v1.csv|edgeiq_graphql_january_2024_results_v1.csv|edgeiq_graphql_june_2026_results_v1.csv|edgeiq_graphql_march_2024_results_v1.csv|edgeiq_graphql_may_2026_results_v1.csv|public/data/edgeiq_current_horse_identity_crosswalk_v1.csv|public/data/edgeiq_daily_official_results_fact_v1.csv|public/data/edgeiq_historical_results_warehouse_v2_graphql.csv
RA_HORSE_33785267250,RCOM_HORSE_5337325,RCOM_HORSE_5337325,ENCHANTED JENNI (NZ),ENCHANTED JENNI,ENCHANTEDJENNI,UNIQUE_EXACT_NAME_CONTINUITY,RESOLVED_UNIQUE_CONTINUITY,normalised_name|historical_horse_code|historical_row_count|trainer_continuity|chronology,candidate_count=1;historical_rows=28;first_date=2024-08-27;last_date=2026-06-21;trainer_match=NO,1,NO_CONFLICT,UNIQUE_EXACT_NORMALISED_NAME_WITH_NO_CONFLICTING_REPOSITORY_EVIDENCE_AND_PLAUSIBLE_CHRONOLOGY,EDGEIQ-RA-RCOM-BRIDGE-A-v1,edgeiq_graphql_april_2026_results_v1.csv|edgeiq_graphql_august_2024_results_v1.csv|edgeiq_graphql_august_2025_results_v1.csv|edgeiq_graphql_december_2025_results_v1.csv|edgeiq_graphql_february_2025_results_v1.csv|edgeiq_graphql_february_2026_results_v1.csv|edgeiq_graphql_january_2026_results_v1.csv|edgeiq_graphql_july_2025_results_v1.csv|edgeiq_graphql_june_2025_results_v1.csv|edgeiq_graphql_june_2026_results_v1.csv|edgeiq_graphql_march_2026_results_v1.csv|edgeiq_graphql_may_2025_results_v1.csv|edgeiq_graphql_november_2025_results_v1.csv|edgeiq_graphql_october_2024_results_v1.csv|edgeiq_graphql_october_2025_results_v1.csv|edgeiq_graphql_september_2024_results_v1.csv|edgeiq_graphql_september_2025_results_v1.csv|public/data/edgeiq_current_horse_identity_crosswalk_v1.csv|public/data/edgeiq_daily_official_results_fact_v1.csv|public/data/edgeiq_historical_results_warehouse_v2_graphql.csv
RA_HORSE_33741204120,RCOM_HORSE_5330364,RCOM_HORSE_5330364,CHAMPAGNE JENNI,CHAMPAGNE JENNI,CHAMPAGNEJENNI,UNIQUE_EXACT_NAME_CONTINUITY,RESOLVED_UNIQUE_CONTINUITY,normalised_name|historical_horse_code|historical_row_count|trainer_continuity|chronology,candidate_count=1;historical_rows=18;first_date=2024-08-26;last_date=2026-06-24;trainer_match=NO,1,NO_CONFLICT,UNIQUE_EXACT_NORMALISED_NAME_WITH_NO_CONFLICTING_REPOSITORY_EVIDENCE_AND_PLAUSIBLE_CHRONOLOGY,EDGEIQ-RA-RCOM-BRIDGE-A-v1,edgeiq_graphql_april_2025_results_v1.csv|edgeiq_graphql_august_2024_results_v1.csv|edgeiq_graphql_august_2025_results_v1.csv|edgeiq_graphql_february_2025_results_v1.csv|edgeiq_graphql_february_2026_results_v1.csv|edgeiq_graphql_july_2025_results_v1.csv|edgeiq_graphql_june_2025_results_v1.csv|edgeiq_graphql_june_2026_results_v1.csv|edgeiq_graphql_march_2025_results_v1.csv|edgeiq_graphql_march_2026_results_v1.csv|edgeiq_graphql_may_2025_results_v1.csv|edgeiq_graphql_september_2024_results_v1.csv|public/data/edgeiq_current_horse_identity_crosswalk_v1.csv|public/data/edgeiq_daily_official_results_fact_v1.csv|public/data/edgeiq_historical_results_warehouse_v2_graphql.csv
RA_HORSE_33371734680,RCOM_HORSE_5271996,RCOM_HORSE_5271996,KOROBEINIKI,KOROBEINIKI,KOROBEINIKI,UNIQUE_EXACT_NAME_CONTINUITY,RESOLVED_UNIQUE_CONTINUITY,normalised_name|historical_horse_code|historical_row_count|trainer_continuity|chronology,candidate_count=1;historical_rows=54;first_date=2021-08-12;last_date=2026-06-10;trainer_match=NO,1,NO_CONFLICT,UNIQUE_EXACT_NORMALISED_NAME_WITH_NO_CONFLICTING_REPOSITORY_EVIDENCE_AND_PLAUSIBLE_CHRONOLOGY,EDGEIQ-RA-RCOM-BRIDGE-A-v1,edgeiq_graphql_april_2022_results_v1.csv|edgeiq_graphql_april_2024_results_v1.csv|edgeiq_graphql_april_2025_results_v1.csv|edgeiq_graphql_april_2026_results_v1.csv|edgeiq_graphql_august_2021_results_v1.csv|edgeiq_graphql_august_2023_results_v1.csv|edgeiq_graphql_august_2024_results_v1.csv|edgeiq_graphql_december_2024_results_v1.csv|edgeiq_graphql_february_2022_results_v1.csv|edgeiq_graphql_january_2022_results_v1.csv|edgeiq_graphql_july_2023_results_v1.csv|edgeiq_graphql_july_2024_results_v1.csv|edgeiq_graphql_july_2025_results_v1.csv|edgeiq_graphql_june_2023_results_v1.csv|edgeiq_graphql_june_2024_results_v1.csv|edgeiq_graphql_june_2025_results_v1.csv|edgeiq_graphql_june_2026_results_v1.csv|edgeiq_graphql_march_2024_results_v1.csv|edgeiq_graphql_march_2025_results_v1.csv|edgeiq_graphql_may_2024_results_v1.csv|edgeiq_graphql_may_2025_results_v1.csv|edgeiq_graphql_may_2026_results_v1.csv|edgeiq_graphql_november_2023_results_v1.csv|edgeiq_graphql_november_2024_results_v1.csv|edgeiq_graphql_november_2025_results_v1.csv|edgeiq_graphql_october_2023_results_v1.csv|edgeiq_graphql_october_2024_results_v1.csv|edgeiq_graphql_october_2025_results_v1.csv|edgeiq_graphql_september_2021_results_v1.csv|edgeiq_graphql_september_2023_results_v1.csv|public/data/edgeiq_current_horse_identity_crosswalk_v1.csv|public/data/edgeiq_daily_official_results_fact_v1.csv|public/data/edgeiq_historical_results_warehouse_v2_graphql.csv
RA_HORSE_33757921650,RCOM_HORSE_5333005,RCOM_HORSE_5333005,ALL BUSINESS,ALL BUSINESS,ALLBUSINESS,STRONG_COMPOSITE_IDENTITY,RESOLVED_COMPOSITE,normalised_name|historical_horse_code|historical_row_count|trainer_continuity|chronology,candidate_count=1;historical_rows=19;first_date=2024-10-18;last_date=2026-03-18;trainer_match=YES,1,NO_CONFLICT,UNIQUE_RCOM_CANDIDATE_WITH_TRAINER_CONTINUITY_AND_PRE_RACE_CHRONOLOGY,EDGEIQ-RA-RCOM-BRIDGE-A-v1,edgeiq_graphql_april_2025_results_v1.csv|edgeiq_graphql_december_2025_results_v1.csv|edgeiq_graphql_february_2026_results_v1.csv|edgeiq_graphql_january_2026_results_v1.csv|edgeiq_graphql_july_2025_results_v1.csv|edgeiq_graphql_june_2025_results_v1.csv|edgeiq_graphql_march_2025_results_v1.csv|edgeiq_graphql_march_2026_results_v1.csv|edgeiq_graphql_may_2025_results_v1.csv|edgeiq_graphql_october_2024_results_v1.csv|public/data/edgeiq_current_horse_identity_crosswalk_v1.csv|public/data/edgeiq_daily_official_results_fact_v1.csv|public/data/edgeiq_historical_results_warehouse_v2_graphql.csv
RA_HORSE_33402042720,RCOM_HORSE_5276784,RCOM_HORSE_5276784,DANE ON TOUR,DANE ON TOUR,DANEONTOUR,STRONG_COMPOSITE_IDENTITY,RESOLVED_COMPOSITE,normalised_name|historical_horse_code|historical_row_count|trainer_continuity|chronology,candidate_count=1;historical_rows=56;first_date=2022-03-17;last_date=2026-03-05;trainer_match=YES,1,NO_CONFLICT,UNIQUE_RCOM_CANDIDATE_WITH_TRAINER_CONTINUITY_AND_PRE_RACE_CHRONOLOGY,EDGEIQ-RA-RCOM-BRIDGE-A-v1,edgeiq_graphql_april_2024_results_v1.csv|edgeiq_graphql_april_2025_results_v1.csv|edgeiq_graphql_december_2023_results_v1.csv|edgeiq_graphql_december_2024_results_v1.csv|edgeiq_graphql_december_2025_results_v1.csv|edgeiq_graphql_february_2024_results_v1.csv|edgeiq_graphql_february_2025_results_v1.csv|edgeiq_graphql_january_2023_results_v1.csv|edgeiq_graphql_january_2024_results_v1.csv|edgeiq_graphql_january_2025_WEEK4_results_v1.csv|edgeiq_graphql_january_2025_results_v1.csv|edgeiq_graphql_january_2026_results_v1.csv|edgeiq_graphql_july_2023_results_v1.csv|edgeiq_graphql_june_2023_results_v1.csv|edgeiq_graphql_june_2024_results_v1.csv|edgeiq_graphql_june_2025_results_v1.csv|edgeiq_graphql_march_2022_results_v1.csv|edgeiq_graphql_march_2024_results_v1.csv|edgeiq_graphql_march_2025_results_v1.csv|edgeiq_graphql_march_2026_results_v1.csv|edgeiq_graphql_may_2023_results_v1.csv|edgeiq_graphql_may_2024_results_v1.csv|edgeiq_graphql_may_2025_results_v1.csv|edgeiq_graphql_november_2023_results_v1.csv|edgeiq_graphql_november_2024_results_v1.csv|edgeiq_graphql_november_2025_results_v1.csv|edgeiq_graphql_october_2024_results_v1.csv|edgeiq_graphql_october_2025_results_v1.csv|public/data/edgeiq_current_horse_identity_crosswalk_v1.csv|public/data/edgeiq_daily_official_results_fact_v1.csv|public/data/edgeiq_historical_results_warehouse_v2_graphql.csv
RA_HORSE_34011906570,RCOM_HORSE_5373129,RCOM_HORSE_5373129,TWO SIGMA (NZ),TWO SIGMA,TWOSIGMA,UNIQUE_EXACT_NAME_CONTINUITY,RESOLVED_UNIQUE_CONTINUITY,normalised_name|historical_horse_code|historical_row_count|trainer_continuity|chronology,candidate_count=1;historical_rows=17;first_date=2025-05-25;last_date=2026-06-15;trainer_match=NO,1,NO_CONFLICT,UNIQUE_EXACT_NORMALISED_NAME_WITH_NO_CONFLICTING_REPOSITORY_EVIDENCE_AND_PLAUSIBLE_CHRONOLOGY,EDGEIQ-RA-RCOM-BRIDGE-A-v1,edgeiq_graphql_december_2025_results_v1.csv|edgeiq_graphql_february_2026_results_v1.csv|edgeiq_graphql_january_2026_results_v1.csv|edgeiq_graphql_july_2025_results_v1.csv|edgeiq_graphql_june_2025_results_v1.csv|edgeiq_graphql_june_2026_results_v1.csv|edgeiq_graphql_may_2025_results_v1.csv|edgeiq_graphql_november_2025_results_v1.csv|public/data/edgeiq_current_horse_identity_crosswalk_v1.csv|public/data/edgeiq_daily_official_results_fact_v1.csv|public/data/edgeiq_historical_results_warehouse_v2_graphql.csv
RA_HORSE_33486966000,RCOM_HORSE_5290200,RCOM_HORSE_5290200,WOMEN IN UNIFORM,WOMEN IN UNIFORM,WOMENINUNIFORM,UNIQUE_EXACT_NAME_CONTINUITY,RESOLVED_UNIQUE_CONTINUITY,normalised_name|historical_horse_code|historical_row_count|trainer_continuity|chronology,candidate_count=1;historical_rows=23;first_date=2024-02-15;last_date=2025-10-19;trainer_match=NO,1,NO_CONFLICT,UNIQUE_EXACT_NORMALISED_NAME_WITH_NO_CONFLICTING_REPOSITORY_EVIDENCE_AND_PLAUSIBLE_CHRONOLOGY,EDGEIQ-RA-RCOM-BRIDGE-A-v1,edgeiq_graphql_april_2025_results_v1.csv|edgeiq_graphql_august_2024_results_v1.csv|edgeiq_graphql_august_2025_results_v1.csv|edgeiq_graphql_december_2024_results_v1.csv|edgeiq_graphql_february_2024_results_v1.csv|edgeiq_graphql_july_2025_results_v1.csv|edgeiq_graphql_june_2025_results_v1.csv|edgeiq_graphql_march_2024_results_v1.csv|edgeiq_graphql_march_2025_results_v1.csv|edgeiq_graphql_may_2025_results_v1.csv|edgeiq_graphql_november_2024_results_v1.csv|edgeiq_graphql_october_2024_results_v1.csv|edgeiq_graphql_october_2025_results_v1.csv|edgeiq_graphql_september_2024_results_v1.csv|edgeiq_graphql_september_2025_results_v1.csv|public/data/edgeiq_current_horse_identity_crosswalk_v1.csv|public/data/edgeiq_daily_official_results_fact_v1.csv|public/data/edgeiq_historical_results_warehouse_v2_graphql.csv
RA_HORSE_33629656860,RCOM_HORSE_5312742,RCOM_HORSE_5312742,AUTO MAX,AUTO MAX,AUTOMAX,UNIQUE_EXACT_NAME_CONTINUITY,RESOLVED_UNIQUE_CONTINUITY,normalised_name|historical_horse_code|historical_row_count|trainer_continuity|chronology,candidate_count=1;historical_rows=17;first_date=2024-04-04;last_date=2025-09-23;trainer_match=NO,1,NO_CONFLICT,UNIQUE_EXACT_NORMALISED_NAME_WITH_NO_CONFLICTING_REPOSITORY_EVIDENCE_AND_PLAUSIBLE_CHRONOLOGY,EDGEIQ-RA-RCOM-BRIDGE-A-v1,edgeiq_graphql_april_2024_results_v1.csv|edgeiq_graphql_august_2024_results_v1.csv|edgeiq_graphql_august_2025_results_v1.csv|edgeiq_graphql_february_2025_results_v1.csv|edgeiq_graphql_july_2025_results_v1.csv|edgeiq_graphql_may_2024_results_v1.csv|edgeiq_graphql_september_2024_results_v1.csv|edgeiq_graphql_september_2025_results_v1.csv|public/data/edgeiq_current_horse_identity_crosswalk_v1.csv|public/data/edgeiq_daily_official_results_fact_v1.csv|public/data/edgeiq_historical_results_warehouse_v2_graphql.csv
RA_HORSE_33429527580,RCOM_HORSE_5281126,RCOM_HORSE_5281126,I’M DYNAMITE,I'M DYNAMITE,IMDYNAMITE,UNIQUE_EXACT_NAME_CONTINUITY,RESOLVED_UNIQUE_CONTINUITY,normalised_name|historical_horse_code|historical_row_count|trainer_continuity|chronology,candidate_count=1;historical_rows=63;first_date=2021-09-16;last_date=2026-06-12;trainer_match=NO,1,NO_CONFLICT,UNIQUE_EXACT_NORMALISED_NAME_WITH_NO_CONFLICTING_REPOSITORY_EVIDENCE_AND_PLAUSIBLE_CHRONOLOGY,EDGEIQ-RA-RCOM-BRIDGE-A-v1,edgeiq_graphql_april_2024_results_v1.csv|edgeiq_graphql_april_2025_results_v1.csv|edgeiq_graphql_april_2026_results_v1.csv|edgeiq_graphql_august_2023_results_v1.csv|edgeiq_graphql_august_2024_results_v1.csv|edgeiq_graphql_december_2023_results_v1.csv|edgeiq_graphql_december_2024_results_v1.csv|edgeiq_graphql_december_2025_results_v1.csv|edgeiq_graphql_february_2022_results_v1.csv|edgeiq_graphql_february_2026_results_v1.csv|edgeiq_graphql_january_2026_results_v1.csv|edgeiq_graphql_july_2023_results_v1.csv|edgeiq_graphql_july_2024_results_v1.csv|edgeiq_graphql_july_2025_results_v1.csv|edgeiq_graphql_june_2023_results_v1.csv|edgeiq_graphql_june_2024_results_v1.csv|edgeiq_graphql_june_2025_results_v1.csv|edgeiq_graphql_june_2026_results_v1.csv|edgeiq_graphql_march_2024_results_v1.csv|edgeiq_graphql_march_2026_results_v1.csv|edgeiq_graphql_may_2024_results_v1.csv|edgeiq_graphql_may_2025_results_v1.csv|edgeiq_graphql_may_2026_results_v1.csv|edgeiq_graphql_november_2023_results_v1.csv|edgeiq_graphql_november_2024_results_v1.csv|edgeiq_graphql_november_2025_results_v1.csv|edgeiq_graphql_october_2023_results_v1.csv|edgeiq_graphql_october_2024_results_v1.csv|edgeiq_graphql_october_2025_results_v1.csv|edgeiq_graphql_september_2021_results_v1.csv|edgeiq_graphql_september_2024_results_v1.csv|edgeiq_graphql_september_2025_results_v1.csv|public/data/edgeiq_current_horse_identity_crosswalk_v1.csv|public/data/edgeiq_daily_official_results_fact_v1.csv|public/data/edgeiq_historical_results_warehouse_v2_graphql.csv
RA_HORSE_33918171930,RCOM_HORSE_5358321,RCOM_HORSE_5358321,HOT CHILLI MAMA (NZ),HOT CHILLI MAMA,HOTCHILLIMAMA,UNIQUE_EXACT_NAME_CONTINUITY,RESOLVED_UNIQUE_CONTINUITY,normalised_name|historical_horse_code|historical_row_count|trainer_continuity|chronology,candidate_count=1;historical_rows=34;first_date=2024-06-06;last_date=2026-01-13;trainer_match=NO,1,NO_CONFLICT,UNIQUE_EXACT_NORMALISED_NAME_WITH_NO_CONFLICTING_REPOSITORY_EVIDENCE_AND_PLAUSIBLE_CHRONOLOGY,EDGEIQ-RA-RCOM-BRIDGE-A-v1,edgeiq_graphql_april_2025_results_v1.csv|edgeiq_graphql_august_2024_results_v1.csv|edgeiq_graphql_august_2025_results_v1.csv|edgeiq_graphql_december_2025_results_v1.csv|edgeiq_graphql_january_2026_results_v1.csv|edgeiq_graphql_july_2025_results_v1.csv|edgeiq_graphql_june_2024_results_v1.csv|edgeiq_graphql_june_2025_results_v1.csv|edgeiq_graphql_may_2025_results_v1.csv|edgeiq_graphql_november_2024_results_v1.csv|edgeiq_graphql_november_2025_results_v1.csv|edgeiq_graphql_october_2024_results_v1.csv|edgeiq_graphql_october_2025_results_v1.csv|edgeiq_graphql_september_2024_results_v1.csv|edgeiq_graphql_september_2025_results_v1.csv|public/data/edgeiq_current_horse_identity_crosswalk_v1.csv|public/data/edgeiq_daily_official_results_fact_v1.csv|public/data/edgeiq_historical_results_warehouse_v2_graphql.csv
RA_HORSE_33811036680,RCOM_HORSE_5341396,RCOM_HORSE_5341396,LOFTY THOUGHTS,LOFTY THOUGHTS,LOFTYTHOUGHTS,UNIQUE_EXACT_NAME_CONTINUITY,RESOLVED_UNIQUE_CONTINUITY,normalised_name|historical_horse_code|historical_row_count|trainer_continuity|chronology,candidate_count=1;historical_rows=9;first_date=2025-01-04;last_date=2026-05-14;trainer_match=NO,1,NO_CONFLICT,UNIQUE_EXACT_NORMALISED_NAME_WITH_NO_CONFLICTING_REPOSITORY_EVIDENCE_AND_PLAUSIBLE_CHRONOLOGY,EDGEIQ-RA-RCOM-BRIDGE-A-v1,edgeiq_graphql_february_2025_results_v1.csv|edgeiq_graphql_january_2025_results_v1.csv|edgeiq_graphql_june_2025_results_v1.csv|edgeiq_graphql_may_2026_results_v1.csv|edgeiq_graphql_october_2025_results_v1.csv|edgeiq_graphql_september_2025_results_v1.csv|public/data/edgeiq_current_horse_identity_crosswalk_v1.csv|public/data/edgeiq_daily_official_results_fact_v1.csv|public/data/edgeiq_historical_results_warehouse_v2_graphql.csv
RA_HORSE_33893510250,RCOM_HORSE_5354425,RCOM_HORSE_5354425,PRINCING,PRINCING,PRINCING,UNIQUE_EXACT_NAME_CONTINUITY,RESOLVED_UNIQUE_CONTINUITY,normalised_name|historical_horse_code|historical_row_count|trainer_continuity|chronology,candidate_count=1;historical_rows=12;first_date=2025-11-14;last_date=2026-06-24;trainer_match=NO,1,NO_CONFLICT,UNIQUE_EXACT_NORMALISED_NAME_WITH_NO_CONFLICTING_REPOSITORY_EVIDENCE_AND_PLAUSIBLE_CHRONOLOGY,EDGEIQ-RA-RCOM-BRIDGE-A-v1,edgeiq_graphql_december_2025_results_v1.csv|edgeiq_graphql_june_2026_results_v1.csv|edgeiq_graphql_may_2026_results_v1.csv|edgeiq_graphql_november_2025_results_v1.csv|public/data/edgeiq_current_horse_identity_crosswalk_v1.csv|public/data/edgeiq_daily_official_results_fact_v1.csv|public/data/edgeiq_historical_results_warehouse_v2_graphql.csv
RA_HORSE_33274069110,RCOM_HORSE_5256567,RCOM_HORSE_5256567,DELIGHTFUL JOURNEY,DELIGHTFUL JOURNEY,DELIGHTFULJOURNEY,UNIQUE_EXACT_NAME_CONTINUITY,RESOLVED_UNIQUE_CONTINUITY,normalised_name|historical_horse_code|historical_row_count|trainer_continuity|chronology,candidate_count=1;historical_rows=42;first_date=2021-04-17;last_date=2025-09-14;trainer_match=NO,1,NO_CONFLICT,UNIQUE_EXACT_NORMALISED_NAME_WITH_NO_CONFLICTING_REPOSITORY_EVIDENCE_AND_PLAUSIBLE_CHRONOLOGY,EDGEIQ-RA-RCOM-BRIDGE-A-v1,edgeiq_graphql_april_2021_results_v1.csv|edgeiq_graphql_april_2023_results_v1.csv|edgeiq_graphql_august_2023_results_v1.csv|edgeiq_graphql_august_2024_results_v1.csv|edgeiq_graphql_august_2025_results_v1.csv|edgeiq_graphql_december_2021_results_v1.csv|edgeiq_graphql_february_2023_results_v1.csv|edgeiq_graphql_february_2025_results_v1.csv|edgeiq_graphql_january_2023_results_v1.csv|edgeiq_graphql_july_2024_results_v1.csv|edgeiq_graphql_july_2025_results_v1.csv|edgeiq_graphql_june_2021_results_v1.csv|edgeiq_graphql_june_2024_results_v1.csv|edgeiq_graphql_march_2022_results_v1.csv|edgeiq_graphql_march_2023_results_v1.csv|edgeiq_graphql_march_2025_results_v1.csv|edgeiq_graphql_may_2021_results_v1.csv|edgeiq_graphql_may_2023_results_v1.csv|edgeiq_graphql_may_2024_results_v1.csv|edgeiq_graphql_may_2025_results_v1.csv|edgeiq_graphql_october_2023_results_v1.csv|edgeiq_graphql_october_2024_results_v1.csv|edgeiq_graphql_september_2023_results_v1.csv|edgeiq_graphql_september_2024_results_v1.csv|edgeiq_graphql_september_2025_results_v1.csv|public/data/edgeiq_current_horse_identity_crosswalk_v1.csv|public/data/edgeiq_daily_official_results_fact_v1.csv|public/data/edgeiq_historical_results_warehouse_v2_graphql.csv
RA_HORSE_33746027580,RCOM_HORSE_5331126,RCOM_HORSE_5331126,EXPRESS GUARD,EXPRESS GUARD,EXPRESSGUARD,UNIQUE_EXACT_NAME_CONTINUITY,RESOLVED_UNIQUE_CONTINUITY,normalised_name|historical_horse_code|historical_row_count|trainer_continuity|chronology,candidate_count=1;historical_rows=21;first_date=2024-08-26;last_date=2026-06-22;trainer_match=NO,1,NO_CONFLICT,UNIQUE_EXACT_NORMALISED_NAME_WITH_NO_CONFLICTING_REPOSITORY_EVIDENCE_AND_PLAUSIBLE_CHRONOLOGY,EDGEIQ-RA-RCOM-BRIDGE-A-v1,edgeiq_graphql_april_2025_results_v1.csv|edgeiq_graphql_april_2026_results_v1.csv|edgeiq_graphql_august_2024_results_v1.csv|edgeiq_graphql_december_2025_results_v1.csv|edgeiq_graphql_february_2025_results_v1.csv|edgeiq_graphql_january_2026_results_v1.csv|edgeiq_graphql_june_2026_results_v1.csv|edgeiq_graphql_march_2025_results_v1.csv|edgeiq_graphql_may_2026_results_v1.csv|edgeiq_graphql_november_2025_results_v1.csv|edgeiq_graphql_october_2024_results_v1.csv|edgeiq_graphql_september_2024_results_v1.csv|edgeiq_graphql_september_2025_results_v1.csv|public/data/edgeiq_current_horse_identity_crosswalk_v1.csv|public/data/edgeiq_daily_official_results_fact_v1.csv|public/data/edgeiq_historical_results_warehouse_v2_graphql.csv
RA_HORSE_33587290170,RCOM_HORSE_5306049,RCOM_HORSE_5306049,ANNABELLE SUNSHINE,ANNABELLE SUNSHINE,ANNABELLESUNSHINE,UNIQUE_EXACT_NAME_CONTINUITY,RESOLVED_UNIQUE_CONTINUITY,normalised_name|historical_horse_code|historical_row_count|trainer_continuity|chronology,candidate_count=1;historical_rows=16;first_date=2023-04-11;last_date=2026-06-11;trainer_match=NO,1,NO_CONFLICT,UNIQUE_EXACT_NORMALISED_NAME_WITH_NO_CONFLICTING_REPOSITORY_EVIDENCE_AND_PLAUSIBLE_CHRONOLOGY,EDGEIQ-RA-RCOM-BRIDGE-A-v1,edgeiq_graphql_april_2023_results_v1.csv|edgeiq_graphql_april_2026_results_v1.csv|edgeiq_graphql_december_2024_results_v1.csv|edgeiq_graphql_february_2024_results_v1.csv|edgeiq_graphql_january_2025_results_v1.csv|edgeiq_graphql_june_2026_results_v1.csv|edgeiq_graphql_may_2026_results_v1.csv|edgeiq_graphql_november_2024_results_v1.csv|edgeiq_graphql_october_2024_results_v1.csv|edgeiq_graphql_september_2024_results_v1.csv|public/data/edgeiq_current_horse_identity_crosswalk_v1.csv|public/data/edgeiq_daily_official_results_fact_v1.csv|public/data/edgeiq_historical_results_warehouse_v2_graphql.csv
RA_HORSE_33459588750,RCOM_HORSE_5285875,RCOM_HORSE_5285875,ZE BEE NINE,ZE BEE NINE,ZEBEENINE,UNIQUE_EXACT_NAME_CONTINUITY,RESOLVED_UNIQUE_CONTINUITY,normalised_name|historical_horse_code|historical_row_count|trainer_continuity|chronology,candidate_count=1;historical_rows=35;first_date=2023-04-23;last_date=2026-06-12;trainer_match=NO,1,NO_CONFLICT,UNIQUE_EXACT_NORMALISED_NAME_WITH_NO_CONFLICTING_REPOSITORY_EVIDENCE_AND_PLAUSIBLE_CHRONOLOGY,EDGEIQ-RA-RCOM-BRIDGE-A-v1,edgeiq_graphql_april_2023_results_v1.csv|edgeiq_graphql_april_2024_results_v1.csv|edgeiq_graphql_april_2025_results_v1.csv|edgeiq_graphql_august_2025_results_v1.csv|edgeiq_graphql_december_2024_results_v1.csv|edgeiq_graphql_february_2024_results_v1.csv|edgeiq_graphql_february_2025_results_v1.csv|edgeiq_graphql_january_2025_WEEK4_results_v1.csv|edgeiq_graphql_july_2024_results_v1.csv|edgeiq_graphql_july_2025_results_v1.csv|edgeiq_graphql_june_2024_results_v1.csv|edgeiq_graphql_june_2025_results_v1.csv|edgeiq_graphql_june_2026_results_v1.csv|edgeiq_graphql_march_2024_results_v1.csv|edgeiq_graphql_march_2025_results_v1.csv|edgeiq_graphql_may_2023_results_v1.csv|edgeiq_graphql_may_2024_results_v1.csv|edgeiq_graphql_may_2025_results_v1.csv|edgeiq_graphql_november_2025_results_v1.csv|edgeiq_graphql_october_2025_results_v1.csv|edgeiq_graphql_september_2025_results_v1.csv|public/data/edgeiq_current_horse_identity_crosswalk_v1.csv|public/data/edgeiq_daily_official_results_fact_v1.csv|public/data/edgeiq_historical_results_warehouse_v2_graphql.csv
RA_HORSE_33849326850,RCOM_HORSE_5347445,RCOM_HORSE_5347445,PRINCESS SAKIKO,PRINCESS SAKIKO,PRINCESSSAKIKO,UNIQUE_EXACT_NAME_CONTINUITY,RESOLVED_UNIQUE_CONTINUITY,normalised_name|historical_horse_code|historical_row_count|trainer_continuity|chronology,candidate_count=1;historical_rows=9;first_date=2025-09-23;last_date=2026-01-02;trainer_match=NO,1,NO_CONFLICT,UNIQUE_EXACT_NORMALISED_NAME_WITH_NO_CONFLICTING_REPOSITORY_EVIDENCE_AND_PLAUSIBLE_CHRONOLOGY,EDGEIQ-RA-RCOM-BRIDGE-A-v1,edgeiq_graphql_december_2025_results_v1.csv|edgeiq_graphql_january_2026_results_v1.csv|edgeiq_graphql_november_2025_results_v1.csv|edgeiq_graphql_october_2025_results_v1.csv|edgeiq_graphql_september_2025_results_v1.csv|public/data/edgeiq_current_horse_identity_crosswalk_v1.csv|public/data/edgeiq_daily_official_results_fact_v1.csv|public/data/edgeiq_historical_results_warehouse_v2_graphql.csv
RA_HORSE_33820474710,RCOM_HORSE_5342887,RCOM_HORSE_5342887,BRILLIANT BULL ANT,BRILLIANT BULL ANT,BRILLIANTBULLANT,UNIQUE_EXACT_NAME_CONTINUITY,RESOLVED_UNIQUE_CONTINUITY,normalised_name|historical_horse_code|historical_row_count|trainer_continuity|chronology,candidate_count=1;historical_rows=9;first_date=2025-11-24;last_date=2026-06-23;trainer_match=NO,1,NO_CONFLICT,UNIQUE_EXACT_NORMALISED_NAME_WITH_NO_CONFLICTING_REPOSITORY_EVIDENCE_AND_PLAUSIBLE_CHRONOLOGY,EDGEIQ-RA-RCOM-BRIDGE-A-v1,edgeiq_graphql_december_2025_results_v1.csv|edgeiq_graphql_february_2026_results_v1.csv|edgeiq_graphql_january_2026_results_v1.csv|edgeiq_graphql_june_2026_results_v1.csv|edgeiq_graphql_november_2025_results_v1.csv|public/data/edgeiq_current_horse_identity_crosswalk_v1.csv|public/data/edgeiq_daily_official_results_fact_v1.csv|public/data/edgeiq_historical_results_warehouse_v2_graphql.csv
RA_HORSE_33856106280,RCOM_HORSE_5348516,RCOM_HORSE_5348516,ERNIE,ERNIE,ERNIE,UNIQUE_EXACT_NAME_CONTINUITY,RESOLVED_UNIQUE_CONTINUITY,normalised_name|historical_horse_code|historical_row_count|trainer_continuity|chronology,candidate_count=1;historical_rows=3;first_date=2025-10-30;last_date=2026-05-29;trainer_match=NO,1,NO_CONFLICT,UNIQUE_EXACT_NORMALISED_NAME_WITH_NO_CONFLICTING_REPOSITORY_EVIDENCE_AND_PLAUSIBLE_CHRONOLOGY,EDGEIQ-RA-RCOM-BRIDGE-A-v1,edgeiq_graphql_december_2025_results_v1.csv|edgeiq_graphql_may_2026_results_v1.csv|edgeiq_graphql_october_2025_results_v1.csv|public/data/edgeiq_current_horse_identity_crosswalk_v1.csv|public/data/edgeiq_daily_official_results_fact_v1.csv|public/data/edgeiq_historical_results_warehouse_v2_graphql.csv
RA_HORSE_33913842210,RCOM_HORSE_5357637,RCOM_HORSE_5357637,RAMELLE,RAMELLE,RAMELLE,UNIQUE_EXACT_NAME_CONTINUITY,RESOLVED_UNIQUE_CONTINUITY,normalised_name|historical_horse_code|historical_row_count|trainer_continuity|chronology,candidate_count=1;historical_rows=4;first_date=2025-12-16;last_date=2026-06-24;trainer_match=NO,1,NO_CONFLICT,UNIQUE_EXACT_NORMALISED_NAME_WITH_NO_CONFLICTING_REPOSITORY_EVIDENCE_AND_PLAUSIBLE_CHRONOLOGY,EDGEIQ-RA-RCOM-BRIDGE-A-v1,edgeiq_graphql_december_2025_results_v1.csv|edgeiq_graphql_june_2026_results_v1.csv|public/data/edgeiq_current_horse_identity_crosswalk_v1.csv|public/data/edgeiq_daily_official_results_fact_v1.csv|public/data/edgeiq_historical_results_warehouse_v2_graphql.csv
RA_HORSE_34043588220,,RA_HORSE_34043588220,ROCKZINO (NZ),,ROCKZINO,UNRESOLVED,NO_CANDIDATE,normalised_name|historical_horse_code|historical_row_count|trainer_continuity|chronology,repository_name_candidate_count=0,0,NO_CANDIDATE,NO_RCOM_CANDIDATE_FOUND_IN_REPOSITORY_WIDE_EVIDENCE_INDEX,EDGEIQ-RA-RCOM-BRIDGE-A-v1,public/data/edgeiq_current_horse_identity_crosswalk_v1.csv|public/data/edgeiq_daily_official_results_fact_v1.csv
RA_HORSE_33892123980,,RA_HORSE_33892123980,FOXTROT CHARLIE,,FOXTROTCHARLIE,UNRESOLVED,AMBIGUOUS,normalised_name|historical_horse_code|historical_row_count|trainer_continuity|chronology,candidate_ids=RCOM_HORSE_413706|RCOM_HORSE_5354206,2,AMBIGUOUS,MULTIPLE_RCOM_CANDIDATES_FOR_NORMALISED_NAME,EDGEIQ-RA-RCOM-BRIDGE-A-v1,edgeiq_graphql_december_2000_results_v1.csv|edgeiq_graphql_december_2025_results_v1.csv|edgeiq_graphql_january_2001_results_v1.csv|edgeiq_graphql_january_2026_results_v1.csv|edgeiq_graphql_november_2000_results_v1.csv|public/data/edgeiq_current_horse_identity_crosswalk_v1.csv|public/data/edgeiq_daily_official_results_fact_v1.csv|public/data/edgeiq_historical_results_warehouse_v2_graphql.csv
RA_HORSE_33824817090,RCOM_HORSE_5343573,RCOM_HORSE_5343573,LOLLIE’S GALORE,LOLLIE'S GALORE,LOLLIESGALORE,STRONG_COMPOSITE_IDENTITY,RESOLVED_COMPOSITE,normalised_name|historical_horse_code|historical_row_count|trainer_continuity|chronology,candidate_count=1;historical_rows=2;first_date=2026-02-25;last_date=2026-03-13;trainer_match=YES,1,NO_CONFLICT,UNIQUE_RCOM_CANDIDATE_WITH_TRAINER_CONTINUITY_AND_PRE_RACE_CHRONOLOGY,EDGEIQ-RA-RCOM-BRIDGE-A-v1,edgeiq_graphql_february_2026_results_v1.csv|edgeiq_graphql_march_2026_results_v1.csv|public/data/edgeiq_current_horse_identity_crosswalk_v1.csv|public/data/edgeiq_daily_official_results_fact_v1.csv|public/data/edgeiq_historical_results_warehouse_v2_graphql.csv
RA_HORSE_33835008390,RCOM_HORSE_5345183,RCOM_HORSE_5345183,LOS BRAVOS,LOS BRAVOS,LOSBRAVOS,UNIQUE_EXACT_NAME_CONTINUITY,RESOLVED_UNIQUE_CONTINUITY,normalised_name|historical_horse_code|historical_row_count|trainer_continuity|chronology,candidate_count=1;historical_rows=1;first_date=2026-01-27;last_date=2026-01-27;trainer_match=NO,1,NO_CONFLICT,UNIQUE_EXACT_NORMALISED_NAME_WITH_NO_CONFLICTING_REPOSITORY_EVIDENCE_AND_PLAUSIBLE_CHRONOLOGY,EDGEIQ-RA-RCOM-BRIDGE-A-v1,edgeiq_graphql_january_2026_results_v1.csv|public/data/edgeiq_current_horse_identity_crosswalk_v1.csv|public/data/edgeiq_daily_official_results_fact_v1.csv|public/data/edgeiq_historical_results_warehouse_v2_graphql.csv
RA_HORSE_34125048990,,RA_HORSE_34125048990,MR SIOUX (IRE),,MRSIOUX,UNRESOLVED,NO_CANDIDATE,normalised_name|historical_horse_code|historical_row_count|trainer_continuity|chronology,repository_name_candidate_count=0,0,NO_CANDIDATE,NO_RCOM_CANDIDATE_FOUND_IN_REPOSITORY_WIDE_EVIDENCE_INDEX,EDGEIQ-RA-RCOM-BRIDGE-A-v1,public/data/edgeiq_current_horse_identity_crosswalk_v1.csv|public/data/edgeiq_daily_official_results_fact_v1.csv
RA_HORSE_33885496470,,RA_HORSE_33885496470,SMART KING,,SMARTKING,UNRESOLVED,NO_CANDIDATE,normalised_name|historical_horse_code|historical_row_count|trainer_continuity|chronology,repository_name_candidate_count=0,0,NO_CANDIDATE,NO_RCOM_CANDIDATE_FOUND_IN_REPOSITORY_WIDE_EVIDENCE_INDEX,EDGEIQ-RA-RCOM-BRIDGE-A-v1,public/data/edgeiq_current_horse_identity_crosswalk_v1.csv|public/data/edgeiq_daily_official_results_fact_v1.csv
RA_HORSE_34099532760,RCOM_HORSE_5386972,RCOM_HORSE_5386972,STUNTMAN (NZ),STUNTMAN,STUNTMAN,STRONG_COMPOSITE_IDENTITY,RESOLVED_COMPOSITE,normalised_name|historical_horse_code|historical_row_count|trainer_continuity|chronology,candidate_count=1;historical_rows=3;first_date=2026-01-27;last_date=2026-02-26;trainer_match=YES,1,NO_CONFLICT,UNIQUE_RCOM_CANDIDATE_WITH_TRAINER_CONTINUITY_AND_PRE_RACE_CHRONOLOGY,EDGEIQ-RA-RCOM-BRIDGE-A-v1,edgeiq_graphql_february_2026_results_v1.csv|edgeiq_graphql_january_2026_results_v1.csv|public/data/edgeiq_current_horse_identity_crosswalk_v1.csv|public/data/edgeiq_daily_official_results_fact_v1.csv|public/data/edgeiq_historical_results_warehouse_v2_graphql.csv
RA_HORSE_33914487870,RCOM_HORSE_5357739,RCOM_HORSE_5357739,TOP CONTI (NZ),TOP CONTI,TOPCONTI,UNIQUE_EXACT_NAME_CONTINUITY,RESOLVED_UNIQUE_CONTINUITY,normalised_name|historical_horse_code|historical_row_count|trainer_continuity|chronology,candidate_count=1;historical_rows=2;first_date=2026-01-27;last_date=2026-02-07;trainer_match=NO,1,NO_CONFLICT,UNIQUE_EXACT_NORMALISED_NAME_WITH_NO_CONFLICTING_REPOSITORY_EVIDENCE_AND_PLAUSIBLE_CHRONOLOGY,EDGEIQ-RA-RCOM-BRIDGE-A-v1,edgeiq_graphql_february_2026_results_v1.csv|edgeiq_graphql_january_2026_results_v1.csv|public/data/edgeiq_current_horse_identity_crosswalk_v1.csv|public/data/edgeiq_daily_official_results_fact_v1.csv|public/data/edgeiq_historical_results_warehouse_v2_graphql.csv
RA_HORSE_34090930290,,RA_HORSE_34090930290,ANGLAND LASS (NZ),,ANGLANDLASS,UNRESOLVED,NO_CANDIDATE,normalised_name|historical_horse_code|historical_row_count|trainer_continuity|chronology,repository_name_candidate_count=0,0,NO_CANDIDATE,NO_RCOM_CANDIDATE_FOUND_IN_REPOSITORY_WIDE_EVIDENCE_INDEX,EDGEIQ-RA-RCOM-BRIDGE-A-v1,public/data/edgeiq_current_horse_identity_crosswalk_v1.csv|public/data/edgeiq_daily_official_results_fact_v1.csv
RA_HORSE_33874102470,,RA_HORSE_33874102470,ACTUALLY ROMANTIC,,ACTUALLYROMANTIC,UNRESOLVED,NO_CANDIDATE,normalised_name|historical_horse_code|historical_row_count|trainer_continuity|chronology,repository_name_candidate_count=0,0,NO_CANDIDATE,NO_RCOM_CANDIDATE_FOUND_IN_REPOSITORY_WIDE_EVIDENCE_INDEX,EDGEIQ-RA-RCOM-BRIDGE-A-v1,public/data/edgeiq_current_horse_identity_crosswalk_v1.csv|public/data/edgeiq_daily_official_results_fact_v1.csv
RA_HORSE_33891959400,RCOM_HORSE_5354180,RCOM_HORSE_5354180,TIKIELA,TIKIELA,TIKIELA,UNIQUE_EXACT_NAME_CONTINUITY,RESOLVED_UNIQUE_CONTINUITY,normalised_name|historical_horse_code|historical_row_count|trainer_continuity|chronology,candidate_count=1;historical_rows=4;first_date=2025-10-30;last_date=2026-05-10;trainer_match=NO,1,NO_CONFLICT,UNIQUE_EXACT_NORMALISED_NAME_WITH_NO_CONFLICTING_REPOSITORY_EVIDENCE_AND_PLAUSIBLE_CHRONOLOGY,EDGEIQ-RA-RCOM-BRIDGE-A-v1,edgeiq_graphql_april_2026_results_v1.csv|edgeiq_graphql_may_2026_results_v1.csv|edgeiq_graphql_november_2025_results_v1.csv|edgeiq_graphql_october_2025_results_v1.csv|public/data/edgeiq_current_horse_identity_crosswalk_v1.csv|public/data/edgeiq_daily_official_results_fact_v1.csv|public/data/edgeiq_historical_results_warehouse_v2_graphql.csv
RA_HORSE_33869987970,RCOM_HORSE_5350709,RCOM_HORSE_5350709,EYES OF BLUE,EYES OF BLUE,EYESOFBLUE,STRONG_COMPOSITE_IDENTITY,RESOLVED_COMPOSITE,normalised_name|historical_horse_code|historical_row_count|trainer_continuity|chronology,candidate_count=1;historical_rows=2;first_date=2025-10-06;last_date=2025-10-27;trainer_match=YES,1,NO_CONFLICT,UNIQUE_RCOM_CANDIDATE_WITH_TRAINER_CONTINUITY_AND_PRE_RACE_CHRONOLOGY,EDGEIQ-RA-RCOM-BRIDGE-A-v1,edgeiq_graphql_october_2025_results_v1.csv|public/data/edgeiq_current_horse_identity_crosswalk_v1.csv|public/data/edgeiq_daily_official_results_fact_v1.csv|public/data/edgeiq_historical_results_warehouse_v2_graphql.csv
RA_HORSE_33890395890,RCOM_HORSE_5353933,RCOM_HORSE_5353933,HE XIANGU,HE XIANGU,HEXIANGU,UNIQUE_EXACT_NAME_CONTINUITY,RESOLVED_UNIQUE_CONTINUITY,normalised_name|historical_horse_code|historical_row_count|trainer_continuity|chronology,candidate_count=1;historical_rows=3;first_date=2025-09-18;last_date=2025-10-21;trainer_match=NO,1,NO_CONFLICT,UNIQUE_EXACT_NORMALISED_NAME_WITH_NO_CONFLICTING_REPOSITORY_EVIDENCE_AND_PLAUSIBLE_CHRONOLOGY,EDGEIQ-RA-RCOM-BRIDGE-A-v1,edgeiq_graphql_october_2025_results_v1.csv|edgeiq_graphql_september_2025_results_v1.csv|public/data/edgeiq_current_horse_identity_crosswalk_v1.csv|public/data/edgeiq_daily_official_results_fact_v1.csv|public/data/edgeiq_historical_results_warehouse_v2_graphql.csv
RA_HORSE_33859670070,RCOM_HORSE_5349079,RCOM_HORSE_5349079,MANGANO,MANGANO,MANGANO,STRONG_COMPOSITE_IDENTITY,RESOLVED_COMPOSITE,normalised_name|historical_horse_code|historical_row_count|trainer_continuity|chronology,candidate_count=1;historical_rows=2;first_date=2025-11-10;last_date=2026-03-14;trainer_match=YES,1,NO_CONFLICT,UNIQUE_RCOM_CANDIDATE_WITH_TRAINER_CONTINUITY_AND_PRE_RACE_CHRONOLOGY,EDGEIQ-RA-RCOM-BRIDGE-A-v1,edgeiq_graphql_march_2026_results_v1.csv|edgeiq_graphql_november_2025_results_v1.csv|public/data/edgeiq_current_horse_identity_crosswalk_v1.csv|public/data/edgeiq_daily_official_results_fact_v1.csv|public/data/edgeiq_historical_results_warehouse_v2_graphql.csv
RA_HORSE_33831925680,,RA_HORSE_33831925680,SAYYIDAT AL NOOR,,SAYYIDATALNOOR,UNRESOLVED,NO_CANDIDATE,normalised_name|historical_horse_code|historical_row_count|trainer_continuity|chronology,repository_name_candidate_count=0,0,NO_CANDIDATE,NO_RCOM_CANDIDATE_FOUND_IN_REPOSITORY_WIDE_EVIDENCE_INDEX,EDGEIQ-RA-RCOM-BRIDGE-A-v1,public/data/edgeiq_current_horse_identity_crosswalk_v1.csv|public/data/edgeiq_daily_official_results_fact_v1.csv
RA_HORSE_33841597920,RCOM_HORSE_5346224,RCOM_HORSE_5346224,SERVENIA,SERVENIA,SERVENIA,UNIQUE_EXACT_NAME_CONTINUITY,RESOLVED_UNIQUE_CONTINUITY,normalised_name|historical_horse_code|historical_row_count|trainer_continuity|chronology,candidate_count=1;historical_rows=6;first_date=2025-07-23;last_date=2026-03-12;trainer_match=NO,1,NO_CONFLICT,UNIQUE_EXACT_NORMALISED_NAME_WITH_NO_CONFLICTING_REPOSITORY_EVIDENCE_AND_PLAUSIBLE_CHRONOLOGY,EDGEIQ-RA-RCOM-BRIDGE-A-v1,edgeiq_graphql_august_2025_results_v1.csv|edgeiq_graphql_february_2026_results_v1.csv|edgeiq_graphql_july_2025_results_v1.csv|edgeiq_graphql_march_2026_results_v1.csv|public/data/edgeiq_current_horse_identity_crosswalk_v1.csv|public/data/edgeiq_daily_official_results_fact_v1.csv|public/data/edgeiq_historical_results_warehouse_v2_graphql.csv
RA_HORSE_33807852690,RCOM_HORSE_5340893,RCOM_HORSE_5340893,SHAPENAPIT,SHAPENAPIT,SHAPENAPIT,UNIQUE_EXACT_NAME_CONTINUITY,RESOLVED_UNIQUE_CONTINUITY,normalised_name|historical_horse_code|historical_row_count|trainer_continuity|chronology,candidate_count=1;historical_rows=5;first_date=2025-11-20;last_date=2026-01-23;trainer_match=NO,1,NO_CONFLICT,UNIQUE_EXACT_NORMALISED_NAME_WITH_NO_CONFLICTING_REPOSITORY_EVIDENCE_AND_PLAUSIBLE_CHRONOLOGY,EDGEIQ-RA-RCOM-BRIDGE-A-v1,edgeiq_graphql_december_2025_results_v1.csv|edgeiq_graphql_january_2026_results_v1.csv|edgeiq_graphql_november_2025_results_v1.csv|public/data/edgeiq_current_horse_identity_crosswalk_v1.csv|public/data/edgeiq_daily_official_results_fact_v1.csv|public/data/edgeiq_historical_results_warehouse_v2_graphql.csv
RA_HORSE_33866057040,RCOM_HORSE_5350088,RCOM_HORSE_5350088,SHOWS NO SHAME,SHOWS NO SHAME,SHOWSNOSHAME,UNIQUE_EXACT_NAME_CONTINUITY,RESOLVED_UNIQUE_CONTINUITY,normalised_name|historical_horse_code|historical_row_count|trainer_continuity|chronology,candidate_count=1;historical_rows=12;first_date=2024-10-14;last_date=2026-06-19;trainer_match=NO,1,NO_CONFLICT,UNIQUE_EXACT_NORMALISED_NAME_WITH_NO_CONFLICTING_REPOSITORY_EVIDENCE_AND_PLAUSIBLE_CHRONOLOGY,EDGEIQ-RA-RCOM-BRIDGE-A-v1,edgeiq_graphql_december_2025_results_v1.csv|edgeiq_graphql_january_2026_results_v1.csv|edgeiq_graphql_june_2025_results_v1.csv|edgeiq_graphql_june_2026_results_v1.csv|edgeiq_graphql_may_2026_results_v1.csv|edgeiq_graphql_november_2025_results_v1.csv|edgeiq_graphql_october_2024_results_v1.csv|edgeiq_graphql_october_2025_results_v1.csv|public/data/edgeiq_current_horse_identity_crosswalk_v1.csv|public/data/edgeiq_daily_official_results_fact_v1.csv|public/data/edgeiq_historical_results_warehouse_v2_graphql.csv
RA_HORSE_33817670520,RCOM_HORSE_5342444,RCOM_HORSE_5342444,SUMALUV,SUMALUV,SUMALUV,UNIQUE_EXACT_NAME_CONTINUITY,RESOLVED_UNIQUE_CONTINUITY,normalised_name|historical_horse_code|historical_row_count|trainer_continuity|chronology,candidate_count=1;historical_rows=5;first_date=2025-07-31;last_date=2026-02-27;trainer_match=NO,1,NO_CONFLICT,UNIQUE_EXACT_NORMALISED_NAME_WITH_NO_CONFLICTING_REPOSITORY_EVIDENCE_AND_PLAUSIBLE_CHRONOLOGY,EDGEIQ-RA-RCOM-BRIDGE-A-v1,edgeiq_graphql_august_2025_results_v1.csv|edgeiq_graphql_february_2026_results_v1.csv|edgeiq_graphql_july_2025_results_v1.csv|public/data/edgeiq_current_horse_identity_crosswalk_v1.csv|public/data/edgeiq_daily_official_results_fact_v1.csv|public/data/edgeiq_historical_results_warehouse_v2_graphql.csv
RA_HORSE_33899549070,,RA_HORSE_33899549070,ACE HAZ,,ACEHAZ,UNRESOLVED,NO_CANDIDATE,normalised_name|historical_horse_code|historical_row_count|trainer_continuity|chronology,repository_name_candidate_count=0,0,NO_CANDIDATE,NO_RCOM_CANDIDATE_FOUND_IN_REPOSITORY_WIDE_EVIDENCE_INDEX,EDGEIQ-RA-RCOM-BRIDGE-A-v1,public/data/edgeiq_current_horse_identity_crosswalk_v1.csv|public/data/edgeiq_daily_official_results_fact_v1.csv
RA_HORSE_34009058070,RCOM_HORSE_5372679,RCOM_HORSE_5372679,CAPTIVATING MOON,CAPTIVATING MOON,CAPTIVATINGMOON,UNIQUE_EXACT_NAME_CONTINUITY,RESOLVED_UNIQUE_CONTINUITY,normalised_name|historical_horse_code|historical_row_count|trainer_continuity|chronology,candidate_count=1;historical_rows=1;first_date=2026-06-11;last_date=2026-06-11;trainer_match=NO,1,NO_CONFLICT,UNIQUE_EXACT_NORMALISED_NAME_WITH_NO_CONFLICTING_REPOSITORY_EVIDENCE_AND_PLAUSIBLE_CHRONOLOGY,EDGEIQ-RA-RCOM-BRIDGE-A-v1,edgeiq_graphql_june_2026_results_v1.csv|public/data/edgeiq_current_horse_identity_crosswalk_v1.csv|public/data/edgeiq_daily_official_results_fact_v1.csv|public/data/edgeiq_historical_results_warehouse_v2_graphql.csv
RA_HORSE_33966950910,,RA_HORSE_33966950910,JINKIES,,JINKIES,UNRESOLVED,NO_CANDIDATE,normalised_name|historical_horse_code|historical_row_count|trainer_continuity|chronology,repository_name_candidate_count=0,0,NO_CANDIDATE,NO_RCOM_CANDIDATE_FOUND_IN_REPOSITORY_WIDE_EVIDENCE_INDEX,EDGEIQ-RA-RCOM-BRIDGE-A-v1,public/data/edgeiq_current_horse_identity_crosswalk_v1.csv|public/data/edgeiq_daily_official_results_fact_v1.csv
RA_HORSE_34002633120,RCOM_HORSE_5371664,RCOM_HORSE_5371664,SOMERS GREEN,SOMERS GREEN,SOMERSGREEN,UNIQUE_EXACT_NAME_CONTINUITY,RESOLVED_UNIQUE_CONTINUITY,normalised_name|historical_horse_code|historical_row_count|trainer_continuity|chronology,candidate_count=1;historical_rows=1;first_date=2026-02-25;last_date=2026-02-25;trainer_match=NO,1,NO_CONFLICT,UNIQUE_EXACT_NORMALISED_NAME_WITH_NO_CONFLICTING_REPOSITORY_EVIDENCE_AND_PLAUSIBLE_CHRONOLOGY,EDGEIQ-RA-RCOM-BRIDGE-A-v1,edgeiq_graphql_february_2026_results_v1.csv|public/data/edgeiq_current_horse_identity_crosswalk_v1.csv|public/data/edgeiq_daily_official_results_fact_v1.csv|public/data/edgeiq_historical_results_warehouse_v2_graphql.csv
RA_HORSE_33905024520,,RA_HORSE_33905024520,CHALLENGING,,CHALLENGING,UNRESOLVED,NO_CANDIDATE,normalised_name|historical_horse_code|historical_row_count|trainer_continuity|chronology,repository_name_candidate_count=0,0,NO_CANDIDATE,NO_RCOM_CANDIDATE_FOUND_IN_REPOSITORY_WIDE_EVIDENCE_INDEX,EDGEIQ-RA-RCOM-BRIDGE-A-v1,public/data/edgeiq_current_horse_identity_crosswalk_v1.csv|public/data/edgeiq_daily_official_results_fact_v1.csv
RA_HORSE_33731715450,,RA_HORSE_33731715450,GLIDINGDEEL,,GLIDINGDEEL,UNRESOLVED,NO_CANDIDATE,normalised_name|historical_horse_code|historical_row_count|trainer_continuity|chronology,repository_name_candidate_count=0,0,NO_CANDIDATE,NO_RCOM_CANDIDATE_FOUND_IN_REPOSITORY_WIDE_EVIDENCE_INDEX,EDGEIQ-RA-RCOM-BRIDGE-A-v1,public/data/edgeiq_current_horse_identity_crosswalk_v1.csv|public/data/edgeiq_daily_official_results_fact_v1.csv
RA_HORSE_33820018950,RCOM_HORSE_5342815,RCOM_HORSE_5342815,IRONIC FORTUNE,IRONIC FORTUNE,IRONICFORTUNE,UNIQUE_EXACT_NAME_CONTINUITY,RESOLVED_UNIQUE_CONTINUITY,normalised_name|historical_horse_code|historical_row_count|trainer_continuity|chronology,candidate_count=1;historical_rows=7;first_date=2025-10-01;last_date=2026-03-27;trainer_match=NO,1,NO_CONFLICT,UNIQUE_EXACT_NORMALISED_NAME_WITH_NO_CONFLICTING_REPOSITORY_EVIDENCE_AND_PLAUSIBLE_CHRONOLOGY,EDGEIQ-RA-RCOM-BRIDGE-A-v1,edgeiq_graphql_february_2026_results_v1.csv|edgeiq_graphql_january_2026_results_v1.csv|edgeiq_graphql_march_2026_results_v1.csv|edgeiq_graphql_october_2025_results_v1.csv|public/data/edgeiq_current_horse_identity_crosswalk_v1.csv|public/data/edgeiq_daily_official_results_fact_v1.csv|public/data/edgeiq_historical_results_warehouse_v2_graphql.csv
RA_HORSE_33774354330,,RA_HORSE_33774354330,LOVABLE RASCAL,,LOVABLERASCAL,UNRESOLVED,NO_CANDIDATE,normalised_name|historical_horse_code|historical_row_count|trainer_continuity|chronology,repository_name_candidate_count=0,0,NO_CANDIDATE,NO_RCOM_CANDIDATE_FOUND_IN_REPOSITORY_WIDE_EVIDENCE_INDEX,EDGEIQ-RA-RCOM-BRIDGE-A-v1,public/data/edgeiq_current_horse_identity_crosswalk_v1.csv|public/data/edgeiq_daily_official_results_fact_v1.csv
RA_HORSE_33849795270,RCOM_HORSE_5347519,RCOM_HORSE_5347519,MYSTERIOUS MASTER,MYSTERIOUS MASTER,MYSTERIOUSMASTER,UNIQUE_EXACT_NAME_CONTINUITY,RESOLVED_UNIQUE_CONTINUITY,normalised_name|historical_horse_code|historical_row_count|trainer_continuity|chronology,candidate_count=1;historical_rows=1;first_date=2026-05-11;last_date=2026-05-11;trainer_match=NO,1,NO_CONFLICT,UNIQUE_EXACT_NORMALISED_NAME_WITH_NO_CONFLICTING_REPOSITORY_EVIDENCE_AND_PLAUSIBLE_CHRONOLOGY,EDGEIQ-RA-RCOM-BRIDGE-A-v1,edgeiq_graphql_may_2026_results_v1.csv|public/data/edgeiq_current_horse_identity_crosswalk_v1.csv|public/data/edgeiq_daily_official_results_fact_v1.csv|public/data/edgeiq_historical_results_warehouse_v2_graphql.csv
RA_HORSE_33817005870,,RA_HORSE_33817005870,SURVIVING STAR,,SURVIVINGSTAR,UNRESOLVED,NO_CANDIDATE,normalised_name|historical_horse_code|historical_row_count|trainer_continuity|chronology,repository_name_candidate_count=0,0,NO_CANDIDATE,NO_RCOM_CANDIDATE_FOUND_IN_REPOSITORY_WIDE_EVIDENCE_INDEX,EDGEIQ-RA-RCOM-BRIDGE-A-v1,public/data/edgeiq_current_horse_identity_crosswalk_v1.csv|public/data/edgeiq_daily_official_results_fact_v1.csv
RA_HORSE_33720682260,,RA_HORSE_33720682260,KUHEYLAN,,KUHEYLAN,UNRESOLVED,NO_CANDIDATE,normalised_name|historical_horse_code|historical_row_count|trainer_continuity|chronology,repository_name_candidate_count=0,0,NO_CANDIDATE,NO_RCOM_CANDIDATE_FOUND_IN_REPOSITORY_WIDE_EVIDENCE_INDEX,EDGEIQ-RA-RCOM-BRIDGE-A-v1,public/data/edgeiq_current_horse_identity_crosswalk_v1.csv|public/data/edgeiq_daily_official_results_fact_v1.csv
RA_HORSE_33803269770,RCOM_HORSE_5340169,RCOM_HORSE_5340169,SHE’S LOADED,SHE'S LOADED,SHESLOADED,UNIQUE_EXACT_NAME_CONTINUITY,RESOLVED_UNIQUE_CONTINUITY,normalised_name|historical_horse_code|historical_row_count|trainer_continuity|chronology,candidate_count=1;historical_rows=9;first_date=2024-10-05;last_date=2026-03-05;trainer_match=NO,1,NO_CONFLICT,UNIQUE_EXACT_NORMALISED_NAME_WITH_NO_CONFLICTING_REPOSITORY_EVIDENCE_AND_PLAUSIBLE_CHRONOLOGY,EDGEIQ-RA-RCOM-BRIDGE-A-v1,edgeiq_graphql_february_2026_results_v1.csv|edgeiq_graphql_january_2026_results_v1.csv|edgeiq_graphql_july_2025_results_v1.csv|edgeiq_graphql_june_2025_results_v1.csv|edgeiq_graphql_march_2026_results_v1.csv|edgeiq_graphql_november_2024_results_v1.csv|edgeiq_graphql_october_2024_results_v1.csv|public/data/edgeiq_current_horse_identity_crosswalk_v1.csv|public/data/edgeiq_daily_official_results_fact_v1.csv|public/data/edgeiq_historical_results_warehouse_v2_graphql.csv
