raceDate,meeting,raceNumber,runnerNumber,runnerName,rating,epi,marketPrice,edgeiqPrice,earlySpeed,suitability,raceShape,lateSpeed,formMomentum,preparationProfile,sectionalRunMatches,benchmarkRunMatches
2026-08-22,Sandown Hillside,1,1,Eurocanto,,35.55,19.0,36.96,58.1,,,40.1,,YES,4,4
2026-08-22,Sandown Hillside,1,2,Hydrobomb,,32.525,11.0,116.75,57.8,61.1,NEUTRAL,37.0,-1.2,YES,3,3
2026-08-22,Sandown Hillside,1,3,Milsons Point,,33.275,10.9,79.18,58.2,55.8,MAP_ADVANTAGE,33.8,-7.7,YES,4,4
2026-08-22,Sandown Hillside,1,4,Torture,,61.97,26.0,3.28,57.2,,,45.1,,YES,3,3
2026-08-22,Sandown Hillside,1,5,Commit,,43.225,4.1,10.99,59.4,60.5,MAP_ADVANTAGE,64.08,-2.7,YES,3,3
2026-08-22,Sandown Hillside,1,6,Vallice,,79.61,3.2,1.81,54.97,70.4,CLOSING_SETUP,61.49,0.4,YES,2,2
2026-08-22,Sandown Hillside,1,7,Glide,,,11.0,,,,,,,,0,0
2026-08-22,Sandown Hillside,1,8,Judas Tree,,,5.6,,,,,,,YES,0,0
2026-08-22,Sandown Hillside,1,9,Autumn Lover,,31.275,10.9,348.91,56.6,,,27.8,,YES,3,3
2026-08-22,Sandown Hillside,1,10,Madame Doubtfire,,,109.3,,,,,,,YES,0,0
2026-08-22,Sandown Hillside,2,1,Prestige Forever,,66.49,73.0,12.36,57.7,57.7,NEUTRAL,44.7,0.2,YES,6,6
2026-08-22,Sandown Hillside,2,2,Itazura,,42.7,7.0,46.24,56.8,,,50.3,,YES,10,10
2026-08-22,Sandown Hillside,2,3,Thinxzo,,70.25,35.0,10.88,58.4,,,47.7,,YES,14,14
2026-08-22,Sandown Hillside,2,4,Buccleuch,,53.625,9.8,21.53,57.5,54.0,NEUTRAL,45.0,-5.3,YES,7,7
2026-08-22,Sandown Hillside,2,5,Cruiserweight,,,2.1,,,,,,,YES,1,1
2026-08-22,Sandown Hillside,2,6,Nic's Choice,,46.925,11.0,32.64,56.3,58.9,CLOSING_SETUP,52.2,-2.0,YES,18,18
2026-08-22,Sandown Hillside,2,7,Impending Link,,51.7,31.0,23.96,57.0,,,48.3,,YES,32,32
2026-08-22,Sandown Hillside,2,8,Le Ferrari,,49.925,60.7,26.66,59.0,,,37.2,,YES,35,35
2026-08-22,Sandown Hillside,2,9,Two Wolves,,43.075,9.0,44.66,56.9,54.6,CLOSING_SETUP,53.4,0.4,YES,6,6
2026-08-22,Sandown Hillside,2,10,Cherish Me,,52.0,8.4,23.55,57.5,52.7,NEUTRAL,46.1,-1.0,YES,8,8
2026-08-22,Sandown Hillside,2,11,Fear No Evil,,29.35,11.0,1685.57,58.5,57.0,PRESSURE_RISK,31.6,-4.1,YES,6,6
2026-08-22,Sandown Hillside,2,12,Humza Bey,,65.47,7.0,12.82,,,,,,YES,2,2
2026-08-22,Sandown Hillside,2,13,I Am Velvet,,64.3,13.9,13.38,58.0,57.8,PRESSURE_RISK,36.0,-1.6,YES,11,11
2026-08-22,Sandown Hillside,2,14,He's Beset,,30.825,,495.93,57.1,,,47.1,,YES,11,11
2026-08-22,Sandown Hillside,2,15,Keane Enuff,,72.98,78.8,9.99,56.6,,,52.0,,YES,30,30
2026-08-22,Sandown Hillside,2,16,Barking Mad,,53.61,16.0,21.55,56.6904,,,57.552,,YES,0,0
2026-08-22,Sandown Hillside,2,17,Camp Cable,,64.86,79.2,13.11,54.9,,,43.5,,YES,13,13
2026-08-22,Sandown Hillside,2,18,Stay Humble,,84.35,26.0,7.36,57.2,,,39.4,,YES,10,10
2026-08-22,Sandown Hillside,2,19,Touxlove,,62.73,35.0,14.21,57.7471,56.0,NEUTRAL,55.5501,0.6,YES,15,15
2026-08-22,Sandown Hillside,3,1,Smokin' Romans,,11.675,7.5,66.91,56.1,54.7,NEUTRAL,37.5,-1.0,YES,43,43
2026-08-22,Sandown Hillside,3,2,Brayden Star,,39.875,21.0,13.77,55.7,55.2,NEUTRAL,45.0,-6.0,YES,29,29
2026-08-22,Sandown Hillside,3,3,Chief Little Rock,,,79.3,,60.91,53.3,MAP_ADVANTAGE,56.95,-7.8,YES,1,1
2026-08-22,Sandown Hillside,3,4,Diwali,,0.0,16.2,2062.75,55.6,54.2,NEUTRAL,48.1,-1.3,YES,18,18
2026-08-22,Sandown Hillside,3,5,Go Daddy,,73.53,21.3,6.12,55.3,52.1,NEUTRAL,65.7,-3.7,YES,8,8
2026-08-22,Sandown Hillside,3,6,Nearco Frod,,77.43,2.7,5.71,54.7,55.7,NEEDS_TEMPO,58.6,-2.8,YES,4,4
2026-08-22,Sandown Hillside,3,7,Smokin' Princess,,23.6875,26.0,27.2,54.3,51.4,NEEDS_TEMPO,50.5,1.4,YES,27,27
2026-08-22,Sandown Hillside,3,8,Tempesti,,67.11,17.0,6.91,54.1,57.4,NEEDS_TEMPO,62.5,-4.2,YES,7,7
2026-08-22,Sandown Hillside,3,9,Think Giant,,,5.3,,,,,,,,0,0
2026-08-22,Sandown Hillside,3,10,Beach Pad,,67.525,12.0,6.86,57.96,50.0,MAP_ADVANTAGE,56.77,1.4,YES,3,3
2026-08-22,Sandown Hillside,3,11,Urban Outlook,,100.0,34.0,4.06,54.3,,,48.7,,YES,8,8
2026-08-22,Sandown Hillside,4,1,Regal Zeus,,71.725,12.0,4.42,59.0,60.9,MAP_ADVANTAGE,42.5,-2.2,YES,31,31
2026-08-22,Sandown Hillside,4,2,Run Harry Run,,50.8,5.0,6.99,58.2,,,36.3,,YES,20,20
2026-08-22,Sandown Hillside,4,3,Craig,,51.37,6.5,6.89,57.3,,,60.7,,YES,10,10
2026-08-22,Sandown Hillside,4,4,Freedom Rally,,15.6625,14.0,32.32,57.5,49.0,NEUTRAL,35.7,-3.2,YES,5,5
2026-08-22,Sandown Hillside,4,5,First Chorus,,79.1,2.8,3.88,56.3,61.8,CLOSING_SETUP,50.0,-2.7,YES,16,16
2026-08-22,Sandown Hillside,4,6,Justadeel,,64.5,3.2,5.09,57.0,60.0,CLOSING_SETUP,60.1,-3.4,YES,14,14
2026-08-22,Sandown Hillside,4,7,Asva,,,17.4,,,,,,,YES,0,0
2026-08-22,Sandown Hillside,4,8,St Lawrence,,0.0,12.6,1441.71,57.2,50.7,CLOSING_SETUP,43.7,-2.1,YES,15,15
2026-08-22,Sandown Hillside,5,1,Unit Five,,36.675,12.5,13.6,58.3,,,36.1,,YES,2,2
2026-08-22,Sandown Hillside,5,2,Incognito,,,3.3,,,,,,,,0,0
2026-08-22,Sandown Hillside,5,3,Divine Dot,,59.25,9.0,5.04,58.4,68.4,NEUTRAL,27.6,0.8,YES,5,5
2026-08-22,Sandown Hillside,5,4,Hellfire Jess,,16.875,34.0,818.31,56.56,,,59.94,,YES,2,2
2026-08-22,Sandown Hillside,5,5,Jacaranda,,44.1,13.0,9.01,57.85,58.2,CLOSING_SETUP,64.62,-0.6,YES,2,2
2026-08-22,Sandown Hillside,5,6,Mull Of Kintyre,,66.75,7.0,4.07,,,,,,YES,1,1
2026-08-22,Sandown Hillside,5,7,One Day At A Time,,34.95,10.0,15.29,59.11,,PRESSURE_RISK,62.21,,YES,1,1
2026-08-22,Sandown Hillside,5,8,Oxley Tycoon,,47.37,17.0,7.77,58.18,60.2,CLOSING_SETUP,57.92,,YES,1,1
2026-08-22,Sandown Hillside,5,9,Shooting Brake,,46.25,9.5,8.16,58.3,58.7,NEUTRAL,50.9,7.1,YES,3,3
2026-08-22,Sandown Hillside,5,10,Somers Green,,,14.5,,58.6696,63.4,PRESSURE_RISK,62.2332,,YES,1,1
2026-08-22,Sandown Hillside,5,11,Calamari Ring,,19.125,10.1,166.68,58.72,,PRESSURE_RISK,50.0,,YES,2,2
2026-08-22,Sandown Hillside,5,12,Buggsy,,30.85,5.6,21.19,57.6,75.0,CLOSING_SETUP,34.1,7.3,YES,3,3
2026-08-22,Sandown Hillside,6,1,Saluted,,79.99,9.4,8.44,60.4,58.9,PRESSURE_RISK,47.0,1.8,YES,11,11
2026-08-22,Sandown Hillside,6,2,Per Sempre,,36.25,7.6,48.34,57.6,59.6,NEUTRAL,41.3,1.7,YES,29,29
2026-08-22,Sandown Hillside,6,3,She's My Ex,,85.94,11.2,7.43,57.9,,,40.1,,YES,5,5
2026-08-22,Sandown Hillside,6,4,Body Of Venus,,66.04,67.0,12.04,57.1,,,35.7,,YES,5,5
2026-08-22,Sandown Hillside,6,5,Mrs Archibald,,72.35,23.1,10.14,59.1,56.1,PRESSURE_RISK,39.2,-2.3,YES,23,23
2026-08-22,Sandown Hillside,6,6,Semelle Rouge,,47.64,32.0,23.84,57.3,53.2,CLOSING_SETUP,36.5,-0.8,YES,6,6
2026-08-22,Sandown Hillside,6,7,Vain Champagne,,54.475,16.7,17.74,56.1,,,49.5,,YES,8,8
2026-08-22,Sandown Hillside,6,8,No Limitation,,43.3,4.8,29.94,59.4,54.5,PRESSURE_RISK,34.5,-0.7,YES,7,7
2026-08-22,Sandown Hillside,6,9,Silver Cliff,,63.22,67.1,13.11,56.9,55.8,CLOSING_SETUP,42.6,-0.4,YES,15,15
2026-08-22,Sandown Hillside,6,10,Egerton,,34.925,31.0,54.11,57.3,,,48.9,,YES,13,13
2026-08-22,Sandown Hillside,6,11,Set Me Loose,,31.75,3.9,74.2,55.8,60.3,CLOSING_SETUP,60.6,-4.8,YES,2,2
2026-08-22,Sandown Hillside,6,12,Wicked Storm,,26.125,40.2,173.41,58.97,,,60.95,,YES,6,6
2026-08-22,Sandown Hillside,6,13,Coco De Luxe,,44.52,35.0,27.97,,,,,,YES,1,1
2026-08-22,Sandown Hillside,6,14,Conscience,,51.2,2.3,20.28,57.6,63.5,NEUTRAL,46.2,-0.7,YES,5,5
2026-08-22,Sandown Hillside,6,15,Final Moment,,82.75,13.0,7.95,58.8,61.7,NEUTRAL,48.3,-1.8,YES,10,10
2026-08-22,Sandown Hillside,6,16,Miss Cotoletta,,67.86,13.0,11.43,57.5,52.8,CLOSING_SETUP,40.1,-0.7,YES,10,10
2026-08-22,Sandown Hillside,6,17,All Pink,,20.7,59.6,2136.52,59.0,47.0,PRESSURE_RISK,28.7,-3.2,YES,7,7
2026-08-22,Sandown Hillside,7,1,Hedged,,67.35,7.2,6.89,57.4,58.4,CLOSING_SETUP,50.6,-3.6,YES,19,19
2026-08-22,Sandown Hillside,7,2,Ole Dancer,,42.725,8.1,549.05,56.2,,,60.1,,YES,5,5
2026-08-22,Sandown Hillside,7,3,Klabel,,44.25,52.8,157.24,57.2,57.5,CLOSING_SETUP,41.9,0.9,YES,8,8
2026-08-22,Sandown Hillside,7,4,Losesomewinmore,,51.75,9.0,24.44,55.1,59.7,CLOSING_SETUP,56.0,0.7,YES,10,10
2026-08-22,Sandown Hillside,7,5,Beast Mode,,53.875,6.0,18.86,60.0,63.9,PRESSURE_RISK,42.2,-0.5,YES,17,17
2026-08-22,Sandown Hillside,7,6,Along The River,,82.84,41.0,3.64,59.7,,,47.8,,YES,42,42
2026-08-22,Sandown Hillside,7,7,Cavalry Girl,,74.18,2.6,5.0,59.5,58.3,NEUTRAL,44.9,-2.7,YES,13,13
2026-08-22,Sandown Hillside,7,8,Stokke,,56.875,26.0,14.0,59.9,63.5,PRESSURE_RISK,49.6,-1.0,YES,11,11
2026-08-22,Sandown Hillside,7,9,Extragalactic,,65.2,7.7,7.75,58.5,,,56.8,,YES,5,5
2026-08-22,Sandown Hillside,7,10,Bazaball Rewarded,,53.875,17.2,18.86,59.6,69.0,NEUTRAL,52.5,-4.9,YES,18,18
2026-08-22,Sandown Hillside,7,11,Signature Scent,,48.55,7.3,41.07,57.4,56.1,CLOSING_SETUP,43.6,-5.2,YES,6,6
2026-08-22,Sandown Hillside,8,1,Carbonados,,51.74,15.0,10.79,56.7,54.4,CLOSING_SETUP,45.5,-4.1,YES,16,16
2026-08-22,Sandown Hillside,8,2,Tennessee Bound,,54.25,2.9,9.68,59.5,67.7,PRESSURE_RISK,62.8,-1.0,YES,5,5
2026-08-22,Sandown Hillside,8,3,Elouyou,,48.5,11.0,12.58,57.2,,,45.0,,YES,17,17
2026-08-22,Sandown Hillside,8,4,Piastri,,44.125,11.0,16.0,58.7,57.2,NEUTRAL,48.5,-2.3,YES,12,12
2026-08-22,Sandown Hillside,8,5,Betwitchery,,54.275,19.0,9.67,58.4,,,41.3,,YES,18,18
2026-08-22,Sandown Hillside,8,6,Moby Dick,,48.75,7.3,12.43,56.2,57.7,CLOSING_SETUP,49.9,1.3,YES,25,25
2026-08-22,Sandown Hillside,8,7,Gold Coast Belle,,90.27,3.0,3.54,57.0,57.0,CLOSING_SETUP,46.2,2.4,YES,10,10
2026-08-22,Sandown Hillside,8,8,Rhapsody Chic,,22.65,28.7,1068.6,56.7,66.8,CLOSING_SETUP,48.7,-0.3,YES,11,11
2026-08-22,Sandown Hillside,8,9,Romantic Encounter,,49.075,13.0,12.23,58.8,60.1,PRESSURE_RISK,36.9,-2.7,YES,16,16
2026-08-22,Sandown Hillside,8,10,Victorious Spirit,,56.575,9.0,8.82,58.3,,,50.8,,YES,5,5
2026-08-22,Sandown Hillside,9,1,The Pendragon,,56.4,31.8,11.71,58.0,,,40.7,,YES,6,6
2026-08-22,Sandown Hillside,9,2,Unbelievable,,,16.0,,,,,,,,0,0
2026-08-22,Sandown Hillside,9,3,New York Hurricane,,76.56,61.0,7.8,57.0,,,32.2,,YES,39,39
2026-08-22,Sandown Hillside,9,4,Ziryab,,63.7625,57.1,9.95,57.7,51.2,MAP_ADVANTAGE,38.2,-2.3,YES,16,16
2026-08-22,Sandown Hillside,9,5,Makdane,,70.0,11.9,8.78,56.4,61.3,CLOSING_SETUP,44.2,-3.5,YES,20,20
2026-08-22,Sandown Hillside,9,6,Farhh Flung,,64.55,21.0,9.78,56.8,,,51.1,,YES,42,42
2026-08-22,Sandown Hillside,9,7,Mukhtalif,,9.675,6.2,113.4,58.1,51.1,MAP_ADVANTAGE,28.6,1.9,YES,3,3
2026-08-22,Sandown Hillside,9,8,Somewhere,,12.8125,8.5,80.09,56.9,54.2,NEUTRAL,38.2,-4.6,YES,10,10
2026-08-22,Sandown Hillside,9,9,Stay Silent,,70.25,14.0,8.74,56.6,55.5,CLOSING_SETUP,44.8,-1.2,YES,17,17
2026-08-22,Sandown Hillside,9,10,Dictionary,,45.16,75.6,15.71,56.4,53.2,CLOSING_SETUP,45.0,-3.7,YES,33,33
2026-08-22,Sandown Hillside,9,11,Furious,,31.6,10.7,25.12,56.2,58.6,CLOSING_SETUP,50.2,0.9,YES,8,8
2026-08-22,Sandown Hillside,9,12,Supernima,,27.5,9.0,30.12,58.3,53.1,MAP_ADVANTAGE,46.6,2.3,YES,20,20
2026-08-22,Sandown Hillside,9,13,Currawood,,,71.0,,,,,,,YES,1,1
2026-08-22,Sandown Hillside,9,14,Just Too Fly,,43.75,13.4,16.38,,,,,,YES,0,0
2026-08-22,Sandown Hillside,9,15,Lovelycut,,0.0,10.6,2772.85,57.0,57.2,NEUTRAL,48.6,-2.6,YES,14,14
2026-08-22,Sandown Hillside,9,16,Elsie May,,13.45,69.2,75.35,55.7,,,47.0,,YES,20,20
2026-08-22,Sandown Hillside,9,17,Castle On High,,0.0,19.0,2772.85,57.2,62.1,NEUTRAL,45.4,-4.2,YES,13,13
2026-08-22,Sandown Hillside,9,18,Male Model,,73.9,23.7,8.17,55.0,53.1,CLOSING_SETUP,51.0,-1.4,YES,22,22
2026-08-23,Wangaratta,1,1,All Too Swift,,50.2,51.0,9.39,,48.4,,,4.0,YES,2,2
2026-08-23,Wangaratta,1,2,Churchill Lane,,76.44,17.0,5.37,57.49,50.3,MAP_ADVANTAGE,56.66,-3.3,YES,9,9
2026-08-23,Wangaratta,1,3,Determinato,,48.9,3.8,9.72,55.8,58.5,NEUTRAL,60.4,-2.1,YES,8,8
2026-08-23,Wangaratta,1,4,King Kauffo,,34.79,23.0,15.23,,51.0,,,-1.1,YES,9,9
2026-08-23,Wangaratta,1,5,Masakari,,54.35,4.4,8.45,,58.0,,,4.2,YES,3,3
2026-08-23,Wangaratta,1,6,Prestige Zerprise,,46.67,4.2,10.34,57.7,55.1,MAP_ADVANTAGE,58.1,0.8,YES,4,4
2026-08-23,Wangaratta,1,7,Unoyaself,,49.2875,4.0,9.62,,,,,,YES,1,1
2026-08-23,Wangaratta,1,8,Ive Got The Power,,0.0,61.0,1906.54,55.2,50.2,NEUTRAL,33.3,0.5,YES,12,12
2026-08-23,Wangaratta,1,9,Misil Beauty,,,26.0,,,47.2,,,5.1,YES,1,1
2026-08-23,Wangaratta,1,10,Pride Of Mandy,,54.98,6.0,8.33,56.4,,,46.5,,YES,5,5
2026-08-23,Wangaratta,1,11,Sharp Remark,,,14.0,,,,,,,,0,0
2026-08-23,Wangaratta,1,12,Shes A Good Cause,,6.05,51.0,136.52,56.12,55.4,NEUTRAL,56.12,-0.0,YES,3,3
2026-08-23,Wangaratta,1,13,Thinking Positive,,44.94,15.0,10.87,56.7492,53.5,MAP_ADVANTAGE,59.0649,-2.6,YES,3,3
2026-08-23,Wangaratta,2,1,Barrett Reef,,,81.0,,,50.8,,,,,0,0
2026-08-23,Wangaratta,2,2,Kokonda,,59.4,4.0,7.2,58.7,49.9,MAP_ADVANTAGE,46.3,-1.6,YES,5,5
2026-08-23,Wangaratta,2,3,Skilled Sailor,,73.32,26.0,4.8,55.3,50.5,CLOSING_SETUP,36.4,-1.1,YES,6,6
2026-08-23,Wangaratta,2,4,The Archer,,28.475,19.0,54.82,56.3,52.1,NEUTRAL,61.1444,0.2,YES,8,8
2026-08-23,Wangaratta,2,5,Cosmic Command,,53.29,16.0,9.01,57.4,53.2,MAP_ADVANTAGE,58.7,-1.5,YES,1,1
2026-08-23,Wangaratta,2,6,Hot Spirit,,47.87,18.0,11.43,57.82,51.8,MAP_ADVANTAGE,59.4,-1.8,YES,6,6
2026-08-23,Wangaratta,2,7,I'lluvyoulongtime,,,126.0,,,,,,,,0,0
2026-08-23,Wangaratta,2,8,I'mfallinforyou,,57.21,12.0,7.77,56.3,55.0,NEUTRAL,59.7,-1.4,YES,8,8
2026-08-23,Wangaratta,2,9,Sister's Run,,20.64,23.0,1038.36,58.0155,54.8,MAP_ADVANTAGE,58.7377,0.8,YES,0,0
2026-08-23,Wangaratta,2,10,Xuxa Kiss,,50.825,5.5,9.99,56.9,57.6,NEUTRAL,63.3,-0.0,YES,3,3
2026-08-23,Wangaratta,2,11,You Said What,,22.0125,4.4,323.46,54.5,57.9,CLOSING_SETUP,60.4,-1.0,YES,8,8
2026-08-23,Wangaratta,2,12,Gilgeous,,,5.5,,,,,,,,0,0
2026-08-23,Wangaratta,2,13,The Cellist,,46.27,17.0,12.36,52.85,52.9,CLOSING_SETUP,63.61,,YES,2,2
2026-08-23,Wangaratta,2,14,Rock The Vendi,,,14.0,,56.4389,,,60.2968,,,0,0
2026-08-23,Wangaratta,2,15,Fierce Ruby,,,61.0,,55.4074,57.0,NEUTRAL,60.5278,,,0,0
2026-08-23,Wangaratta,2,16,Aniketos,,,126.0,,,,,,,,0,0
2026-08-23,Wangaratta,2,17,Lull Us Away,,31.2875,126.0,37.75,,48.7,,,,YES,1,1
2026-08-23,Wangaratta,2,18,Okeah,,49.79,71.0,10.45,53.6,50.4,CLOSING_SETUP,54.3,-1.5,YES,3,3
2026-08-23,Wangaratta,3,1,Adieu Grasse,,38.41,41.0,6.46,,53.2,,,-3.1,YES,4,4
2026-08-23,Wangaratta,3,2,Flood The Bar,,32.85,81.0,9.61,,46.2,,,-1.5,YES,2,2
2026-08-23,Wangaratta,3,3,Kensington City,,20.1,11.0,75.78,,50.0,,,-1.8,YES,5,5
2026-08-23,Wangaratta,3,4,Opinion Leader,,,19.0,,,,,,,YES,2,2
2026-08-23,Wangaratta,3,5,Bourdeto,,17.575,8.0,415.17,58.2,52.9,MAP_ADVANTAGE,25.1,-1.3,YES,3,3
2026-08-23,Wangaratta,3,6,He Xiangu,,,23.0,,,52.2,,,-3.1,YES,1,1
2026-08-23,Wangaratta,3,7,Miss Navratilova,,47.95,6.5,3.96,,50.0,,,-0.9,YES,6,6
2026-08-23,Wangaratta,3,8,Naughty Jamie,,,7.5,,58.569,57.6,MAP_ADVANTAGE,62.8376,,,0,0
2026-08-23,Wangaratta,3,9,Some Comfort,,,17.0,,,,,,,,0,0
2026-08-23,Wangaratta,3,10,Cha Ching King,,,1.8,,,,,,,,0,0
2026-08-23,Wangaratta,3,11,Tallingas Avanti,,,19.0,,,,,,,,0,0
2026-08-23,Wangaratta,3,12,Agoraphobic,,66.54,8.5,2.11,57.0,,,62.6,,YES,8,8
2026-08-23,Wangaratta,4,1,Brazen Martini,,42.7875,34.0,13.27,57.28,54.5,MAP_ADVANTAGE,58.93,0.0,YES,8,8
2026-08-23,Wangaratta,4,2,Cries And Whispers,,52.66,4.8,9.01,57.56,59.6,MAP_ADVANTAGE,60.84,-0.5,YES,3,3
2026-08-23,Wangaratta,4,3,Tallingas Wisdom,,,16.0,,,,,,,,0,0
2026-08-23,Wangaratta,4,4,True Beauty,,,81.0,,,,,,,,0,0
2026-08-23,Wangaratta,4,5,Ying Moon,,,21.0,,,,,,,,0,0
2026-08-23,Wangaratta,4,6,Blue Valentine,,58.74,16.0,7.43,,52.2,,,-0.4,YES,3,3
2026-08-23,Wangaratta,4,7,Frosted Amber,,54.925,10.0,8.36,,58.1,,,-1.8,YES,5,5
2026-08-23,Wangaratta,4,8,Groan,,,19.0,,,,,,,,0,0
2026-08-23,Wangaratta,4,9,Love Wine,,,31.0,,,,,,,,0,0
2026-08-23,Wangaratta,4,10,Shows No Shame,,58.5,16.0,7.48,56.1,54.7,NEUTRAL,62.1,-3.9,YES,8,8
2026-08-23,Wangaratta,4,11,Snitchy,,30.725,8.5,26.83,53.89,56.3,NEUTRAL,65.02,1.2,YES,5,5
2026-08-23,Wangaratta,4,12,Cultural Interest,,,7.0,,,,,,,,0,0
2026-08-23,Wangaratta,4,13,Jourama,,37.55,3.0,17.25,58.57,54.9,MAP_ADVANTAGE,60.88,,YES,1,1
2026-08-23,Wangaratta,4,14,Whimsy Smile,,45.975,2.25,11.57,53.53,,,65.05,,YES,2,2
2026-08-23,Wangaratta,4,15,Mulgowie,,40.975,61.0,14.45,,47.7,,,-0.8,YES,4,4
2026-08-23,Wangaratta,4,16,Wunderlust,,14.1,81.0,1291.02,57.4452,55.0,MAP_ADVANTAGE,61.7597,-3.4,YES,4,4
2026-08-23,Wangaratta,4,17,Rock It Fuel,,26.425,51.0,39.14,54.29,,,65.09,,YES,2,2
2026-08-23,Wangaratta,4,18,Coachella Lass,,27.0,34.0,36.97,,50.8,,,-0.9,YES,3,3
2026-08-23,Wangaratta,4,19,Valorada,,55.36,71.0,8.24,54.83,50.1,NEUTRAL,59.94,-1.8,YES,6,6
2026-08-23,Wangaratta,5,1,Paparazzo,,63.01,7.5,10.94,57.0,54.9,CLOSING_SETUP,60.48,-1.0,YES,14,14
2026-08-23,Wangaratta,5,2,Raven's Silver,,49.1,6.0,24.04,57.1,65.0,CLOSING_SETUP,61.09,-2.2,YES,21,21
2026-08-23,Wangaratta,5,3,Chicago Blues,,37.925,3.8,94.03,58.7,55.5,PRESSURE_RISK,39.6,-6.1,YES,5,5
2026-08-23,Wangaratta,5,4,Shelly's Legacy,,80.89,14.0,5.96,,62.6,,,-2.7,YES,9,9
2026-08-23,Wangaratta,5,5,Moonbird,,44.275,16.0,37.08,,59.0,,,-5.6,YES,20,20
2026-08-23,Wangaratta,5,6,Racetothebottom,,42.73,8.0,44.14,,61.7,,,-4.2,YES,6,6
2026-08-23,Wangaratta,5,7,Kentahten,,32.525,17.0,1152.35,64.5,61.1,PRESSURE_RISK,60.21,-1.0,YES,32,32
2026-08-23,Wangaratta,5,8,Listening Is Doing,,66.53,13.0,9.48,58.7,48.7,NEUTRAL,34.2,-0.9,YES,9,9
2026-08-23,Wangaratta,5,9,Meet Me Halfway,,74.72,8.0,7.14,58.5,,,64.6,,YES,5,5
2026-08-23,Wangaratta,5,10,Densetsu,,82.21,23.0,5.75,58.049,56.4,NEUTRAL,60.2776,-2.2,YES,9,9
2026-08-23,Wangaratta,5,11,Novel Approach,,51.96,12.0,19.61,,48.8,,,-2.1,YES,8,8
2026-08-23,Wangaratta,5,12,Raging Monkey,,61.48,20.0,11.7,59.3,51.4,PRESSURE_RISK,42.1,-3.4,YES,62,62
2026-08-23,Wangaratta,5,13,Miss Himalaya,,33.525,8.5,452.06,57.3949,55.7,NEUTRAL,61.8482,-3.6,YES,34,34
2026-08-23,Wangaratta,5,14,Balgowan,,60.14,34.0,12.45,56.9,51.4,CLOSING_SETUP,32.8,-0.2,YES,27,27
2026-08-23,Wangaratta,6,1,Sabertooth,,56.35,9.5,13.62,57.74,58.6,MAP_ADVANTAGE,61.96,-3.7,YES,3,3
2026-08-23,Wangaratta,6,2,Black Adam,,66.53,23.0,7.42,,56.9,,,2.9,YES,12,12
2026-08-23,Wangaratta,6,3,Eire To The Jungle,,68.28,21.0,6.84,57.9,56.4,MAP_ADVANTAGE,59.3285,-0.1,YES,15,15
2026-08-23,Wangaratta,6,4,Jumpinmycar,,52.42,7.5,19.02,57.4,55.3,NEUTRAL,58.4,-0.0,YES,9,9
2026-08-23,Wangaratta,6,5,Royal Infantry,,62.56,11.0,9.12,55.0,56.0,NEEDS_TEMPO,44.5,3.7,YES,11,11
2026-08-23,Wangaratta,6,6,Hell's Itch,,50.71,35.0,22.68,,,,,,YES,0,0
2026-08-23,Wangaratta,6,7,Lord Porchester,,47.73,35.0,33.01,56.16,58.1,NEEDS_TEMPO,61.45,-3.5,YES,23,23
2026-08-23,Wangaratta,6,8,Turnaquid,,66.625,12.0,7.39,55.6,61.6,NEEDS_TEMPO,57.7,-4.2,YES,34,34
2026-08-23,Wangaratta,6,9,Brutify,,52.69,4.8,18.54,54.25,57.9,NEEDS_TEMPO,63.22,-3.0,YES,12,12
2026-08-23,Wangaratta,6,10,Jingu Express,,39.425,27.0,670.43,,59.2,,,-3.1,YES,17,17
2026-08-23,Wangaratta,6,11,King's Taj,,50.9,29.0,22.22,56.5,64.3,NEUTRAL,52.5,-1.7,YES,25,25
2026-08-23,Wangaratta,6,12,Karumba Girl,,50.13,26.0,24.21,57.49,57.9,NEUTRAL,58.32,-1.4,YES,8,8
2026-08-23,Wangaratta,6,13,Baby Blue,,,4.2,,58.787,,MAP_ADVANTAGE,60.1698,,YES,1,1
2026-08-23,Wangaratta,6,14,Friendzoned,,46.35,4.8,40.99,56.7,54.4,NEUTRAL,35.8,0.6,YES,10,10
2026-08-23,Wangaratta,6,15,Mishima,,62.2,16.0,9.3,57.6,57.2,NEUTRAL,32.1,-6.3,YES,29,29
2026-08-23,Wangaratta,7,1,Black Frost,,2.6,41.0,3136.66,55.76,50.1,CLOSING_SETUP,58.39,-2.5,YES,6,6
2026-08-23,Wangaratta,7,2,Immortalised,,56.23,12.0,14.16,57.5,58.2,MAP_ADVANTAGE,60.6,-3.9,YES,6,6
2026-08-23,Wangaratta,7,3,Boss Boy,,61.68,13.0,12.45,56.4,58.5,CLOSING_SETUP,48.3,-0.7,YES,8,8
2026-08-23,Wangaratta,7,4,The Quiet Immortal,,52.06,5.5,15.76,56.4892,54.0,NEUTRAL,58.2834,-0.1,YES,8,8
2026-08-23,Wangaratta,7,5,Ataegina,,51.79,7.0,15.87,56.6,58.1,NEUTRAL,59.1,3.9,YES,29,29
2026-08-23,Wangaratta,7,6,North Terrace,,39.79,35.0,22.95,56.9169,56.7,NEUTRAL,58.7877,,YES,5,5
2026-08-23,Wangaratta,7,7,Sheer Lunacy,,72.7,16.0,9.92,55.2,59.2,CLOSING_SETUP,59.5,-2.1,YES,36,36
2026-08-23,Wangaratta,7,8,Venus Shock,,45.22,12.0,19.18,60.08,57.0,MAP_ADVANTAGE,57.96,-1.4,YES,2,2
2026-08-23,Wangaratta,7,9,Jenni Intiba,,55.0,7.0,14.6,55.8,54.7,CLOSING_SETUP,61.9,-2.1,YES,8,8
2026-08-23,Wangaratta,7,10,King Incanto,,35.0375,6.5,27.46,54.7,59.1,CLOSING_SETUP,61.2,0.3,YES,10,10
2026-08-23,Wangaratta,7,11,Queen Of Cordoba,,69.0,8.5,10.66,58.64,52.3,MAP_ADVANTAGE,60.73,-1.4,YES,4,4
2026-08-23,Wangaratta,7,12,Dance Lady,,39.45,41.0,23.23,56.1,53.1,CLOSING_SETUP,60.8,-1.7,YES,7,7
2026-08-23,Wangaratta,7,13,Queen Amanjena,,64.54,9.0,11.69,56.7,56.0,NEUTRAL,51.6,-3.8,YES,12,12
2026-08-23,Wangaratta,7,14,Acheter,,32.125,19.0,31.06,58.5,57.6,MAP_ADVANTAGE,47.7,-0.3,YES,12,12
2026-08-23,Wangaratta,7,15,Vision Thing,,64.5,19.0,11.7,56.3,56.1,CLOSING_SETUP,50.8,-2.6,YES,16,16
2026-08-23,Wangaratta,7,16,Toronova,,61.95,71.0,12.38,55.9,53.4,CLOSING_SETUP,60.475,-2.2,YES,43,43
2026-08-23,Wangaratta,8,1,Compressing,,57.2875,6.5,13.52,56.4,52.5,MAP_ADVANTAGE,50.5,1.2,YES,4,4
2026-08-23,Wangaratta,8,2,Lightning Flash,,57.36,4.8,13.49,56.2,59.9,NEUTRAL,49.9,-1.8,YES,24,24
2026-08-23,Wangaratta,8,3,First Day,,62.3,,11.63,54.2,,,35.3,,YES,18,18
2026-08-23,Wangaratta,8,4,Just Landed,,59.85,19.0,12.49,55.8,52.0,NEUTRAL,38.1,-5.4,YES,21,21
2026-08-23,Wangaratta,8,5,Stole Him,,45.39,9.0,21.07,56.8,53.2,MAP_ADVANTAGE,44.2,-1.1,YES,4,4
2026-08-23,Wangaratta,8,6,Dandruff,,33.51,51.0,40.95,56.4,50.9,NEUTRAL,18.9,4.7,YES,22,22
2026-08-23,Wangaratta,8,7,Zeaction,,53.82,8.0,15.17,53.93,60.2,NEEDS_TEMPO,56.34,-2.5,YES,9,9
2026-08-23,Wangaratta,8,8,Idling Behind,,51.68,7.0,16.37,55.12,57.8,NEEDS_TEMPO,59.08,-1.3,YES,6,6
2026-08-23,Wangaratta,8,9,Pro Velocity,,46.92,9.5,19.73,52.3128,52.1,NEEDS_TEMPO,58.141,,YES,0,0
2026-08-23,Wangaratta,8,10,Azeola,,68.38,15.0,9.88,,58.1,,,-5.3,YES,20,20
2026-08-23,Wangaratta,8,11,Mozzoni,,49.7875,7.0,17.58,55.8,60.8,NEEDS_TEMPO,56.6,-0.3,YES,3,3
2026-08-23,Wangaratta,8,12,Proven Record,,50.6875,8.0,16.98,56.41,55.0,MAP_ADVANTAGE,56.38,-3.3,YES,5,5
2026-08-23,Wangaratta,8,13,Just Dance,,47.22,31.0,19.48,56.3,58.5,NEUTRAL,58.9,2.0,YES,10,10
2026-08-23,Wangaratta,8,14,Opus,,60.97,9.0,12.09,55.1,55.0,NEEDS_TEMPO,58.0567,-1.7,YES,6,6
2026-08-23,Wangaratta,8,15,Ideelistic,,45.19,14.0,21.26,58.61,54.2,MAP_ADVANTAGE,59.33,-1.0,YES,15,15
2026-08-23,Wangaratta,8,16,Bearbrassblackfish,,15.825,23.0,2132.15,55.7763,52.5,NEEDS_TEMPO,59.9965,-0.8,YES,12,12
2026-08-23,Wangaratta,8,17,Mana Combat,,36.5375,13.0,33.44,55.5,57.6,NEEDS_TEMPO,61.27,5.1,YES,20,20
2026-08-23,Wangaratta,8,18,Sardius,,22.925,67.0,126.58,55.9,50.0,NEUTRAL,61.865,-0.9,YES,10,10
2026-08-24,Pakenham Synthetic,1,1,Bluejet,,,,,,49.8,,,,,0,0
2026-08-24,Pakenham Synthetic,1,2,Doublet,,0.0,,1889.18,57.0,59.2,NEUTRAL,38.1,-2.7,YES,6,6
2026-08-24,Pakenham Synthetic,1,3,Dr Well,,,,,56.9756,,NEUTRAL,62.0292,,,0,0
2026-08-24,Pakenham Synthetic,1,4,Hit Squad,,59.98,,7.35,57.353,55.7,MAP_ADVANTAGE,60.9012,-1.0,YES,0,0
2026-08-24,Pakenham Synthetic,1,5,Marquisard,,53.69,,8.51,56.1,50.6,NEEDS_TEMPO,56.3,-0.9,YES,12,12
2026-08-24,Pakenham Synthetic,1,6,Precambrian,,53.0,,8.66,56.5227,51.6,NEUTRAL,59.4306,0.6,YES,2,2
2026-08-24,Pakenham Synthetic,1,7,Vespasian,,65.85,,6.49,56.3131,61.2,NEEDS_TEMPO,58.3065,-2.7,YES,1,1
2026-08-24,Pakenham Synthetic,1,8,Miss Shiino,,51.14,,9.08,54.6442,62.5,NEEDS_TEMPO,62.6143,0.0,YES,2,2
2026-08-24,Pakenham Synthetic,1,9,Rising Nine Top,,27.55,,20.47,56.16,58.9,NEEDS_TEMPO,62.5,1.7,YES,3,3
2026-08-24,Pakenham Synthetic,1,10,Tiger Fox,,6.825,,117.51,58.1,54.7,MAP_ADVANTAGE,57.1,-2.8,YES,2,2
2026-08-24,Pakenham Synthetic,1,11,Bobinette,,,,,56.464,,NEUTRAL,60.1313,,,0,0
2026-08-24,Pakenham Synthetic,1,12,Zoumania,,47.57,,9.99,57.2,55.0,MAP_ADVANTAGE,58.0,-1.6,YES,2,2
2026-08-24,Pakenham Synthetic,1,13,Diamond Storm,,,,,56.3718,52.8,NEUTRAL,60.5393,,,0,0
2026-08-24,Pakenham Synthetic,1,14,Ask The Captain,,68.3,,6.18,54.14,51.8,NEEDS_TEMPO,63.9,-1.1,YES,7,7
2026-08-24,Pakenham Synthetic,1,15,Composite Action,,26.83,,21.19,56.2,52.0,NEEDS_TEMPO,34.1,3.9,YES,15,15
2026-08-24,Pakenham Synthetic,2,1,Aubaine,,24.925,,96.89,57.0511,59.8,CLOSING_SETUP,62.2717,1.3,YES,13,13
2026-08-24,Pakenham Synthetic,2,2,Duperouzel,,61.95,,9.34,58.0,53.9,NEUTRAL,56.4,2.8,YES,2,2
2026-08-24,Pakenham Synthetic,2,3,Just Desserts,,,,,57.68,,NEUTRAL,61.9252,,,0,0
2026-08-24,Pakenham Synthetic,2,4,Lollie's Galore,,65.61,,8.4,56.1118,60.7,CLOSING_SETUP,59.2458,-1.2,YES,1,1
2026-08-24,Pakenham Synthetic,2,5,Mr Margolin,,59.47,,10.08,,58.5,,,-4.1,YES,2,2
2026-08-24,Pakenham Synthetic,2,6,Pete The Prophet,,20.875,,253.41,56.34,54.8,CLOSING_SETUP,62.21,-1.7,YES,5,5
2026-08-24,Pakenham Synthetic,2,7,Aurora's Belt,,51.75,,13.21,58.5,51.6,PRESSURE_RISK,58.7,-0.9,YES,2,2
2026-08-24,Pakenham Synthetic,2,8,Laurel Bay,,49.875,,14.24,,46.2,,,2.5,YES,4,4
2026-08-24,Pakenham Synthetic,2,9,Tennessee Link,,43.98,,18.59,58.28,51.2,NEUTRAL,57.96,-0.4,YES,4,4
2026-08-24,Pakenham Synthetic,2,10,Thinker,,64.65,,8.63,60.48,52.9,PRESSURE_RISK,57.2,1.1,YES,2,2
2026-08-24,Pakenham Synthetic,2,11,Calabrisella Mia,,,,,,,,,,,0,0
2026-08-24,Pakenham Synthetic,2,12,Tears Of Happiness,,72.125,,7.09,58.82,53.2,PRESSURE_RISK,60.01,0.1,YES,3,3
2026-08-24,Pakenham Synthetic,2,13,Challenging,,,,,57.8477,,NEUTRAL,60.3469,,,0,0
2026-08-24,Pakenham Synthetic,2,14,Neville Bartos,,37.73,,26.52,55.6422,55.7,CLOSING_SETUP,58.5067,1.2,YES,1,1
2026-08-24,Pakenham Synthetic,2,15,Torzannie,,36.63,,28.55,56.8,53.1,CLOSING_SETUP,62.0,1.8,YES,1,1
2026-08-24,Pakenham Synthetic,2,16,Proffer,,55.15,,11.65,58.2,52.4,NEUTRAL,48.3,-1.4,YES,5,5
2026-08-24,Pakenham Synthetic,2,17,Thinkimacelebrity,,40.51,,22.38,57.2,54.1,CLOSING_SETUP,59.2,-5.7,YES,3,3
2026-08-24,Pakenham Synthetic,2,18,Embodiment,,17.975,,1591.34,58.5438,51.8,PRESSURE_RISK,56.2816,4.5,YES,1,1
2026-08-24,Pakenham Synthetic,3,1,No Ombrays,,,,,56.9169,,NEUTRAL,59.1804,,,0,0
2026-08-24,Pakenham Synthetic,3,2,Rhencullen,,,,,,,,,,,0,0
2026-08-24,Pakenham Synthetic,3,3,Rock It Fuel,,26.425,,6.53,54.29,,,65.09,,YES,2,2
2026-08-24,Pakenham Synthetic,3,4,Alodie,,8.125,,355.38,57.4,48.4,MAP_ADVANTAGE,18.5,-0.8,YES,4,4
2026-08-24,Pakenham Synthetic,3,5,My Destiny,,,,,56.1286,,NEUTRAL,64.031,,,0,0
2026-08-24,Pakenham Synthetic,3,6,Spin Class,,31.275,,4.83,58.14,,MAP_ADVANTAGE,57.71,,YES,1,1
2026-08-24,Pakenham Synthetic,3,7,Yellowknife,,,,,55.1809,52.1,NEEDS_TEMPO,52.6359,1.6,YES,0,0
2026-08-24,Pakenham Synthetic,3,8,Independant Lad,,,,,54.4429,61.2,NEEDS_TEMPO,54.5993,,YES,1,1
2026-08-24,Pakenham Synthetic,3,9,Whyte Light,,,,,,,,,,,0,0
2026-08-24,Pakenham Synthetic,3,10,Aryna,,50.61,,2.18,,,,,,YES,0,0
2026-08-24,Pakenham Synthetic,3,11,Pragmatic Lady,,,,,56.8749,55.1,NEUTRAL,61.7982,,,0,0
2026-08-24,Pakenham Synthetic,3,12,Veloce Grigio,,,,,,,,,,,0,0
2026-08-24,Pakenham Synthetic,3,13,Gemofsixteencarats,,28.0,,5.88,56.5,51.4,NEUTRAL,52.5,5.0,YES,12,12
2026-08-24,Pakenham Synthetic,3,14,Native Spirit,,9.425,,115.44,57.3,46.0,MAP_ADVANTAGE,26.6,-1.0,YES,8,8
2026-08-24,Pakenham Synthetic,4,1,Covert Mission,,55.41,,7.82,58.7,56.5,MAP_ADVANTAGE,38.2,-4.1,YES,5,5
2026-08-24,Pakenham Synthetic,4,2,Planet Mars,,41.6,,13.34,56.6,50.1,NEUTRAL,28.8,-0.1,YES,20,20
2026-08-24,Pakenham Synthetic,4,3,Rock About,,47.0,,10.55,53.8894,55.0,CLOSING_SETUP,56.8321,,YES,1,1
2026-08-24,Pakenham Synthetic,4,4,Spiderman,,31.04,,24.92,59.0554,54.6,MAP_ADVANTAGE,55.5424,-2.2,YES,6,6
2026-08-24,Pakenham Synthetic,4,5,Miss Exceptional,,36.67,,17.24,57.4,50.5,NEUTRAL,59.0,-2.4,YES,3,3
2026-08-24,Pakenham Synthetic,4,6,Myhomecomingqueen,,53.87,,8.23,57.0,54.3,NEUTRAL,61.3,0.2,YES,5,5
2026-08-24,Pakenham Synthetic,4,7,Wunderlust,,14.1,,1227.79,57.4452,51.9,NEUTRAL,61.7597,-3.4,YES,4,4
2026-08-24,Pakenham Synthetic,4,8,Finardi,,,,,56.1286,,CLOSING_SETUP,60.0851,,,0,0
2026-08-24,Pakenham Synthetic,4,9,Master Dubois,,20.15,,87.92,56.56,,CLOSING_SETUP,58.9,,YES,1,1
2026-08-24,Pakenham Synthetic,4,10,Written Empire,,,,,,,,,,,0,0
2026-08-24,Pakenham Synthetic,4,11,Nikitria,,22.5,,59.62,57.4,49.1,NEUTRAL,43.2,0.8,YES,2,2
2026-08-24,Pakenham Synthetic,4,12,Tag The Bride,,74.81,,4.7,59.0,61.4,MAP_ADVANTAGE,62.3,-2.7,YES,1,1
2026-08-24,Pakenham Synthetic,4,13,Moonlight Romance,,47.95,,10.17,56.2,51.8,CLOSING_SETUP,38.2,-4.1,YES,4,4
2026-08-24,Pakenham Synthetic,4,14,Mr Nipper,,50.81,,9.14,55.6757,53.0,CLOSING_SETUP,57.1978,-1.4,YES,1,1
2026-08-24,Pakenham Synthetic,4,15,Cowboykickedfive,,28.7,,30.09,,47.8,,,3.5,YES,8,8
2026-08-24,Pakenham Synthetic,5,1,Deputy John Stone,,48.22,,7.44,,48.2,,,,YES,2,2
2026-08-24,Pakenham Synthetic,5,2,Graybach,,,,,,,,,,,0,0
2026-08-24,Pakenham Synthetic,5,3,Ottalaus,,49.13,,7.26,59.1,54.4,MAP_ADVANTAGE,39.0,-2.8,YES,2,2
2026-08-24,Pakenham Synthetic,5,4,Ziggy Bama,,,,,,48.0,,,0.5,YES,2,2
2026-08-24,Pakenham Synthetic,5,5,Seaticflash,,,,,,,,,,,0,0
2026-08-24,Pakenham Synthetic,5,6,The Troubleshooter,,0.0,,1432.19,59.0,50.4,MAP_ADVANTAGE,25.1,-7.4,YES,2,2
2026-08-24,Pakenham Synthetic,5,7,Afterthegoldrush,,,,,,,,,,YES,1,1
2026-08-24,Pakenham Synthetic,5,8,Golden Cicada,,,,,,,,,,,0,0
2026-08-24,Pakenham Synthetic,5,9,Hopeful Champion,,,,,,,,,,,0,0
2026-08-24,Pakenham Synthetic,5,10,Nafsika,,,,,,,,,,,0,0
2026-08-24,Pakenham Synthetic,5,11,Roses For Rita,,,,,,,,,,YES,1,1
2026-08-24,Pakenham Synthetic,5,12,Sweet Kanzai,,,,,,,,,,,0,0
2026-08-24,Pakenham Synthetic,5,13,Dance The Boogie,,49.1,,7.26,56.4,52.0,NEUTRAL,33.5,-2.8,YES,5,5
2026-08-24,Pakenham Synthetic,5,14,Flamingo Flyer,,42.59,,8.77,58.0,51.2,MAP_ADVANTAGE,41.2,-0.5,YES,5,5
2026-08-24,Pakenham Synthetic,5,15,Certain Impact,,34.35,,11.63,56.6,60.0,MAP_ADVANTAGE,62.7,-2.4,YES,2,2
2026-08-24,Pakenham Synthetic,5,16,Sheer Panic,,47.08,,7.68,54.9,51.5,NEUTRAL,57.7,0.2,YES,3,3
2026-08-24,Pakenham Synthetic,5,17,Immortal Diva,,46.65,,7.77,56.1,54.0,NEUTRAL,54.163,5.5,YES,7,7
2026-08-24,Pakenham Synthetic,5,18,Sneaky Russian,,47.1875,,7.66,,,,,,YES,1,1
2026-08-24,Pakenham Synthetic,6,1,Bold Print,,54.94,,9.02,58.6,63.8,NEUTRAL,43.0,-0.5,YES,24,24
2026-08-24,Pakenham Synthetic,6,2,Watten Assett,,65.63,,6.39,57.3949,68.3,CLOSING_SETUP,64.0965,-3.5,YES,4,4
2026-08-24,Pakenham Synthetic,6,3,Machinist,,51.325,,10.37,59.0,49.5,PRESSURE_RISK,37.9,-1.0,YES,29,29
2026-08-24,Pakenham Synthetic,6,4,Elonia,,54.7,,9.1,56.63,51.0,CLOSING_SETUP,51.84,-2.9,YES,4,4
2026-08-24,Pakenham Synthetic,6,5,Asmita,,74.58,,5.06,58.4,72.0,CLOSING_SETUP,60.9,-1.3,YES,11,11
2026-08-24,Pakenham Synthetic,6,6,Eternal Joy,,66.2,,6.29,58.5,52.8,NEUTRAL,60.6,-1.4,YES,2,2
2026-08-24,Pakenham Synthetic,6,7,Monsoon Reins,,35.55,,24.75,57.2,58.9,CLOSING_SETUP,65.27,1.4,YES,27,27
2026-08-24,Pakenham Synthetic,6,8,Talk Of Dakota,,19.125,,1172.62,60.0,51.6,PRESSURE_RISK,43.0,-3.7,YES,18,18
2026-08-24,Pakenham Synthetic,6,9,Tartan Queen,,59.16,,7.79,57.9,56.3,CLOSING_SETUP,45.2,-6.3,YES,8,8
2026-08-24,Pakenham Synthetic,7,1,Magnardo,,26.95,,75.15,57.5,65.3,NEUTRAL,59.1,-1.5,YES,23,23
2026-08-24,Pakenham Synthetic,7,2,King's Coronation,,63.65,,5.7,57.4,67.7,CLOSING_SETUP,41.4,0.8,YES,10,10
2026-08-24,Pakenham Synthetic,7,3,Kingsbury,,38.6,,18.47,58.7,55.2,MAP_ADVANTAGE,61.0,-2.7,YES,3,3
2026-08-24,Pakenham Synthetic,7,4,Premium Return,,53.21,,8.29,56.9,51.8,CLOSING_SETUP,62.9,-0.5,YES,2,2
2026-08-24,Pakenham Synthetic,7,5,Flying Mean,,58.75,,6.71,57.6,59.1,NEUTRAL,49.8,-1.4,YES,10,10
2026-08-24,Pakenham Synthetic,7,6,Starmae,,74.23,,4.24,57.6,55.8,NEUTRAL,45.9,-0.7,YES,8,8
2026-08-24,Pakenham Synthetic,7,7,Magic Money,,23.325,,233.8,58.5,49.9,MAP_ADVANTAGE,40.6,1.2,YES,8,8
2026-08-24,Pakenham Synthetic,7,8,Adiuro,,47.85,,10.56,56.0,55.9,CLOSING_SETUP,59.5525,-0.9,YES,25,25
2026-08-24,Pakenham Synthetic,7,9,I'm Helro,,44.125,,12.88,56.6234,54.7,CLOSING_SETUP,58.8724,-8.0,YES,3,3
2026-08-24,Pakenham Synthetic,7,10,Dissalto,,21.575,,916.11,57.9,51.9,NEUTRAL,31.7,-3.9,YES,16,16
2026-08-24,Pakenham Synthetic,7,11,Hot Chilli Mama,,43.19,,13.6,55.5,53.9,CLOSING_SETUP,58.6,-6.0,YES,18,18
2026-08-24,Pakenham Synthetic,8,1,Titan Of Choice,,72.67,,10.36,56.5,56.6,NEEDS_TEMPO,43.5,1.1,YES,51,51
2026-08-24,Pakenham Synthetic,8,2,My Time To Fly,,,,,55.8854,,NEEDS_TEMPO,58.7377,,,0,0
2026-08-24,Pakenham Synthetic,8,3,Nama Dude,,80.02,,8.17,56.52,57.1,NEEDS_TEMPO,63.5,-4.5,YES,21,21
2026-08-24,Pakenham Synthetic,8,4,Ancho,,59.27,,18.56,,52.8,,,2.8,YES,6,6
2026-08-24,Pakenham Synthetic,8,5,Octane Reign,,57.27,,20.79,57.3,56.0,MAP_ADVANTAGE,48.6,-4.4,YES,8,8
2026-08-24,Pakenham Synthetic,8,6,You Never Can Tell,,50.29,,34.03,56.8,53.9,NEUTRAL,34.8,-0.6,YES,8,8
2026-08-24,Pakenham Synthetic,8,7,Queen Of Tuscany,,35.45,,1417.56,56.6,69.0,NEUTRAL,51.2,-0.7,YES,30,30
2026-08-24,Pakenham Synthetic,8,8,Lulu Darling,,52.84,,27.82,56.2,59.0,NEEDS_TEMPO,43.7,-2.5,YES,36,36
2026-08-24,Pakenham Synthetic,8,9,Punic War,,77.1,,8.94,57.2,51.3,MAP_ADVANTAGE,40.5,3.7,YES,14,14
2026-08-24,Pakenham Synthetic,8,10,Qubella,,40.74,,118.4,57.4,50.7,MAP_ADVANTAGE,11.2,-7.9,YES,33,33
2026-08-24,Pakenham Synthetic,8,11,Slate Ripper,,72.31,,10.5,55.98,57.1,NEEDS_TEMPO,61.13,2.9,YES,26,26
2026-08-24,Pakenham Synthetic,8,12,Dane On Tour,,55.31,,23.47,56.7,52.7,NEUTRAL,38.4,-4.5,YES,36,36
2026-08-24,Pakenham Synthetic,8,13,Spirit Angel,,74.72,,9.66,55.7,52.6,NEEDS_TEMPO,47.2,-4.5,YES,25,25
2026-08-24,Pakenham Synthetic,8,14,Scandoval,,53.48,,26.56,56.1,52.0,NEEDS_TEMPO,59.205,0.4,YES,22,22
2026-08-24,Pakenham Synthetic,8,15,Forest Jim,,44.97,,59.13,56.8,49.7,NEUTRAL,29.2,-6.4,YES,20,20
2026-08-24,Pakenham Synthetic,8,16,Cuban Dawn,,87.85,,6.6,57.0,57.2,NEUTRAL,61.5,-3.2,YES,17,17
2026-08-24,Pakenham Synthetic,8,17,Immortalised,,56.23,,22.14,57.1,59.2,MAP_ADVANTAGE,60.6,-3.9,YES,6,6
2026-08-24,Pakenham Synthetic,9,1,Sunsets,,61.85,,15.81,56.9,53.4,MAP_ADVANTAGE,37.8,-1.4,YES,29,29
2026-08-24,Pakenham Synthetic,9,2,Flash Feeling,,65.45,,14.45,56.4,53.9,NEUTRAL,38.0,0.9,YES,41,41
2026-08-24,Pakenham Synthetic,9,3,All So Clear,,81.2,,10.35,55.7,68.2,NEUTRAL,51.8,-4.1,YES,40,40
2026-08-24,Pakenham Synthetic,9,4,Dragoon,,57.45,,17.79,58.39,56.7,MAP_ADVANTAGE,42.1,-1.5,YES,20,20
2026-08-24,Pakenham Synthetic,9,5,Euphoric,,10.2875,,3324.8,55.1,62.0,NEEDS_TEMPO,48.7,-3.5,YES,25,25
2026-08-24,Pakenham Synthetic,9,6,Urban Outlook,,100.0,,7.57,54.3,56.2,NEEDS_TEMPO,48.7,2.3,YES,8,8
2026-08-24,Pakenham Synthetic,9,7,Eagle Angel,,45.22,,26.42,55.7,53.0,NEUTRAL,31.2,-6.7,YES,10,10
2026-08-24,Pakenham Synthetic,9,8,Hot Too Go,,66.91,,13.96,56.6,53.1,MAP_ADVANTAGE,29.3,0.1,YES,19,19
2026-08-24,Pakenham Synthetic,9,9,Saveadateforme,,62.42,,15.58,55.7,67.9,NEEDS_TEMPO,56.4,-1.0,YES,25,25
2026-08-24,Pakenham Synthetic,9,10,Furtherest Point,,100.0,,7.57,55.4,54.2,NEEDS_TEMPO,58.7,-5.0,YES,5,5
2026-08-24,Pakenham Synthetic,9,11,Nothingelsematters,,47.49,,24.32,55.5,54.1,NEEDS_TEMPO,43.0,2.6,YES,16,16
2026-08-24,Pakenham Synthetic,9,12,Wolfoffitroystreet,,63.0,,15.35,56.1,54.4,NEUTRAL,39.6,-6.0,YES,7,7
2026-08-24,Pakenham Synthetic,9,13,She's A Con,,60.075,,16.56,55.3,50.6,NEEDS_TEMPO,12.2,0.3,YES,16,16
2026-08-24,Pakenham Synthetic,9,14,Just Dance,,47.22,,24.55,56.3,59.1,NEUTRAL,58.9,2.0,YES,10,10
2026-08-24,Pakenham Synthetic,9,15,El Sordo,,65.39,,14.48,55.6891,53.2,NEEDS_TEMPO,61.3824,-1.5,YES,21,21
