built_at,meeting_key,race_key,runner_key,source,race_date,day_bucket,meeting_type,meeting_status,dashboard_ready,track,race_no,race_time,minutes_to_jump,race_state,distance,race_class,track_condition,rail_position,horse_no,saddlecloth,horse,horse_key,barrier,jockey,trainer,silkUrl,silk_url,local_silk_path,is_scratched,scratch_status,runner_status,ui_price,sportsbet_price,live_price,market_price,fixed_win,rated_price,ui_fair_price,edge_pct,ui_edge_pct,truth_grade,market_confidence,liquidity_grade,fake_overlay_flag,late_drift_risk,execution_trust_score,suppression_action,suppression_reason,clv_expectation,open_price,mid_price,close_price,flucs,last10,last_10,speed_map_bucket,map_position,run_style,pace_profile,settling_band,map_x_pct,map_y_px
2026-07-26T13:33:21+10:00,2026-07-26_SALE,2026-07-26_SALE_R1,2026-07-26_SALE_R1_CLYDEBANKROBBER,race_fields.csv,2026-07-26,TODAY,COUNTRY,FIELDS_READY,YES,SALE,1,,,TIME_TBC,2200m,Maiden,"Set Weights. Three-Years-Old and Upwards, No sex restriction. Maiden. Apprentices can claim. Track name: Main. Track type: Turf. Field limit: 14. This race carries VOBIS Silver Bonuses of $12,000 for qualified horses.",,1,1,Clydebank Robber,CLYDEBANKROBBER,1,V.L.Boeuf,S.Wells,https://cdn.silks.racing.com/bb/186078.png,https://cdn.silks.racing.com/bb/186078.png,https://cdn.silks.racing.com/bb/186078.png,,ACTIVE,ACTIVE,10.6,10.6,10.6,10.6,10.6,-,-,-,-,-,-,-,-,-,-,-,-,-,-,-,-,-,,,,,,,,,
2026-07-26T13:33:21+10:00,2026-07-26_SALE,2026-07-26_SALE_R1,2026-07-26_SALE_R1_KINGOFSAVOY,race_fields.csv,2026-07-26,TODAY,COUNTRY,FIELDS_READY,YES,SALE,1,,,TIME_TBC,2200m,Maiden,"Set Weights. Three-Years-Old and Upwards, No sex restriction. Maiden. Apprentices can claim. Track name: Main. Track type: Turf. Field limit: 14. This race carries VOBIS Silver Bonuses of $12,000 for qualified horses.",,2,2,King Of Savoy,KINGOFSAVOY,4,N.Punch,T.N.Edmonds,https://cdn.silks.racing.com/bb/202275.png,https://cdn.silks.racing.com/bb/202275.png,https://cdn.silks.racing.com/bb/202275.png,,ACTIVE,ACTIVE,4.6,4.6,4.6,4.6,4.6,-,-,-,-,-,-,-,-,-,-,-,-,-,-,-,-,-,,,,,,,,,
2026-07-26T13:33:21+10:00,2026-07-26_SALE,2026-07-26_SALE_R1,2026-07-26_SALE_R1_RAINYNIGHT,race_fields.csv,2026-07-26,TODAY,COUNTRY,FIELDS_READY,YES,SALE,1,,,TIME_TBC,2200m,Maiden,"Set Weights. Three-Years-Old and Upwards, No sex restriction. Maiden. Apprentices can claim. Track name: Main. Track type: Turf. Field limit: 14. This race carries VOBIS Silver Bonuses of $12,000 for qualified horses.",,3,3,Rainy Night,RAINYNIGHT,6,D.G.Thornton,C.Douglas,https://cdn.silks.racing.com/bb/143859.png,https://cdn.silks.racing.com/bb/143859.png,https://cdn.silks.racing.com/bb/143859.png,,ACTIVE,ACTIVE,2.7,2.7,2.7,2.7,2.7,-,-,-,-,-,-,-,-,-,-,-,-,-,-,-,-,-,,,,,,,,,
2026-07-26T13:33:21+10:00,2026-07-26_SALE,2026-07-26_SALE_R1,2026-07-26_SALE_R1_SMARTMOVES,race_fields.csv,2026-07-26,TODAY,COUNTRY,FIELDS_READY,YES,SALE,1,,,TIME_TBC,2200m,Maiden,"Set Weights. Three-Years-Old and Upwards, No sex restriction. Maiden. Apprentices can claim. Track name: Main. Track type: Turf. Field limit: 14. This race carries VOBIS Silver Bonuses of $12,000 for qualified horses.",,4,4,Smart Moves,SMARTMOVES,5,J.Mott,T.Rogers,https://cdn.silks.racing.com/bb/191377.png,https://cdn.silks.racing.com/bb/191377.png,https://cdn.silks.racing.com/bb/191377.png,,ACTIVE,ACTIVE,5,5,5,5,5,-,-,-,-,-,-,-,-,-,-,-,-,-,-,-,-,-,,,,,,,,,
2026-07-26T13:33:21+10:00,2026-07-26_SALE,2026-07-26_SALE_R1,2026-07-26_SALE_R1_HIGHLANDSTORM,race_fields.csv,2026-07-26,TODAY,COUNTRY,FIELDS_READY,YES,SALE,1,,,TIME_TBC,2200m,Maiden,"Set Weights. Three-Years-Old and Upwards, No sex restriction. Maiden. Apprentices can claim. Track name: Main. Track type: Turf. Field limit: 14. This race carries VOBIS Silver Bonuses of $12,000 for qualified horses.",,5,5,Highland Storm,HIGHLANDSTORM,7,D.J.Dunn,M.B.Scott,https://cdn.silks.racing.com/bb/81650.png,https://cdn.silks.racing.com/bb/81650.png,https://cdn.silks.racing.com/bb/81650.png,,ACTIVE,ACTIVE,101,101,101,101,101,-,-,-,-,-,-,-,-,-,-,-,-,-,-,-,-,-,,,,,,,,,
2026-07-26T13:33:21+10:00,2026-07-26_SALE,2026-07-26_SALE_R1,2026-07-26_SALE_R1_NOWPERFORM,race_fields.csv,2026-07-26,TODAY,COUNTRY,FIELDS_READY,YES,SALE,1,,,TIME_TBC,2200m,Maiden,"Set Weights. Three-Years-Old and Upwards, No sex restriction. Maiden. Apprentices can claim. Track name: Main. Track type: Turf. Field limit: 14. This race carries VOBIS Silver Bonuses of $12,000 for qualified horses.",,6,6,Now Perform,NOWPERFORM,8,S.Clarke,C.G.Murray,https://cdn.silks.racing.com/bb/71409.png,https://cdn.silks.racing.com/bb/71409.png,https://cdn.silks.racing.com/bb/71409.png,,ACTIVE,ACTIVE,151,151,151,151,151,-,-,-,-,-,-,-,-,-,-,-,-,-,-,-,-,-,,,,,,,,,
2026-07-26T13:33:21+10:00,2026-07-26_SALE,2026-07-26_SALE_R1,2026-07-26_SALE_R1_TRULYFIERCE,race_fields.csv,2026-07-26,TODAY,COUNTRY,FIELDS_READY,YES,SALE,1,,,TIME_TBC,2200m,Maiden,"Set Weights. Three-Years-Old and Upwards, No sex restriction. Maiden. Apprentices can claim. Track name: Main. Track type: Turf. Field limit: 14. This race carries VOBIS Silver Bonuses of $12,000 for qualified horses.",,7,7,Truly Fierce,TRULYFIERCE,2,J.Bowditch,CJ.Templeton,https://cdn.silks.racing.com/bb/177485.png,https://cdn.silks.racing.com/bb/177485.png,https://cdn.silks.racing.com/bb/177485.png,,ACTIVE,ACTIVE,35.9,35.9,35.9,35.9,35.9,-,-,-,-,-,-,-,-,-,-,-,-,-,-,-,-,-,,,,,,,,,
2026-07-26T13:33:21+10:00,2026-07-26_SALE,2026-07-26_SALE_R1,2026-07-26_SALE_R1_WINGSOFLOVE,race_fields.csv,2026-07-26,TODAY,COUNTRY,FIELDS_READY,YES,SALE,1,,,TIME_TBC,2200m,Maiden,"Set Weights. Three-Years-Old and Upwards, No sex restriction. Maiden. Apprentices can claim. Track name: Main. Track type: Turf. Field limit: 14. This race carries VOBIS Silver Bonuses of $12,000 for qualified horses.",,8,8,Wings Of Love,WINGSOFLOVE,3,J.Noonan,J.Sandhu,https://cdn.silks.racing.com/bb/185049.png,https://cdn.silks.racing.com/bb/185049.png,https://cdn.silks.racing.com/bb/185049.png,,ACTIVE,ACTIVE,5,5,5,5,5,-,-,-,-,-,-,-,-,-,-,-,-,-,-,-,-,-,,,,,,,,,
2026-07-26T13:33:21+10:00,2026-07-26_SALE,2026-07-26_SALE_R2,2026-07-26_SALE_R2_CORONATIONHERCULES,race_fields.csv,2026-07-26,TODAY,COUNTRY,FIELDS_READY,YES,SALE,2,,,TIME_TBC,1400m,Maiden,"Set Weights. Two-Years-Old and Upwards, No sex restriction. Maiden. Apprentices can claim. Track name: Main. Track type: Turf. Field limit: 14.",,1,1,Coronationhercules,CORONATIONHERCULES,19,D.J.Dunn,M.B.Scott,https://cdn.silks.racing.com/bb/111902.png,https://cdn.silks.racing.com/bb/111902.png,https://cdn.silks.racing.com/bb/111902.png,,ACTIVE,ACTIVE,12,12,12,12,12,-,-,-,-,-,-,-,-,-,-,-,-,-,-,-,-,-,,,,,,,,,
2026-07-26T13:33:21+10:00,2026-07-26_SALE,2026-07-26_SALE_R2,2026-07-26_SALE_R2_DIAMONDMILA,race_fields.csv,2026-07-26,TODAY,COUNTRY,FIELDS_READY,YES,SALE,2,,,TIME_TBC,1400m,Maiden,"Set Weights. Two-Years-Old and Upwards, No sex restriction. Maiden. Apprentices can claim. Track name: Main. Track type: Turf. Field limit: 14.",,2,2,Diamond Mila,DIAMONDMILA,18,,D.J.Walkley,https://cdn.silks.racing.com/bb/3037.png,https://cdn.silks.racing.com/bb/3037.png,https://cdn.silks.racing.com/bb/3037.png,1,SCRATCHED,SCRATCHED,-,-,-,-,-,-,-,-,-,-,-,-,-,-,-,SCRATCHED,SCRATCHED,-,-,-,-,-,,,,,,,,,
2026-07-26T13:33:21+10:00,2026-07-26_SALE,2026-07-26_SALE_R2,2026-07-26_SALE_R2_DONTDOUBTTIGGA,race_fields.csv,2026-07-26,TODAY,COUNTRY,FIELDS_READY,YES,SALE,2,,,TIME_TBC,1400m,Maiden,"Set Weights. Two-Years-Old and Upwards, No sex restriction. Maiden. Apprentices can claim. Track name: Main. Track type: Turf. Field limit: 14.",,3,3,Don't Doubt Tigga,DONTDOUBTTIGGA,1,J.Beriman,J.R.Welsh,https://cdn.silks.racing.com/bb/18282.png,https://cdn.silks.racing.com/bb/18282.png,https://cdn.silks.racing.com/bb/18282.png,,ACTIVE,ACTIVE,23,23,23,23,23,-,-,-,-,-,-,-,-,-,-,-,-,-,-,-,-,-,,,,,,,,,
2026-07-26T13:33:21+10:00,2026-07-26_SALE,2026-07-26_SALE_R2,2026-07-26_SALE_R2_FORTOFDREAMS,race_fields.csv,2026-07-26,TODAY,COUNTRY,FIELDS_READY,YES,SALE,2,,,TIME_TBC,1400m,Maiden,"Set Weights. Two-Years-Old and Upwards, No sex restriction. Maiden. Apprentices can claim. Track name: Main. Track type: Turf. Field limit: 14.",,4,4,Fort Of Dreams,FORTOFDREAMS,7,T.Stockdale,Mick Price & Michael Kent (Jnr),https://cdn.silks.racing.com/bb/20208.png,https://cdn.silks.racing.com/bb/20208.png,https://cdn.silks.racing.com/bb/20208.png,,ACTIVE,ACTIVE,8.5,8.5,8.5,8.5,8.5,-,-,-,-,-,-,-,-,-,-,-,-,-,-,-,-,-,,,,,,,,,
2026-07-26T13:33:21+10:00,2026-07-26_SALE,2026-07-26_SALE_R2,2026-07-26_SALE_R2_GOODLORDYME,race_fields.csv,2026-07-26,TODAY,COUNTRY,FIELDS_READY,YES,SALE,2,,,TIME_TBC,1400m,Maiden,"Set Weights. Two-Years-Old and Upwards, No sex restriction. Maiden. Apprentices can claim. Track name: Main. Track type: Turf. Field limit: 14.",,5,5,Good Lordy Me,GOODLORDYME,11,J.C.Maskiell,J.R.Laing,https://cdn.silks.racing.com/bb/379.png,https://cdn.silks.racing.com/bb/379.png,https://cdn.silks.racing.com/bb/379.png,,ACTIVE,ACTIVE,11.6,11.6,11.6,11.6,11.6,-,-,-,-,-,-,-,-,-,-,-,-,-,-,-,-,-,,,,,,,,,
2026-07-26T13:33:21+10:00,2026-07-26_SALE,2026-07-26_SALE_R2,2026-07-26_SALE_R2_HIRARKEE,race_fields.csv,2026-07-26,TODAY,COUNTRY,FIELDS_READY,YES,SALE,2,,,TIME_TBC,1400m,Maiden,"Set Weights. Two-Years-Old and Upwards, No sex restriction. Maiden. Apprentices can claim. Track name: Main. Track type: Turf. Field limit: 14.",,6,6,Hirarkee,HIRARKEE,2,V.L.Boeuf,RC.Manning,https://cdn.silks.racing.com/bb/1831.png,https://cdn.silks.racing.com/bb/1831.png,https://cdn.silks.racing.com/bb/1831.png,,ACTIVE,ACTIVE,81,81,81,81,81,-,-,-,-,-,-,-,-,-,-,-,-,-,-,-,-,-,,,,,,,,,
2026-07-26T13:33:21+10:00,2026-07-26_SALE,2026-07-26_SALE_R2,2026-07-26_SALE_R2_LOLLIESGALORE,race_fields.csv,2026-07-26,TODAY,COUNTRY,FIELDS_READY,YES,SALE,2,,,TIME_TBC,1400m,Maiden,"Set Weights. Two-Years-Old and Upwards, No sex restriction. Maiden. Apprentices can claim. Track name: Main. Track type: Turf. Field limit: 14.",,7,7,Lollie's Galore,LOLLIESGALORE,17,L.Nolen,Peter G Moody & Katherine Coleman,https://cdn.silks.racing.com/bb/6664.png,https://cdn.silks.racing.com/bb/6664.png,https://cdn.silks.racing.com/bb/6664.png,1,SCRATCHED,SCRATCHED,-,-,-,-,-,-,-,-,-,-,-,-,-,-,-,SCRATCHED,SCRATCHED,-,-,-,-,-,,,,,,,,,
2026-07-26T13:33:21+10:00,2026-07-26_SALE,2026-07-26_SALE_R2,2026-07-26_SALE_R2_MONOLITHIC,race_fields.csv,2026-07-26,TODAY,COUNTRY,FIELDS_READY,YES,SALE,2,,,TIME_TBC,1400m,Maiden,"Set Weights. Two-Years-Old and Upwards, No sex restriction. Maiden. Apprentices can claim. Track name: Main. Track type: Turf. Field limit: 14.",,8,8,Monolithic,MONOLITHIC,9,C.Hefel,E.Jusufovic,https://cdn.silks.racing.com/bb/74921.png,https://cdn.silks.racing.com/bb/74921.png,https://cdn.silks.racing.com/bb/74921.png,1,SCRATCHED,SCRATCHED,-,-,-,-,-,-,-,-,-,-,-,-,-,-,-,SCRATCHED,SCRATCHED,-,-,-,-,-,,,,,,,,,
2026-07-26T13:33:21+10:00,2026-07-26_SALE,2026-07-26_SALE_R2,2026-07-26_SALE_R2_TALKINSTERN,race_fields.csv,2026-07-26,TODAY,COUNTRY,FIELDS_READY,YES,SALE,2,,,TIME_TBC,1400m,Maiden,"Set Weights. Two-Years-Old and Upwards, No sex restriction. Maiden. Apprentices can claim. Track name: Main. Track type: Turf. Field limit: 14.",,9,9,Talkin' Stern,TALKINSTERN,14,J.Bowditch,G.M.Bedggood,https://cdn.silks.racing.com/bb/178046.png,https://cdn.silks.racing.com/bb/178046.png,https://cdn.silks.racing.com/bb/178046.png,,ACTIVE,ACTIVE,6.7,6.7,6.7,6.7,6.7,-,-,-,-,-,-,-,-,-,-,-,-,-,-,-,-,-,,,,,,,,,
2026-07-26T13:33:21+10:00,2026-07-26_SALE,2026-07-26_SALE_R2,2026-07-26_SALE_R2_VALLO,race_fields.csv,2026-07-26,TODAY,COUNTRY,FIELDS_READY,YES,SALE,2,,,TIME_TBC,1400m,Maiden,"Set Weights. Two-Years-Old and Upwards, No sex restriction. Maiden. Apprentices can claim. Track name: Main. Track type: Turf. Field limit: 14.",,10,10,Vallo,VALLO,10,N.Daniels,B.Papazaharoudakis,https://cdn.silks.racing.com/bb/104144.png,https://cdn.silks.racing.com/bb/104144.png,https://cdn.silks.racing.com/bb/104144.png,1,SCRATCHED,SCRATCHED,-,-,-,-,-,-,-,-,-,-,-,-,-,-,-,SCRATCHED,SCRATCHED,-,-,-,-,-,,,,,,,,,
2026-07-26T13:33:21+10:00,2026-07-26_SALE,2026-07-26_SALE_R2,2026-07-26_SALE_R2_DIAMONDEYE,race_fields.csv,2026-07-26,TODAY,COUNTRY,FIELDS_READY,YES,SALE,2,,,TIME_TBC,1400m,Maiden,"Set Weights. Two-Years-Old and Upwards, No sex restriction. Maiden. Apprentices can claim. Track name: Main. Track type: Turf. Field limit: 14.",,11,11,Diamond Eye,DIAMONDEYE,8,J.Noonan,R.J.Goodwin,https://cdn.silks.racing.com/bb/198041.png,https://cdn.silks.racing.com/bb/198041.png,https://cdn.silks.racing.com/bb/198041.png,,ACTIVE,ACTIVE,4.3,4.3,4.3,4.3,4.3,-,-,-,-,-,-,-,-,-,-,-,-,-,-,-,-,-,,,,,,,,,
2026-07-26T13:33:21+10:00,2026-07-26_SALE,2026-07-26_SALE_R2,2026-07-26_SALE_R2_NOSAVINGS,race_fields.csv,2026-07-26,TODAY,COUNTRY,FIELDS_READY,YES,SALE,2,,,TIME_TBC,1400m,Maiden,"Set Weights. Two-Years-Old and Upwards, No sex restriction. Maiden. Apprentices can claim. Track name: Main. Track type: Turf. Field limit: 14.",,12,12,No Savings,NOSAVINGS,3,C.Newitt,C.M.Sexton,https://cdn.silks.racing.com/bb/67089.png,https://cdn.silks.racing.com/bb/67089.png,https://cdn.silks.racing.com/bb/67089.png,,ACTIVE,ACTIVE,15.7,15.7,15.7,15.7,15.7,-,-,-,-,-,-,-,-,-,-,-,-,-,-,-,-,-,,,,,,,,,
2026-07-26T13:33:21+10:00,2026-07-26_SALE,2026-07-26_SALE_R2,2026-07-26_SALE_R2_ROSEOFCHURCHILL,race_fields.csv,2026-07-26,TODAY,COUNTRY,FIELDS_READY,YES,SALE,2,,,TIME_TBC,1400m,Maiden,"Set Weights. Two-Years-Old and Upwards, No sex restriction. Maiden. Apprentices can claim. Track name: Main. Track type: Turf. Field limit: 14.",,13,13,Rose Of Churchill,ROSEOFCHURCHILL,5,D.G.Thornton,"Ben, Will & JD Hayes",https://cdn.silks.racing.com/bb/200661.png,https://cdn.silks.racing.com/bb/200661.png,https://cdn.silks.racing.com/bb/200661.png,,ACTIVE,ACTIVE,6.5,6.5,6.5,6.5,6.5,-,-,-,-,-,-,-,-,-,-,-,-,-,-,-,-,-,,,,,,,,,
2026-07-26T13:33:21+10:00,2026-07-26_SALE,2026-07-26_SALE_R2,2026-07-26_SALE_R2_SAATCHI,race_fields.csv,2026-07-26,TODAY,COUNTRY,FIELDS_READY,YES,SALE,2,,,TIME_TBC,1400m,Maiden,"Set Weights. Two-Years-Old and Upwards, No sex restriction. Maiden. Apprentices can claim. Track name: Main. Track type: Turf. Field limit: 14.",,14,14,Saatchi,SAATCHI,4,T.M.Nugent,P.J.Stokes,https://cdn.silks.racing.com/bb/30380.png,https://cdn.silks.racing.com/bb/30380.png,https://cdn.silks.racing.com/bb/30380.png,,ACTIVE,ACTIVE,5.2,5.2,5.2,5.2,5.2,-,-,-,-,-,-,-,-,-,-,-,-,-,-,-,-,-,,,,,,,,,
2026-07-26T13:33:21+10:00,2026-07-26_SALE,2026-07-26_SALE_R2,2026-07-26_SALE_R2_MARRON,race_fields.csv,2026-07-26,TODAY,COUNTRY,FIELDS_READY,YES,SALE,2,,,TIME_TBC,1400m,Maiden,"Set Weights. Two-Years-Old and Upwards, No sex restriction. Maiden. Apprentices can claim. Track name: Main. Track type: Turf. Field limit: 14.",,15,15,Marron,MARRON,15,,E.Jusufovic,https://cdn.silks.racing.com/bb/74921.png,https://cdn.silks.racing.com/bb/74921.png,https://cdn.silks.racing.com/bb/74921.png,1,SCRATCHED,SCRATCHED,-,-,-,-,-,-,-,-,-,-,-,-,-,-,-,SCRATCHED,SCRATCHED,-,-,-,-,-,,,,,,,,,
2026-07-26T13:33:21+10:00,2026-07-26_SALE,2026-07-26_SALE_R2,2026-07-26_SALE_R2_THINKINGPOSITIVE,race_fields.csv,2026-07-26,TODAY,COUNTRY,FIELDS_READY,YES,SALE,2,,,TIME_TBC,1400m,Maiden,"Set Weights. Two-Years-Old and Upwards, No sex restriction. Maiden. Apprentices can claim. Track name: Main. Track type: Turf. Field limit: 14.",,16,16,Thinking Positive,THINKINGPOSITIVE,6,L.J.Neindorf,P.Gelagotis,https://cdn.silks.racing.com/bb/192394.png,https://cdn.silks.racing.com/bb/192394.png,https://cdn.silks.racing.com/bb/192394.png,1,SCRATCHED,SCRATCHED,-,-,-,-,-,-,-,-,-,-,-,-,-,-,-,SCRATCHED,SCRATCHED,-,-,-,-,-,,,,,,,,,
2026-07-26T13:33:21+10:00,2026-07-26_SALE,2026-07-26_SALE_R2,2026-07-26_SALE_R2_SUNSETTRAIL,race_fields.csv,2026-07-26,TODAY,COUNTRY,FIELDS_READY,YES,SALE,2,,,TIME_TBC,1400m,Maiden,"Set Weights. Two-Years-Old and Upwards, No sex restriction. Maiden. Apprentices can claim. Track name: Main. Track type: Turf. Field limit: 14.",,17,17,Sunset Trail,SUNSETTRAIL,12,,C.W.McDonald,https://cdn.silks.racing.com/bb/191992.png,https://cdn.silks.racing.com/bb/191992.png,https://cdn.silks.racing.com/bb/191992.png,1,SCRATCHED,SCRATCHED,-,-,-,-,-,-,-,-,-,-,-,-,-,-,-,SCRATCHED,SCRATCHED,-,-,-,-,-,,,,,,,,,
2026-07-26T13:33:21+10:00,2026-07-26_SALE,2026-07-26_SALE_R2,2026-07-26_SALE_R2_DOUBLEDAH,race_fields.csv,2026-07-26,TODAY,COUNTRY,FIELDS_READY,YES,SALE,2,,,TIME_TBC,1400m,Maiden,"Set Weights. Two-Years-Old and Upwards, No sex restriction. Maiden. Apprentices can claim. Track name: Main. Track type: Turf. Field limit: 14.",,18,18,Double Dah,DOUBLEDAH,13,,K.Rolland,https://cdn.silks.racing.com/bb/172462.png,https://cdn.silks.racing.com/bb/172462.png,https://cdn.silks.racing.com/bb/172462.png,1,SCRATCHED,SCRATCHED,-,-,-,-,-,-,-,-,-,-,-,-,-,-,-,SCRATCHED,SCRATCHED,-,-,-,-,-,,,,,,,,,
2026-07-26T13:33:21+10:00,2026-07-26_SALE,2026-07-26_SALE_R2,2026-07-26_SALE_R2_COMPOSITEACTION,race_fields.csv,2026-07-26,TODAY,COUNTRY,FIELDS_READY,YES,SALE,2,,,TIME_TBC,1400m,Maiden,"Set Weights. Two-Years-Old and Upwards, No sex restriction. Maiden. Apprentices can claim. Track name: Main. Track type: Turf. Field limit: 14.",,19,19,Composite Action,COMPOSITEACTION,16,Y.Ota,Y.Ota,https://cdn.silks.racing.com/bb/182540.png,https://cdn.silks.racing.com/bb/182540.png,https://cdn.silks.racing.com/bb/182540.png,1,SCRATCHED,SCRATCHED,-,-,-,-,-,-,-,-,-,-,-,-,-,-,-,SCRATCHED,SCRATCHED,-,-,-,-,-,,,,,,,,,
2026-07-26T13:33:21+10:00,2026-07-26_SALE,2026-07-26_SALE_R3,2026-07-26_SALE_R3_AVENGERS,race_fields.csv,2026-07-26,TODAY,COUNTRY,FIELDS_READY,YES,SALE,3,,,TIME_TBC,1000m,Maiden,"Set Weights. Two-Years-Old, No sex restriction. Maiden. Apprentices can claim. Track name: Main. Track type: Turf. Field limit: 14. This race carries VOBIS Silver Bonuses of $12,000 for qualified horses. This race carries VOBIS Gold Bonuses of $20,000 for qualified horses. This race carries VOBIS Platinum $30,000 in vouchers for qualified horses.",,1,1,Avengers,AVENGERS,9,J.Mott,C.Douglas,https://cdn.silks.racing.com/bb/183130.png,https://cdn.silks.racing.com/bb/183130.png,https://cdn.silks.racing.com/bb/183130.png,,ACTIVE,ACTIVE,7.5,7.5,7.5,7.5,7.5,-,-,-,-,-,-,-,-,-,-,-,-,-,-,-,-,-,,,,,,,,,
2026-07-26T13:33:21+10:00,2026-07-26_SALE,2026-07-26_SALE_R3,2026-07-26_SALE_R3_BRAZENBOLD,race_fields.csv,2026-07-26,TODAY,COUNTRY,FIELDS_READY,YES,SALE,3,,,TIME_TBC,1000m,Maiden,"Set Weights. Two-Years-Old, No sex restriction. Maiden. Apprentices can claim. Track name: Main. Track type: Turf. Field limit: 14. This race carries VOBIS Silver Bonuses of $12,000 for qualified horses. This race carries VOBIS Gold Bonuses of $20,000 for qualified horses. This race carries VOBIS Platinum $30,000 in vouchers for qualified horses.",,2,2,Brazen Bold,BRAZENBOLD,3,T.Stockdale,Mick Price & Michael Kent (Jnr),https://cdn.silks.racing.com/bb/197087.png,https://cdn.silks.racing.com/bb/197087.png,https://cdn.silks.racing.com/bb/197087.png,,ACTIVE,ACTIVE,17,17,17,17,17,-,-,-,-,-,-,-,-,-,-,-,-,-,-,-,-,-,,,,,,,,,
2026-07-26T13:33:21+10:00,2026-07-26_SALE,2026-07-26_SALE_R3,2026-07-26_SALE_R3_CHIGURH,race_fields.csv,2026-07-26,TODAY,COUNTRY,FIELDS_READY,YES,SALE,3,,,TIME_TBC,1000m,Maiden,"Set Weights. Two-Years-Old, No sex restriction. Maiden. Apprentices can claim. Track name: Main. Track type: Turf. Field limit: 14. This race carries VOBIS Silver Bonuses of $12,000 for qualified horses. This race carries VOBIS Gold Bonuses of $20,000 for qualified horses. This race carries VOBIS Platinum $30,000 in vouchers for qualified horses.",,3,3,Chigurh,CHIGURH,14,L.Nolen,"Ben, Will & JD Hayes",https://cdn.silks.racing.com/bb/66948.png,https://cdn.silks.racing.com/bb/66948.png,https://cdn.silks.racing.com/bb/66948.png,,ACTIVE,ACTIVE,21,21,21,21,21,-,-,-,-,-,-,-,-,-,-,-,-,-,-,-,-,-,,,,,,,,,
2026-07-26T13:33:21+10:00,2026-07-26_SALE,2026-07-26_SALE_R3,2026-07-26_SALE_R3_CRUDENSTYCOON,race_fields.csv,2026-07-26,TODAY,COUNTRY,FIELDS_READY,YES,SALE,3,,,TIME_TBC,1000m,Maiden,"Set Weights. Two-Years-Old, No sex restriction. Maiden. Apprentices can claim. Track name: Main. Track type: Turf. Field limit: 14. This race carries VOBIS Silver Bonuses of $12,000 for qualified horses. This race carries VOBIS Gold Bonuses of $20,000 for qualified horses. This race carries VOBIS Platinum $30,000 in vouchers for qualified horses.",,4,4,Crudens Tycoon,CRUDENSTYCOON,5,C.Newitt,G.Eurell,https://cdn.silks.racing.com/bb/12181.png,https://cdn.silks.racing.com/bb/12181.png,https://cdn.silks.racing.com/bb/12181.png,1,SCRATCHED,SCRATCHED,-,-,-,-,-,-,-,-,-,-,-,-,-,-,-,SCRATCHED,SCRATCHED,-,-,-,-,-,,,,,,,,,
2026-07-26T13:33:21+10:00,2026-07-26_SALE,2026-07-26_SALE_R3,2026-07-26_SALE_R3_LONGISLANDOYSTER,race_fields.csv,2026-07-26,TODAY,COUNTRY,FIELDS_READY,YES,SALE,3,,,TIME_TBC,1000m,Maiden,"Set Weights. Two-Years-Old, No sex restriction. Maiden. Apprentices can claim. Track name: Main. Track type: Turf. Field limit: 14. This race carries VOBIS Silver Bonuses of $12,000 for qualified horses. This race carries VOBIS Gold Bonuses of $20,000 for qualified horses. This race carries VOBIS Platinum $30,000 in vouchers for qualified horses.",,5,5,Long Island Oyster,LONGISLANDOYSTER,2,L.J.Neindorf,J.Hunter,https://cdn.silks.racing.com/bb/11016.png,https://cdn.silks.racing.com/bb/11016.png,https://cdn.silks.racing.com/bb/11016.png,,ACTIVE,ACTIVE,3.6,3.6,3.6,3.6,3.6,-,-,-,-,-,-,-,-,-,-,-,-,-,-,-,-,-,,,,,,,,,
2026-07-26T13:33:21+10:00,2026-07-26_SALE,2026-07-26_SALE_R3,2026-07-26_SALE_R3_ORGANISEDCRIME,race_fields.csv,2026-07-26,TODAY,COUNTRY,FIELDS_READY,YES,SALE,3,,,TIME_TBC,1000m,Maiden,"Set Weights. Two-Years-Old, No sex restriction. Maiden. Apprentices can claim. Track name: Main. Track type: Turf. Field limit: 14. This race carries VOBIS Silver Bonuses of $12,000 for qualified horses. This race carries VOBIS Gold Bonuses of $20,000 for qualified horses. This race carries VOBIS Platinum $30,000 in vouchers for qualified horses.",,6,6,Organised Crime,ORGANISEDCRIME,6,J.McNeil,L.M.Kennewell,https://cdn.silks.racing.com/bb/188531.png,https://cdn.silks.racing.com/bb/188531.png,https://cdn.silks.racing.com/bb/188531.png,,ACTIVE,ACTIVE,4.4,4.4,4.4,4.4,4.4,-,-,-,-,-,-,-,-,-,-,-,-,-,-,-,-,-,,,,,,,,,
2026-07-26T13:33:21+10:00,2026-07-26_SALE,2026-07-26_SALE_R3,2026-07-26_SALE_R3_ALLTHATANDMORE,race_fields.csv,2026-07-26,TODAY,COUNTRY,FIELDS_READY,YES,SALE,3,,,TIME_TBC,1000m,Maiden,"Set Weights. Two-Years-Old, No sex restriction. Maiden. Apprentices can claim. Track name: Main. Track type: Turf. Field limit: 14. This race carries VOBIS Silver Bonuses of $12,000 for qualified horses. This race carries VOBIS Gold Bonuses of $20,000 for qualified horses. This race carries VOBIS Platinum $30,000 in vouchers for qualified horses.",,7,7,All That And More,ALLTHATANDMORE,1,J.Noonan,P.B.Payne,https://cdn.silks.racing.com/bb/37237.png,https://cdn.silks.racing.com/bb/37237.png,https://cdn.silks.racing.com/bb/37237.png,,ACTIVE,ACTIVE,13.8,13.8,13.8,13.8,13.8,-,-,-,-,-,-,-,-,-,-,-,-,-,-,-,-,-,,,,,,,,,
2026-07-26T13:33:21+10:00,2026-07-26_SALE,2026-07-26_SALE_R3,2026-07-26_SALE_R3_BLUEIVY,race_fields.csv,2026-07-26,TODAY,COUNTRY,FIELDS_READY,YES,SALE,3,,,TIME_TBC,1000m,Maiden,"Set Weights. Two-Years-Old, No sex restriction. Maiden. Apprentices can claim. Track name: Main. Track type: Turf. Field limit: 14. This race carries VOBIS Silver Bonuses of $12,000 for qualified horses. This race carries VOBIS Gold Bonuses of $20,000 for qualified horses. This race carries VOBIS Platinum $30,000 in vouchers for qualified horses.",,8,8,Blue Ivy,BLUEIVY,7,C.Hefel,K.L.Besanko,https://cdn.silks.racing.com/bb/91450.png,https://cdn.silks.racing.com/bb/91450.png,https://cdn.silks.racing.com/bb/91450.png,,ACTIVE,ACTIVE,6.8,6.8,6.8,6.8,6.8,-,-,-,-,-,-,-,-,-,-,-,-,-,-,-,-,-,,,,,,,,,
2026-07-26T13:33:21+10:00,2026-07-26_SALE,2026-07-26_SALE_R3,2026-07-26_SALE_R3_CAPTIVATINGMOON,race_fields.csv,2026-07-26,TODAY,COUNTRY,FIELDS_READY,YES,SALE,3,,,TIME_TBC,1000m,Maiden,"Set Weights. Two-Years-Old, No sex restriction. Maiden. Apprentices can claim. Track name: Main. Track type: Turf. Field limit: 14. This race carries VOBIS Silver Bonuses of $12,000 for qualified horses. This race carries VOBIS Gold Bonuses of $20,000 for qualified horses. This race carries VOBIS Platinum $30,000 in vouchers for qualified horses.",,9,9,Captivating Moon,CAPTIVATINGMOON,10,,N.M.Burke,https://cdn.silks.racing.com/bb/92315.png,https://cdn.silks.racing.com/bb/92315.png,https://cdn.silks.racing.com/bb/92315.png,1,SCRATCHED,SCRATCHED,-,-,-,-,-,-,-,-,-,-,-,-,-,-,-,SCRATCHED,SCRATCHED,-,-,-,-,-,,,,,,,,,
2026-07-26T13:33:21+10:00,2026-07-26_SALE,2026-07-26_SALE_R3,2026-07-26_SALE_R3_FIVEKNIGHTS,race_fields.csv,2026-07-26,TODAY,COUNTRY,FIELDS_READY,YES,SALE,3,,,TIME_TBC,1000m,Maiden,"Set Weights. Two-Years-Old, No sex restriction. Maiden. Apprentices can claim. Track name: Main. Track type: Turf. Field limit: 14. This race carries VOBIS Silver Bonuses of $12,000 for qualified horses. This race carries VOBIS Gold Bonuses of $20,000 for qualified horses. This race carries VOBIS Platinum $30,000 in vouchers for qualified horses.",,10,10,Five Knights,FIVEKNIGHTS,4,J.Bowditch,R.A.Frost,https://cdn.silks.racing.com/bb/115173.png,https://cdn.silks.racing.com/bb/115173.png,https://cdn.silks.racing.com/bb/115173.png,,ACTIVE,ACTIVE,20.1,20.1,20.1,20.1,20.1,-,-,-,-,-,-,-,-,-,-,-,-,-,-,-,-,-,,,,,,,,,
2026-07-26T13:33:21+10:00,2026-07-26_SALE,2026-07-26_SALE_R3,2026-07-26_SALE_R3_LUMINEER,race_fields.csv,2026-07-26,TODAY,COUNTRY,FIELDS_READY,YES,SALE,3,,,TIME_TBC,1000m,Maiden,"Set Weights. Two-Years-Old, No sex restriction. Maiden. Apprentices can claim. Track name: Main. Track type: Turf. Field limit: 14. This race carries VOBIS Silver Bonuses of $12,000 for qualified horses. This race carries VOBIS Gold Bonuses of $20,000 for qualified horses. This race carries VOBIS Platinum $30,000 in vouchers for qualified horses.",,11,11,Lumineer,LUMINEER,13,D.G.Thornton,Emma-Lee & David Browne,https://cdn.silks.racing.com/bb/10056.png,https://cdn.silks.racing.com/bb/10056.png,https://cdn.silks.racing.com/bb/10056.png,,ACTIVE,ACTIVE,51,51,51,51,51,-,-,-,-,-,-,-,-,-,-,-,-,-,-,-,-,-,,,,,,,,,
2026-07-26T13:33:21+10:00,2026-07-26_SALE,2026-07-26_SALE_R3,2026-07-26_SALE_R3_NOVAMIRA,race_fields.csv,2026-07-26,TODAY,COUNTRY,FIELDS_READY,YES,SALE,3,,,TIME_TBC,1000m,Maiden,"Set Weights. Two-Years-Old, No sex restriction. Maiden. Apprentices can claim. Track name: Main. Track type: Turf. Field limit: 14. This race carries VOBIS Silver Bonuses of $12,000 for qualified horses. This race carries VOBIS Gold Bonuses of $20,000 for qualified horses. This race carries VOBIS Platinum $30,000 in vouchers for qualified horses.",,12,12,Novamira,NOVAMIRA,12,J.McNeil,C.J.Waller,https://cdn.silks.racing.com/bb/187802.png,https://cdn.silks.racing.com/bb/187802.png,https://cdn.silks.racing.com/bb/187802.png,1,SCRATCHED,SCRATCHED,-,-,-,-,-,-,-,-,-,-,-,-,-,-,-,SCRATCHED,SCRATCHED,-,-,-,-,-,,,,,,,,,
2026-07-26T13:33:21+10:00,2026-07-26_SALE,2026-07-26_SALE_R3,2026-07-26_SALE_R3_SOMERSGREEN,race_fields.csv,2026-07-26,TODAY,COUNTRY,FIELDS_READY,YES,SALE,3,,,TIME_TBC,1000m,Maiden,"Set Weights. Two-Years-Old, No sex restriction. Maiden. Apprentices can claim. Track name: Main. Track type: Turf. Field limit: 14. This race carries VOBIS Silver Bonuses of $12,000 for qualified horses. This race carries VOBIS Gold Bonuses of $20,000 for qualified horses. This race carries VOBIS Platinum $30,000 in vouchers for qualified horses.",,13,13,Somers Green,SOMERSGREEN,11,,M.Laurie,https://cdn.silks.racing.com/bb/183020.png,https://cdn.silks.racing.com/bb/183020.png,https://cdn.silks.racing.com/bb/183020.png,1,SCRATCHED,SCRATCHED,-,-,-,-,-,-,-,-,-,-,-,-,-,-,-,SCRATCHED,SCRATCHED,-,-,-,-,-,,,,,,,,,
2026-07-26T13:33:21+10:00,2026-07-26_SALE,2026-07-26_SALE_R3,2026-07-26_SALE_R3_STEPHANIESPRIDE,race_fields.csv,2026-07-26,TODAY,COUNTRY,FIELDS_READY,YES,SALE,3,,,TIME_TBC,1000m,Maiden,"Set Weights. Two-Years-Old, No sex restriction. Maiden. Apprentices can claim. Track name: Main. Track type: Turf. Field limit: 14. This race carries VOBIS Silver Bonuses of $12,000 for qualified horses. This race carries VOBIS Gold Bonuses of $20,000 for qualified horses. This race carries VOBIS Platinum $30,000 in vouchers for qualified horses.",,14,14,Stephanie's Pride,STEPHANIESPRIDE,8,S.Clarke,D.K.Binaisse,https://cdn.silks.racing.com/bb/201088.png,https://cdn.silks.racing.com/bb/201088.png,https://cdn.silks.racing.com/bb/201088.png,,ACTIVE,ACTIVE,27,27,27,27,27,-,-,-,-,-,-,-,-,-,-,-,-,-,-,-,-,-,,,,,,,,,
2026-07-26T13:33:21+10:00,2026-07-26_SALE,2026-07-26_SALE_R4,2026-07-26_SALE_R4_BAROSSABARON,race_fields.csv,2026-07-26,TODAY,COUNTRY,FIELDS_READY,YES,SALE,4,,,TIME_TBC,1100m,Maiden,Soft,,1,1,Barossa Baron,BAROSSABARON,2,V.L.Boeuf,S.L.Trolove,https://cdn.silks.racing.com/bb/191494.png,https://cdn.silks.racing.com/bb/191494.png,https://cdn.silks.racing.com/bb/191494.png,,ACTIVE,ACTIVE,67,67,67,67,67,-,-,-,-,-,-,-,-,-,-,-,-,-,-,-,-,-,,,,,,,,,
2026-07-26T13:33:21+10:00,2026-07-26_SALE,2026-07-26_SALE_R4,2026-07-26_SALE_R4_BEMMRIVER,race_fields.csv,2026-07-26,TODAY,COUNTRY,FIELDS_READY,YES,SALE,4,,,TIME_TBC,1100m,Maiden,Soft,,2,2,Bemm River,BEMMRIVER,6,J.C.Maskiell,P.R.Worthington,https://cdn.silks.racing.com/bb/3462.png,https://cdn.silks.racing.com/bb/3462.png,https://cdn.silks.racing.com/bb/3462.png,,ACTIVE,ACTIVE,4.4,4.4,4.4,4.4,4.4,-,-,-,-,-,-,-,-,-,-,-,-,-,-,-,-,-,,,,,,,,,
2026-07-26T13:33:21+10:00,2026-07-26_SALE,2026-07-26_SALE_R4,2026-07-26_SALE_R4_BLAZINGINTENT,race_fields.csv,2026-07-26,TODAY,COUNTRY,FIELDS_READY,YES,SALE,4,,,TIME_TBC,1100m,Maiden,Soft,,3,3,Blazing Intent,BLAZINGINTENT,9,N.Punch,H.J.Stephens,https://cdn.silks.racing.com/bb/100040.png,https://cdn.silks.racing.com/bb/100040.png,https://cdn.silks.racing.com/bb/100040.png,,ACTIVE,ACTIVE,71,71,71,71,71,-,-,-,-,-,-,-,-,-,-,-,-,-,-,-,-,-,,,,,,,,,
2026-07-26T13:33:21+10:00,2026-07-26_SALE,2026-07-26_SALE_R4,2026-07-26_SALE_R4_DESERTGUARD,race_fields.csv,2026-07-26,TODAY,COUNTRY,FIELDS_READY,YES,SALE,4,,,TIME_TBC,1100m,Maiden,Soft,,4,4,Desert Guard,DESERTGUARD,4,J.Bowditch,H.J.Stephens,https://cdn.silks.racing.com/bb/197734.png,https://cdn.silks.racing.com/bb/197734.png,https://cdn.silks.racing.com/bb/197734.png,,ACTIVE,ACTIVE,67.8,67.8,67.8,67.8,67.8,-,-,-,-,-,-,-,-,-,-,-,-,-,-,-,-,-,,,,,,,,,
2026-07-26T13:33:21+10:00,2026-07-26_SALE,2026-07-26_SALE_R4,2026-07-26_SALE_R4_PRESTIGESTAR,race_fields.csv,2026-07-26,TODAY,COUNTRY,FIELDS_READY,YES,SALE,4,,,TIME_TBC,1100m,Maiden,Soft,,5,5,Prestige Star,PRESTIGESTAR,1,C.Newitt,C.W.McDonald,https://cdn.silks.racing.com/bb/207276.png,https://cdn.silks.racing.com/bb/207276.png,https://cdn.silks.racing.com/bb/207276.png,,ACTIVE,ACTIVE,13.5,13.5,13.5,13.5,13.5,-,-,-,-,-,-,-,-,-,-,-,-,-,-,-,-,-,,,,,,,,,
2026-07-26T13:33:21+10:00,2026-07-26_SALE,2026-07-26_SALE_R4,2026-07-26_SALE_R4_THECOMEDIAN,race_fields.csv,2026-07-26,TODAY,COUNTRY,FIELDS_READY,YES,SALE,4,,,TIME_TBC,1100m,Maiden,Soft,,6,6,The Comedian,THECOMEDIAN,7,C.Hefel,R.A.Frost,https://cdn.silks.racing.com/bb/160193.png,https://cdn.silks.racing.com/bb/160193.png,https://cdn.silks.racing.com/bb/160193.png,,ACTIVE,ACTIVE,17,17,17,17,17,-,-,-,-,-,-,-,-,-,-,-,-,-,-,-,-,-,,,,,,,,,
2026-07-26T13:33:21+10:00,2026-07-26_SALE,2026-07-26_SALE_R4,2026-07-26_SALE_R4_WATTENASSETT,race_fields.csv,2026-07-26,TODAY,COUNTRY,FIELDS_READY,YES,SALE,4,,,TIME_TBC,1100m,Maiden,Soft,,7,7,Watten Assett,WATTENASSETT,14,T.M.Nugent,S.Zahra,https://cdn.silks.racing.com/bb/208042.png,https://cdn.silks.racing.com/bb/208042.png,https://cdn.silks.racing.com/bb/208042.png,,ACTIVE,ACTIVE,5.4,5.4,5.4,5.4,5.4,-,-,-,-,-,-,-,-,-,-,-,-,-,-,-,-,-,,,,,,,,,
2026-07-26T13:33:21+10:00,2026-07-26_SALE,2026-07-26_SALE_R4,2026-07-26_SALE_R4_WINSILENCE,race_fields.csv,2026-07-26,TODAY,COUNTRY,FIELDS_READY,YES,SALE,4,,,TIME_TBC,1100m,Maiden,Soft,,8,8,Winsilence,WINSILENCE,15,J.Mott,T.Rogers,https://cdn.silks.racing.com/bb/191377.png,https://cdn.silks.racing.com/bb/191377.png,https://cdn.silks.racing.com/bb/191377.png,,ACTIVE,ACTIVE,5.5,5.5,5.5,5.5,5.5,-,-,-,-,-,-,-,-,-,-,-,-,-,-,-,-,-,,,,,,,,,
2026-07-26T13:33:21+10:00,2026-07-26_SALE,2026-07-26_SALE_R4,2026-07-26_SALE_R4_BANNEDWITNESS,race_fields.csv,2026-07-26,TODAY,COUNTRY,FIELDS_READY,YES,SALE,4,,,TIME_TBC,1100m,Maiden,Soft,,9,9,Banned Witness,BANNEDWITNESS,11,L.J.Neindorf,B.J.McCarthy,https://cdn.silks.racing.com/bb/33099.png,https://cdn.silks.racing.com/bb/33099.png,https://cdn.silks.racing.com/bb/33099.png,,ACTIVE,ACTIVE,31.4,31.4,31.4,31.4,31.4,-,-,-,-,-,-,-,-,-,-,-,-,-,-,-,-,-,,,,,,,,,
2026-07-26T13:33:21+10:00,2026-07-26_SALE,2026-07-26_SALE_R4,2026-07-26_SALE_R4_HELLOKAYE,race_fields.csv,2026-07-26,TODAY,COUNTRY,FIELDS_READY,YES,SALE,4,,,TIME_TBC,1100m,Maiden,Soft,,10,10,Hello Kaye,HELLOKAYE,12,J.Beriman,R.K.Schiffer,https://cdn.silks.racing.com/bb/178143.png,https://cdn.silks.racing.com/bb/178143.png,https://cdn.silks.racing.com/bb/178143.png,,ACTIVE,ACTIVE,23.4,23.4,23.4,23.4,23.4,-,-,-,-,-,-,-,-,-,-,-,-,-,-,-,-,-,,,,,,,,,
2026-07-26T13:33:21+10:00,2026-07-26_SALE,2026-07-26_SALE_R4,2026-07-26_SALE_R4_JUPITERSGIRL,race_fields.csv,2026-07-26,TODAY,COUNTRY,FIELDS_READY,YES,SALE,4,,,TIME_TBC,1100m,Maiden,Soft,,11,11,Jupiter's Girl,JUPITERSGIRL,16,J.Noonan,N.J.Harnett,https://cdn.silks.racing.com/bb/1892.png,https://cdn.silks.racing.com/bb/1892.png,https://cdn.silks.racing.com/bb/1892.png,1,SCRATCHED,SCRATCHED,-,-,-,-,-,-,-,-,-,-,-,-,-,-,-,SCRATCHED,SCRATCHED,-,-,-,-,-,,,,,,,,,
2026-07-26T13:33:21+10:00,2026-07-26_SALE,2026-07-26_SALE_R4,2026-07-26_SALE_R4_LAVELOCITA,race_fields.csv,2026-07-26,TODAY,COUNTRY,FIELDS_READY,YES,SALE,4,,,TIME_TBC,1100m,Maiden,Soft,,12,12,La Velocita,LAVELOCITA,19,B.R.Kinninmont,M.C.Kent,https://cdn.silks.racing.com/bb/77729.png,https://cdn.silks.racing.com/bb/77729.png,https://cdn.silks.racing.com/bb/77729.png,1,SCRATCHED,SCRATCHED,-,-,-,-,-,-,-,-,-,-,-,-,-,-,-,SCRATCHED,SCRATCHED,-,-,-,-,-,,,,,,,,,
2026-07-26T13:33:21+10:00,2026-07-26_SALE,2026-07-26_SALE_R4,2026-07-26_SALE_R4_PICCINA,race_fields.csv,2026-07-26,TODAY,COUNTRY,FIELDS_READY,YES,SALE,4,,,TIME_TBC,1100m,Maiden,Soft,,13,13,Piccina,PICCINA,5,D.G.Thornton,N.M.Burke,https://cdn.silks.racing.com/bb/192535.png,https://cdn.silks.racing.com/bb/192535.png,https://cdn.silks.racing.com/bb/192535.png,,ACTIVE,ACTIVE,18,18,18,18,18,-,-,-,-,-,-,-,-,-,-,-,-,-,-,-,-,-,,,,,,,,,
2026-07-26T13:33:21+10:00,2026-07-26_SALE,2026-07-26_SALE_R4,2026-07-26_SALE_R4_ZOVOZO,race_fields.csv,2026-07-26,TODAY,COUNTRY,FIELDS_READY,YES,SALE,4,,,TIME_TBC,1100m,Maiden,Soft,,14,14,Zovozo,ZOVOZO,3,J.McNeil,Emma-Lee & David Browne,https://cdn.silks.racing.com/bb/195746.png,https://cdn.silks.racing.com/bb/195746.png,https://cdn.silks.racing.com/bb/195746.png,,ACTIVE,ACTIVE,19,19,19,19,19,-,-,-,-,-,-,-,-,-,-,-,-,-,-,-,-,-,,,,,,,,,
2026-07-26T13:33:21+10:00,2026-07-26_SALE,2026-07-26_SALE_R4,2026-07-26_SALE_R4_PRINCESSOFFLIGHT,race_fields.csv,2026-07-26,TODAY,COUNTRY,FIELDS_READY,YES,SALE,4,,,TIME_TBC,1100m,Maiden,Soft,,15,15,Princess Of Flight,PRINCESSOFFLIGHT,20,,R.D.Griffiths,https://cdn.silks.racing.com/bb/196287.png,https://cdn.silks.racing.com/bb/196287.png,https://cdn.silks.racing.com/bb/196287.png,1,SCRATCHED,SCRATCHED,-,-,-,-,-,-,-,-,-,-,-,-,-,-,-,SCRATCHED,SCRATCHED,-,-,-,-,-,,,,,,,,,
2026-07-26T13:33:21+10:00,2026-07-26_SALE,2026-07-26_SALE_R4,2026-07-26_SALE_R4_SILVERMAID,race_fields.csv,2026-07-26,TODAY,COUNTRY,FIELDS_READY,YES,SALE,4,,,TIME_TBC,1100m,Maiden,Soft,,16,16,Silver Maid,SILVERMAID,10,S.R.Hateley,S.L.Trolove,https://cdn.silks.racing.com/bb/71521.png,https://cdn.silks.racing.com/bb/71521.png,https://cdn.silks.racing.com/bb/71521.png,,ACTIVE,ACTIVE,34.9,34.9,34.9,34.9,34.9,-,-,-,-,-,-,-,-,-,-,-,-,-,-,-,-,-,,,,,,,,,
2026-07-26T13:33:21+10:00,2026-07-26_SALE,2026-07-26_SALE_R4,2026-07-26_SALE_R4_CHIPNDALE,race_fields.csv,2026-07-26,TODAY,COUNTRY,FIELDS_READY,YES,SALE,4,,,TIME_TBC,1100m,Maiden,Soft,,17,17,Chip'n'dale,CHIPNDALE,8,M.Castle,B.T.Verwey-Mitchell,https://cdn.silks.racing.com/bb/202135.png,https://cdn.silks.racing.com/bb/202135.png,https://cdn.silks.racing.com/bb/202135.png,1,SCRATCHED,SCRATCHED,-,-,-,-,-,-,-,-,-,-,-,-,-,-,-,SCRATCHED,SCRATCHED,-,-,-,-,-,,,,,,,,,
2026-07-26T13:33:21+10:00,2026-07-26_SALE,2026-07-26_SALE_R4,2026-07-26_SALE_R4_MANGANO,race_fields.csv,2026-07-26,TODAY,COUNTRY,FIELDS_READY,YES,SALE,4,,,TIME_TBC,1100m,Maiden,Soft,,18,18,Mangano,MANGANO,13,L.Nolen,Peter G Moody & Katherine Coleman,https://cdn.silks.racing.com/bb/5707.png,https://cdn.silks.racing.com/bb/5707.png,https://cdn.silks.racing.com/bb/5707.png,1,SCRATCHED,SCRATCHED,-,-,-,-,-,-,-,-,-,-,-,-,-,-,-,SCRATCHED,SCRATCHED,-,-,-,-,-,,,,,,,,,
2026-07-26T13:33:21+10:00,2026-07-26_SALE,2026-07-26_SALE_R4,2026-07-26_SALE_R4_STELLARJEWELS,race_fields.csv,2026-07-26,TODAY,COUNTRY,FIELDS_READY,YES,SALE,4,,,TIME_TBC,1100m,Maiden,Soft,,19,19,Stellar Jewels,STELLARJEWELS,18,S.Clarke,K.L.Wilson,https://cdn.silks.racing.com/bb/189991.png,https://cdn.silks.racing.com/bb/189991.png,https://cdn.silks.racing.com/bb/189991.png,,ACTIVE,ACTIVE,184.5,184.5,184.5,184.5,184.5,-,-,-,-,-,-,-,-,-,-,-,-,-,-,-,-,-,,,,,,,,,
2026-07-26T13:33:21+10:00,2026-07-26_SALE,2026-07-26_SALE_R4,2026-07-26_SALE_R4_ABSENT,race_fields.csv,2026-07-26,TODAY,COUNTRY,FIELDS_READY,YES,SALE,4,,,TIME_TBC,1100m,Maiden,Soft,,20,20,Absent,ABSENT,17,C.Newitt,G.Eurell,https://cdn.silks.racing.com/bb/12181.png,https://cdn.silks.racing.com/bb/12181.png,https://cdn.silks.racing.com/bb/12181.png,1,SCRATCHED,SCRATCHED,-,-,-,-,-,-,-,-,-,-,-,-,-,-,-,SCRATCHED,SCRATCHED,-,-,-,-,-,,,,,,,,,
2026-07-26T13:33:21+10:00,2026-07-26_SALE,2026-07-26_SALE_R5,2026-07-26_SALE_R5_COMEALONGJEFFREY,race_fields.csv,2026-07-26,TODAY,COUNTRY,FIELDS_READY,YES,SALE,5,,,TIME_TBC,1200m,BM 70,Soft,,1,1,Come Along Jeffrey,COMEALONGJEFFREY,8,J.M.Smith,J.W.Edwards,https://cdn.silks.racing.com/bb/205497.png,https://cdn.silks.racing.com/bb/205497.png,https://cdn.silks.racing.com/bb/205497.png,,ACTIVE,ACTIVE,5,5,5,5,5,-,-,-,-,-,-,-,-,-,-,-,-,-,-,-,-,-,,,,,,,,,
2026-07-26T13:33:21+10:00,2026-07-26_SALE,2026-07-26_SALE_R5,2026-07-26_SALE_R5_HUMZABEY,race_fields.csv,2026-07-26,TODAY,COUNTRY,FIELDS_READY,YES,SALE,5,,,TIME_TBC,1200m,BM 70,Soft,,2,2,Humza Bey,HUMZABEY,1,T.Stockdale,Mick Price & Michael Kent (Jnr),https://cdn.silks.racing.com/bb/30380.png,https://cdn.silks.racing.com/bb/30380.png,https://cdn.silks.racing.com/bb/30380.png,,ACTIVE,ACTIVE,1.6,1.6,1.6,1.6,1.6,-,-,-,-,-,-,-,-,-,-,-,-,-,-,-,-,-,,,,,,,,,
2026-07-26T13:33:21+10:00,2026-07-26_SALE,2026-07-26_SALE_R5,2026-07-26_SALE_R5_THINXZO,race_fields.csv,2026-07-26,TODAY,COUNTRY,FIELDS_READY,YES,SALE,5,,,TIME_TBC,1200m,BM 70,Soft,,3,3,Thinxzo,THINXZO,4,D.G.Thornton,D.T.O'Brien,https://cdn.silks.racing.com/bb/197087.png,https://cdn.silks.racing.com/bb/197087.png,https://cdn.silks.racing.com/bb/197087.png,,ACTIVE,ACTIVE,10.1,10.1,10.1,10.1,10.1,-,-,-,-,-,-,-,-,-,-,-,-,-,-,-,-,-,,,,,,,,,
2026-07-26T13:33:21+10:00,2026-07-26_SALE,2026-07-26_SALE_R5,2026-07-26_SALE_R5_DOLLARSHOT,race_fields.csv,2026-07-26,TODAY,COUNTRY,FIELDS_READY,YES,SALE,5,,,TIME_TBC,1200m,BM 70,Soft,,4,4,Dollar Shot,DOLLARSHOT,3,C.N.Rawiller,D.Nardino,https://cdn.silks.racing.com/bb/129360.png,https://cdn.silks.racing.com/bb/129360.png,https://cdn.silks.racing.com/bb/129360.png,,ACTIVE,ACTIVE,5.8,5.8,5.8,5.8,5.8,-,-,-,-,-,-,-,-,-,-,-,-,-,-,-,-,-,,,,,,,,,
2026-07-26T13:33:21+10:00,2026-07-26_SALE,2026-07-26_SALE_R5,2026-07-26_SALE_R5_MONGOLIANCITY,race_fields.csv,2026-07-26,TODAY,COUNTRY,FIELDS_READY,YES,SALE,5,,,TIME_TBC,1200m,BM 70,Soft,,5,5,Mongolian City,MONGOLIANCITY,9,B.R.Kinninmont,P.Gelagotis,https://cdn.silks.racing.com/bb/208310.png,https://cdn.silks.racing.com/bb/208310.png,https://cdn.silks.racing.com/bb/208310.png,1,SCRATCHED,SCRATCHED,-,-,-,-,-,-,-,-,-,-,-,-,-,-,-,SCRATCHED,SCRATCHED,-,-,-,-,-,,,,,,,,,
2026-07-26T13:33:21+10:00,2026-07-26_SALE,2026-07-26_SALE_R5,2026-07-26_SALE_R5_UNTAPPED,race_fields.csv,2026-07-26,TODAY,COUNTRY,FIELDS_READY,YES,SALE,5,,,TIME_TBC,1200m,BM 70,Soft,,6,6,Untapped,UNTAPPED,6,J.McNeil,Emma-Lee & David Browne,https://cdn.silks.racing.com/bb/71618.png,https://cdn.silks.racing.com/bb/71618.png,https://cdn.silks.racing.com/bb/71618.png,,ACTIVE,ACTIVE,5,5,5,5,5,-,-,-,-,-,-,-,-,-,-,-,-,-,-,-,-,-,,,,,,,,,
2026-07-26T13:33:21+10:00,2026-07-26_SALE,2026-07-26_SALE_R5,2026-07-26_SALE_R5_MREXCLUSIVE,race_fields.csv,2026-07-26,TODAY,COUNTRY,FIELDS_READY,YES,SALE,5,,,TIME_TBC,1200m,BM 70,Soft,,7,7,Mr Exclusive,MREXCLUSIVE,5,D.Keane,M.Brown,https://cdn.silks.racing.com/bb/168755.png,https://cdn.silks.racing.com/bb/168755.png,https://cdn.silks.racing.com/bb/168755.png,,ACTIVE,ACTIVE,10,10,10,10,10,-,-,-,-,-,-,-,-,-,-,-,-,-,-,-,-,-,,,,,,,,,
2026-07-26T13:33:21+10:00,2026-07-26_SALE,2026-07-26_SALE_R5,2026-07-26_SALE_R5_VALEDICTORIAN,race_fields.csv,2026-07-26,TODAY,COUNTRY,FIELDS_READY,YES,SALE,5,,,TIME_TBC,1200m,BM 70,Soft,,8,8,Valedictorian,VALEDICTORIAN,7,,J.Sandhu,https://cdn.silks.racing.com/bb/204827.png,https://cdn.silks.racing.com/bb/204827.png,https://cdn.silks.racing.com/bb/204827.png,1,SCRATCHED,SCRATCHED,-,-,-,-,-,-,-,-,-,-,-,-,-,-,-,SCRATCHED,SCRATCHED,-,-,-,-,-,,,,,,,,,
2026-07-26T13:33:21+10:00,2026-07-26_SALE,2026-07-26_SALE_R5,2026-07-26_SALE_R5_TALLADEGAGIRL,race_fields.csv,2026-07-26,TODAY,COUNTRY,FIELDS_READY,YES,SALE,5,,,TIME_TBC,1200m,BM 70,Soft,,9,9,Talladega Girl,TALLADEGAGIRL,2,N.Daniels,"Ben, Will & JD Hayes",https://cdn.silks.racing.com/bb/199023.png,https://cdn.silks.racing.com/bb/199023.png,https://cdn.silks.racing.com/bb/199023.png,1,SCRATCHED,SCRATCHED,-,-,-,-,-,-,-,-,-,-,-,-,-,-,-,SCRATCHED,SCRATCHED,-,-,-,-,-,,,,,,,,,
2026-07-26T13:33:21+10:00,2026-07-26_SALE,2026-07-26_SALE_R6,2026-07-26_SALE_R6_MAINMANKASH,race_fields.csv,2026-07-26,TODAY,COUNTRY,FIELDS_READY,YES,SALE,6,,,TIME_TBC,1000m,BM 58,Soft,,1,1,Mainmankash,MAINMANKASH,11,J.C.Maskiell,K.F.Milham,https://cdn.silks.racing.com/bb/7530.png,https://cdn.silks.racing.com/bb/7530.png,https://cdn.silks.racing.com/bb/7530.png,,ACTIVE,ACTIVE,3.3,3.3,3.3,3.3,3.3,-,-,-,-,-,-,-,-,-,-,-,-,-,-,-,-,-,,,,,,,,,
2026-07-26T13:33:21+10:00,2026-07-26_SALE,2026-07-26_SALE_R6,2026-07-26_SALE_R6_MIDNIGHTDEVIL,race_fields.csv,2026-07-26,TODAY,COUNTRY,FIELDS_READY,YES,SALE,6,,,TIME_TBC,1000m,BM 58,Soft,,2,2,Midnight Devil,MIDNIGHTDEVIL,8,S.R.Hateley,E.Jusufovic,https://cdn.silks.racing.com/bb/74921.png,https://cdn.silks.racing.com/bb/74921.png,https://cdn.silks.racing.com/bb/74921.png,,ACTIVE,ACTIVE,9.5,9.5,9.5,9.5,9.5,-,-,-,-,-,-,-,-,-,-,-,-,-,-,-,-,-,,,,,,,,,
2026-07-26T13:33:21+10:00,2026-07-26_SALE,2026-07-26_SALE_R6,2026-07-26_SALE_R6_MAGICDRUM,race_fields.csv,2026-07-26,TODAY,COUNTRY,FIELDS_READY,YES,SALE,6,,,TIME_TBC,1000m,BM 58,Soft,,3,3,Magic Drum,MAGICDRUM,7,S.Clarke,K.L.Wilson,https://cdn.silks.racing.com/bb/189991.png,https://cdn.silks.racing.com/bb/189991.png,https://cdn.silks.racing.com/bb/189991.png,,ACTIVE,ACTIVE,9,9,9,9,9,-,-,-,-,-,-,-,-,-,-,-,-,-,-,-,-,-,,,,,,,,,
2026-07-26T13:33:21+10:00,2026-07-26_SALE,2026-07-26_SALE_R6,2026-07-26_SALE_R6_NICEREINE,race_fields.csv,2026-07-26,TODAY,COUNTRY,FIELDS_READY,YES,SALE,6,,,TIME_TBC,1000m,BM 58,Soft,,4,4,Nicereine,NICEREINE,2,L.J.Neindorf,P.Gelagotis,https://cdn.silks.racing.com/bb/192394.png,https://cdn.silks.racing.com/bb/192394.png,https://cdn.silks.racing.com/bb/192394.png,1,SCRATCHED,SCRATCHED,-,-,-,-,-,-,-,-,-,-,-,-,-,-,-,SCRATCHED,SCRATCHED,-,-,-,-,-,,,,,,,,,
2026-07-26T13:33:21+10:00,2026-07-26_SALE,2026-07-26_SALE_R6,2026-07-26_SALE_R6_ROOMFORBINGO,race_fields.csv,2026-07-26,TODAY,COUNTRY,FIELDS_READY,YES,SALE,6,,,TIME_TBC,1000m,BM 58,Soft,,5,5,Room For Bingo,ROOMFORBINGO,5,N.Daniels,R.A.Waymouth,https://cdn.silks.racing.com/bb/68982.png,https://cdn.silks.racing.com/bb/68982.png,https://cdn.silks.racing.com/bb/68982.png,1,SCRATCHED,SCRATCHED,-,-,-,-,-,-,-,-,-,-,-,-,-,-,-,SCRATCHED,SCRATCHED,-,-,-,-,-,,,,,,,,,
2026-07-26T13:33:21+10:00,2026-07-26_SALE,2026-07-26_SALE_R6,2026-07-26_SALE_R6_RUBYAVENUE,race_fields.csv,2026-07-26,TODAY,COUNTRY,FIELDS_READY,YES,SALE,6,,,TIME_TBC,1000m,BM 58,Soft,,6,6,Ruby Avenue,RUBYAVENUE,6,L.Nolen,A.Leek,https://cdn.silks.racing.com/bb/196309.png,https://cdn.silks.racing.com/bb/196309.png,https://cdn.silks.racing.com/bb/196309.png,,ACTIVE,ACTIVE,7.5,7.5,7.5,7.5,7.5,-,-,-,-,-,-,-,-,-,-,-,-,-,-,-,-,-,,,,,,,,,
2026-07-26T13:33:21+10:00,2026-07-26_SALE,2026-07-26_SALE_R6,2026-07-26_SALE_R6_FLYINGMEAN,race_fields.csv,2026-07-26,TODAY,COUNTRY,FIELDS_READY,YES,SALE,6,,,TIME_TBC,1000m,BM 58,Soft,,7,7,Flying Mean,FLYINGMEAN,4,D.Keane,C.W.McDonald,https://cdn.silks.racing.com/bb/2193.png,https://cdn.silks.racing.com/bb/2193.png,https://cdn.silks.racing.com/bb/2193.png,,ACTIVE,ACTIVE,6.5,6.5,6.5,6.5,6.5,-,-,-,-,-,-,-,-,-,-,-,-,-,-,-,-,-,,,,,,,,,
2026-07-26T13:33:21+10:00,2026-07-26_SALE,2026-07-26_SALE_R6,2026-07-26_SALE_R6_POINTMOON,race_fields.csv,2026-07-26,TODAY,COUNTRY,FIELDS_READY,YES,SALE,6,,,TIME_TBC,1000m,BM 58,Soft,,8,8,Point Moon,POINTMOON,9,J.Mott,C.Douglas,https://cdn.silks.racing.com/bb/186080.png,https://cdn.silks.racing.com/bb/186080.png,https://cdn.silks.racing.com/bb/186080.png,1,SCRATCHED,SCRATCHED,-,-,-,-,-,-,-,-,-,-,-,-,-,-,-,SCRATCHED,SCRATCHED,-,-,-,-,-,,,,,,,,,
2026-07-26T13:33:21+10:00,2026-07-26_SALE,2026-07-26_SALE_R6,2026-07-26_SALE_R6_IRRESISTIBLESIR,race_fields.csv,2026-07-26,TODAY,COUNTRY,FIELDS_READY,YES,SALE,6,,,TIME_TBC,1000m,BM 58,Soft,,9,9,Irresistible Sir,IRRESISTIBLESIR,10,V.L.Boeuf,RC.Manning,https://cdn.silks.racing.com/bb/1831.png,https://cdn.silks.racing.com/bb/1831.png,https://cdn.silks.racing.com/bb/1831.png,,ACTIVE,ACTIVE,35,35,35,35,35,-,-,-,-,-,-,-,-,-,-,-,-,-,-,-,-,-,,,,,,,,,
2026-07-26T13:33:21+10:00,2026-07-26_SALE,2026-07-26_SALE_R6,2026-07-26_SALE_R6_MISLIGHT,race_fields.csv,2026-07-26,TODAY,COUNTRY,FIELDS_READY,YES,SALE,6,,,TIME_TBC,1000m,BM 58,Soft,,10,10,Mislight,MISLIGHT,3,J.Bowditch,R.A.Frost,https://cdn.silks.racing.com/bb/115173.png,https://cdn.silks.racing.com/bb/115173.png,https://cdn.silks.racing.com/bb/115173.png,,ACTIVE,ACTIVE,23,23,23,23,23,-,-,-,-,-,-,-,-,-,-,-,-,-,-,-,-,-,,,,,,,,,
2026-07-26T13:33:21+10:00,2026-07-26_SALE,2026-07-26_SALE_R6,2026-07-26_SALE_R6_INVINCIBLEAMOUR,race_fields.csv,2026-07-26,TODAY,COUNTRY,FIELDS_READY,YES,SALE,6,,,TIME_TBC,1000m,BM 58,Soft,,11,11,Invincible Amour,INVINCIBLEAMOUR,1,C.Hefel,B.J.McCarthy,https://cdn.silks.racing.com/bb/3632.png,https://cdn.silks.racing.com/bb/3632.png,https://cdn.silks.racing.com/bb/3632.png,,ACTIVE,ACTIVE,41,41,41,41,41,-,-,-,-,-,-,-,-,-,-,-,-,-,-,-,-,-,,,,,,,,,
2026-07-26T13:33:21+10:00,2026-07-26_SALE,2026-07-26_SALE_R7,2026-07-26_SALE_R7_RASP,race_fields.csv,2026-07-26,TODAY,COUNTRY,FIELDS_READY,YES,SALE,7,,,TIME_TBC,1600m,BM 64,"Handicap. Two-Years-Old and Upwards, No sex restriction. BenchMark 66. Apprentices can claim. Track name: Main. Track type: Turf. Field limit: 14.",,1,1,Rasp,RASP,3,N.Daniels,G.M.Bedggood,https://cdn.silks.racing.com/bb/151441.png,https://cdn.silks.racing.com/bb/151441.png,https://cdn.silks.racing.com/bb/151441.png,,ACTIVE,ACTIVE,7,7,7,7,7,-,-,-,-,-,-,-,-,-,-,-,-,-,-,-,-,-,,,,,,,,,
2026-07-26T13:33:21+10:00,2026-07-26_SALE,2026-07-26_SALE_R7,2026-07-26_SALE_R7_NEARINGLIBERTY,race_fields.csv,2026-07-26,TODAY,COUNTRY,FIELDS_READY,YES,SALE,7,,,TIME_TBC,1600m,BM 64,"Handicap. Two-Years-Old and Upwards, No sex restriction. BenchMark 66. Apprentices can claim. Track name: Main. Track type: Turf. Field limit: 14.",,2,2,Nearing Liberty,NEARINGLIBERTY,8,B.R.Kinninmont,M.Brown,https://cdn.silks.racing.com/bb/136781.png,https://cdn.silks.racing.com/bb/136781.png,https://cdn.silks.racing.com/bb/136781.png,,ACTIVE,ACTIVE,6.5,6.5,6.5,6.5,6.5,-,-,-,-,-,-,-,-,-,-,-,-,-,-,-,-,-,,,,,,,,,
2026-07-26T13:33:21+10:00,2026-07-26_SALE,2026-07-26_SALE_R7,2026-07-26_SALE_R7_YAMATOSATONA,race_fields.csv,2026-07-26,TODAY,COUNTRY,FIELDS_READY,YES,SALE,7,,,TIME_TBC,1600m,BM 64,"Handicap. Two-Years-Old and Upwards, No sex restriction. BenchMark 66. Apprentices can claim. Track name: Main. Track type: Turf. Field limit: 14.",,3,3,Yamato Satona,YAMATOSATONA,1,L.J.Neindorf,P.J.Stokes,https://cdn.silks.racing.com/bb/210646.png,https://cdn.silks.racing.com/bb/210646.png,https://cdn.silks.racing.com/bb/210646.png,,ACTIVE,ACTIVE,7.1,7.1,7.1,7.1,7.1,-,-,-,-,-,-,-,-,-,-,-,-,-,-,-,-,-,,,,,,,,,
2026-07-26T13:33:21+10:00,2026-07-26_SALE,2026-07-26_SALE_R7,2026-07-26_SALE_R7_ZORROSFLIGHT,race_fields.csv,2026-07-26,TODAY,COUNTRY,FIELDS_READY,YES,SALE,7,,,TIME_TBC,1600m,BM 64,"Handicap. Two-Years-Old and Upwards, No sex restriction. BenchMark 66. Apprentices can claim. Track name: Main. Track type: Turf. Field limit: 14.",,4,4,Zorro's Flight,ZORROSFLIGHT,10,J.Noonan,P.B.Payne,https://cdn.silks.racing.com/bb/37237.png,https://cdn.silks.racing.com/bb/37237.png,https://cdn.silks.racing.com/bb/37237.png,,ACTIVE,ACTIVE,2.85,2.85,2.85,2.85,2.85,-,-,-,-,-,-,-,-,-,-,-,-,-,-,-,-,-,,,,,,,,,
2026-07-26T13:33:21+10:00,2026-07-26_SALE,2026-07-26_SALE_R7,2026-07-26_SALE_R7_ASEVENTYSEVEN,race_fields.csv,2026-07-26,TODAY,COUNTRY,FIELDS_READY,YES,SALE,7,,,TIME_TBC,1600m,BM 64,"Handicap. Two-Years-Old and Upwards, No sex restriction. BenchMark 66. Apprentices can claim. Track name: Main. Track type: Turf. Field limit: 14.",,5,5,Aseventy Seven,ASEVENTYSEVEN,6,J.McNeil,Emma-Lee & David Browne,https://cdn.silks.racing.com/bb/10056.png,https://cdn.silks.racing.com/bb/10056.png,https://cdn.silks.racing.com/bb/10056.png,,ACTIVE,ACTIVE,28.9,28.9,28.9,28.9,28.9,-,-,-,-,-,-,-,-,-,-,-,-,-,-,-,-,-,,,,,,,,,
2026-07-26T13:33:21+10:00,2026-07-26_SALE,2026-07-26_SALE_R7,2026-07-26_SALE_R7_CEREMONIOUS,race_fields.csv,2026-07-26,TODAY,COUNTRY,FIELDS_READY,YES,SALE,7,,,TIME_TBC,1600m,BM 64,"Handicap. Two-Years-Old and Upwards, No sex restriction. BenchMark 66. Apprentices can claim. Track name: Main. Track type: Turf. Field limit: 14.",,6,6,Ceremonious,CEREMONIOUS,9,T.M.Nugent,Leon & Troy Corstens & Will Larkin,https://cdn.silks.racing.com/bb/205601.png,https://cdn.silks.racing.com/bb/205601.png,https://cdn.silks.racing.com/bb/205601.png,,ACTIVE,ACTIVE,16,16,16,16,16,-,-,-,-,-,-,-,-,-,-,-,-,-,-,-,-,-,,,,,,,,,
2026-07-26T13:33:21+10:00,2026-07-26_SALE,2026-07-26_SALE_R7,2026-07-26_SALE_R7_ENCHANTEDJENNI,race_fields.csv,2026-07-26,TODAY,COUNTRY,FIELDS_READY,YES,SALE,7,,,TIME_TBC,1600m,BM 64,"Handicap. Two-Years-Old and Upwards, No sex restriction. BenchMark 66. Apprentices can claim. Track name: Main. Track type: Turf. Field limit: 14.",,7,7,Enchanted Jenni,ENCHANTEDJENNI,2,T.Stockdale,L.M.Kennewell,https://cdn.silks.racing.com/bb/183160.png,https://cdn.silks.racing.com/bb/183160.png,https://cdn.silks.racing.com/bb/183160.png,,ACTIVE,ACTIVE,13,13,13,13,13,-,-,-,-,-,-,-,-,-,-,-,-,-,-,-,-,-,,,,,,,,,
2026-07-26T13:33:21+10:00,2026-07-26_SALE,2026-07-26_SALE_R7,2026-07-26_SALE_R7_CHAMPAGNEJENNI,race_fields.csv,2026-07-26,TODAY,COUNTRY,FIELDS_READY,YES,SALE,7,,,TIME_TBC,1600m,BM 64,"Handicap. Two-Years-Old and Upwards, No sex restriction. BenchMark 66. Apprentices can claim. Track name: Main. Track type: Turf. Field limit: 14.",,8,8,Champagne Jenni,CHAMPAGNEJENNI,7,J.Mott,S.Jackson,https://cdn.silks.racing.com/bb/183160.png,https://cdn.silks.racing.com/bb/183160.png,https://cdn.silks.racing.com/bb/183160.png,,ACTIVE,ACTIVE,9.5,9.5,9.5,9.5,9.5,-,-,-,-,-,-,-,-,-,-,-,-,-,-,-,-,-,,,,,,,,,
2026-07-26T13:33:21+10:00,2026-07-26_SALE,2026-07-26_SALE_R7,2026-07-26_SALE_R7_KOROBEINIKI,race_fields.csv,2026-07-26,TODAY,COUNTRY,FIELDS_READY,YES,SALE,7,,,TIME_TBC,1600m,BM 64,"Handicap. Two-Years-Old and Upwards, No sex restriction. BenchMark 66. Apprentices can claim. Track name: Main. Track type: Turf. Field limit: 14.",,9,9,Korobeiniki,KOROBEINIKI,4,C.Hefel,N.J.Harnett,https://cdn.silks.racing.com/bb/1892.png,https://cdn.silks.racing.com/bb/1892.png,https://cdn.silks.racing.com/bb/1892.png,,ACTIVE,ACTIVE,10,10,10,10,10,-,-,-,-,-,-,-,-,-,-,-,-,-,-,-,-,-,,,,,,,,,
2026-07-26T13:33:21+10:00,2026-07-26_SALE,2026-07-26_SALE_R7,2026-07-26_SALE_R7_SHUBAEL,race_fields.csv,2026-07-26,TODAY,COUNTRY,FIELDS_READY,YES,SALE,7,,,TIME_TBC,1600m,BM 64,"Handicap. Two-Years-Old and Upwards, No sex restriction. BenchMark 66. Apprentices can claim. Track name: Main. Track type: Turf. Field limit: 14.",,10,10,Shubael,SHUBAEL,5,D.Keane,M.J.Leek,https://cdn.silks.racing.com/bb/2286.png,https://cdn.silks.racing.com/bb/2286.png,https://cdn.silks.racing.com/bb/2286.png,,ACTIVE,ACTIVE,61,61,61,61,61,-,-,-,-,-,-,-,-,-,-,-,-,-,-,-,-,-,,,,,,,,,
2026-07-26T13:33:21+10:00,2026-07-26_SALE,2026-07-26_SALE_R8,2026-07-26_SALE_R8_ALLBUSINESS,race_fields.csv,2026-07-26,TODAY,COUNTRY,FIELDS_READY,YES,SALE,8,,,TIME_TBC,1400m,BM 58,"Handicap. Two-Years-Old and Upwards, No sex restriction. BenchMark 62. Apprentices can claim. Track name: Main. Track type: Turf. Field limit: 14.",,1,1,All Business,ALLBUSINESS,13,S.R.Hateley,Leon & Troy Corstens & Will Larkin,https://cdn.silks.racing.com/bb/158419.png,https://cdn.silks.racing.com/bb/158419.png,https://cdn.silks.racing.com/bb/158419.png,,ACTIVE,ACTIVE,8.5,8.5,8.5,8.5,8.5,-,-,-,-,-,-,-,-,-,-,-,-,-,-,-,-,-,,,,,,,,,
2026-07-26T13:33:21+10:00,2026-07-26_SALE,2026-07-26_SALE_R8,2026-07-26_SALE_R8_LOFTYTHOUGHTS,race_fields.csv,2026-07-26,TODAY,COUNTRY,FIELDS_READY,YES,SALE,8,,,TIME_TBC,1400m,BM 58,"Handicap. Two-Years-Old and Upwards, No sex restriction. BenchMark 62. Apprentices can claim. Track name: Main. Track type: Turf. Field limit: 14.",,2,2,Lofty Thoughts,LOFTYTHOUGHTS,10,L.J.Neindorf,A.G.Rae,https://cdn.silks.racing.com/bb/187879.png,https://cdn.silks.racing.com/bb/187879.png,https://cdn.silks.racing.com/bb/187879.png,,ACTIVE,ACTIVE,3.7,3.7,3.7,3.7,3.7,-,-,-,-,-,-,-,-,-,-,-,-,-,-,-,-,-,,,,,,,,,
2026-07-26T13:33:21+10:00,2026-07-26_SALE,2026-07-26_SALE_R8,2026-07-26_SALE_R8_PRINCING,race_fields.csv,2026-07-26,TODAY,COUNTRY,FIELDS_READY,YES,SALE,8,,,TIME_TBC,1400m,BM 58,"Handicap. Two-Years-Old and Upwards, No sex restriction. BenchMark 62. Apprentices can claim. Track name: Main. Track type: Turf. Field limit: 14.",,3,3,Princing,PRINCING,4,C.Newitt,J.Hunter,https://cdn.silks.racing.com/bb/11016.png,https://cdn.silks.racing.com/bb/11016.png,https://cdn.silks.racing.com/bb/11016.png,,ACTIVE,ACTIVE,8.5,8.5,8.5,8.5,8.5,-,-,-,-,-,-,-,-,-,-,-,-,-,-,-,-,-,,,,,,,,,
2026-07-26T13:33:21+10:00,2026-07-26_SALE,2026-07-26_SALE_R8,2026-07-26_SALE_R8_DELIGHTFULJOURNEY,race_fields.csv,2026-07-26,TODAY,COUNTRY,FIELDS_READY,YES,SALE,8,,,TIME_TBC,1400m,BM 58,"Handicap. Two-Years-Old and Upwards, No sex restriction. BenchMark 62. Apprentices can claim. Track name: Main. Track type: Turf. Field limit: 14.",,4,4,Delightful Journey,DELIGHTFULJOURNEY,11,T.M.Nugent,C.M.Sexton,https://cdn.silks.racing.com/bb/67089.png,https://cdn.silks.racing.com/bb/67089.png,https://cdn.silks.racing.com/bb/67089.png,,ACTIVE,ACTIVE,25.7,25.7,25.7,25.7,25.7,-,-,-,-,-,-,-,-,-,-,-,-,-,-,-,-,-,,,,,,,,,
2026-07-26T13:33:21+10:00,2026-07-26_SALE,2026-07-26_SALE_R8,2026-07-26_SALE_R8_EXPRESSGUARD,race_fields.csv,2026-07-26,TODAY,COUNTRY,FIELDS_READY,YES,SALE,8,,,TIME_TBC,1400m,BM 58,"Handicap. Two-Years-Old and Upwards, No sex restriction. BenchMark 62. Apprentices can claim. Track name: Main. Track type: Turf. Field limit: 14.",,5,5,Express Guard,EXPRESSGUARD,17,L.Nolen,B.R.Cunningham,https://cdn.silks.racing.com/bb/207803.png,https://cdn.silks.racing.com/bb/207803.png,https://cdn.silks.racing.com/bb/207803.png,,ACTIVE,ACTIVE,17.9,17.9,17.9,17.9,17.9,-,-,-,-,-,-,-,-,-,-,-,-,-,-,-,-,-,,,,,,,,,
2026-07-26T13:33:21+10:00,2026-07-26_SALE,2026-07-26_SALE_R8,2026-07-26_SALE_R8_YOUNEVERCANTELL,race_fields.csv,2026-07-26,TODAY,COUNTRY,FIELDS_READY,YES,SALE,8,,,TIME_TBC,1400m,BM 58,"Handicap. Two-Years-Old and Upwards, No sex restriction. BenchMark 62. Apprentices can claim. Track name: Main. Track type: Turf. Field limit: 14.",,6,6,You Never Can Tell,YOUNEVERCANTELL,12,T.Stockdale,G.Eurell,https://cdn.silks.racing.com/bb/28474.png,https://cdn.silks.racing.com/bb/28474.png,https://cdn.silks.racing.com/bb/28474.png,1,SCRATCHED,SCRATCHED,-,-,-,-,-,-,-,-,-,-,-,-,-,-,-,SCRATCHED,SCRATCHED,-,-,-,-,-,,,,,,,,,
2026-07-26T13:33:21+10:00,2026-07-26_SALE,2026-07-26_SALE_R8,2026-07-26_SALE_R8_ANNABELLESUNSHINE,race_fields.csv,2026-07-26,TODAY,COUNTRY,FIELDS_READY,YES,SALE,8,,,TIME_TBC,1400m,BM 58,"Handicap. Two-Years-Old and Upwards, No sex restriction. BenchMark 62. Apprentices can claim. Track name: Main. Track type: Turf. Field limit: 14.",,7,7,Annabelle Sunshine,ANNABELLESUNSHINE,5,J.Beriman,M.P.Trotter,https://cdn.silks.racing.com/bb/196151.png,https://cdn.silks.racing.com/bb/196151.png,https://cdn.silks.racing.com/bb/196151.png,,ACTIVE,ACTIVE,18.5,18.5,18.5,18.5,18.5,-,-,-,-,-,-,-,-,-,-,-,-,-,-,-,-,-,,,,,,,,,
2026-07-26T13:33:21+10:00,2026-07-26_SALE,2026-07-26_SALE_R8,2026-07-26_SALE_R8_ZEBEENINE,race_fields.csv,2026-07-26,TODAY,COUNTRY,FIELDS_READY,YES,SALE,8,,,TIME_TBC,1400m,BM 58,"Handicap. Two-Years-Old and Upwards, No sex restriction. BenchMark 62. Apprentices can claim. Track name: Main. Track type: Turf. Field limit: 14.",,8,8,Ze Bee Nine,ZEBEENINE,14,D.G.Thornton,C.A.Martindale,https://cdn.silks.racing.com/bb/167895.png,https://cdn.silks.racing.com/bb/167895.png,https://cdn.silks.racing.com/bb/167895.png,,ACTIVE,ACTIVE,46,46,46,46,46,-,-,-,-,-,-,-,-,-,-,-,-,-,-,-,-,-,,,,,,,,,
2026-07-26T13:33:21+10:00,2026-07-26_SALE,2026-07-26_SALE_R8,2026-07-26_SALE_R8_PRINCESSSAKIKO,race_fields.csv,2026-07-26,TODAY,COUNTRY,FIELDS_READY,YES,SALE,8,,,TIME_TBC,1400m,BM 58,"Handicap. Two-Years-Old and Upwards, No sex restriction. BenchMark 62. Apprentices can claim. Track name: Main. Track type: Turf. Field limit: 14.",,9,9,Princess Sakiko,PRINCESSSAKIKO,7,J.Mott,S.Jackson,https://cdn.silks.racing.com/bb/289.png,https://cdn.silks.racing.com/bb/289.png,https://cdn.silks.racing.com/bb/289.png,,ACTIVE,ACTIVE,8.4,8.4,8.4,8.4,8.4,-,-,-,-,-,-,-,-,-,-,-,-,-,-,-,-,-,,,,,,,,,
2026-07-26T13:33:21+10:00,2026-07-26_SALE,2026-07-26_SALE_R8,2026-07-26_SALE_R8_DANEONTOUR,race_fields.csv,2026-07-26,TODAY,COUNTRY,FIELDS_READY,YES,SALE,8,,,TIME_TBC,1400m,BM 58,"Handicap. Two-Years-Old and Upwards, No sex restriction. BenchMark 62. Apprentices can claim. Track name: Main. Track type: Turf. Field limit: 14.",,10,10,Dane On Tour,DANEONTOUR,8,J.Noonan,David & Coral Feek,https://cdn.silks.racing.com/bb/184143.png,https://cdn.silks.racing.com/bb/184143.png,https://cdn.silks.racing.com/bb/184143.png,,ACTIVE,ACTIVE,15,15,15,15,15,-,-,-,-,-,-,-,-,-,-,-,-,-,-,-,-,-,,,,,,,,,
2026-07-26T13:33:21+10:00,2026-07-26_SALE,2026-07-26_SALE_R8,2026-07-26_SALE_R8_TWOSIGMA,race_fields.csv,2026-07-26,TODAY,COUNTRY,FIELDS_READY,YES,SALE,8,,,TIME_TBC,1400m,BM 58,"Handicap. Two-Years-Old and Upwards, No sex restriction. BenchMark 62. Apprentices can claim. Track name: Main. Track type: Turf. Field limit: 14.",,11,11,Two Sigma,TWOSIGMA,15,J.McNeil,R.J.Goodwin,https://cdn.silks.racing.com/bb/202225.png,https://cdn.silks.racing.com/bb/202225.png,https://cdn.silks.racing.com/bb/202225.png,,ACTIVE,ACTIVE,18.4,18.4,18.4,18.4,18.4,-,-,-,-,-,-,-,-,-,-,-,-,-,-,-,-,-,,,,,,,,,
2026-07-26T13:33:21+10:00,2026-07-26_SALE,2026-07-26_SALE_R8,2026-07-26_SALE_R8_WOMENINUNIFORM,race_fields.csv,2026-07-26,TODAY,COUNTRY,FIELDS_READY,YES,SALE,8,,,TIME_TBC,1400m,BM 58,"Handicap. Two-Years-Old and Upwards, No sex restriction. BenchMark 62. Apprentices can claim. Track name: Main. Track type: Turf. Field limit: 14.",,12,12,Women In Uniform,WOMENINUNIFORM,1,N.Daniels,B.Papazaharoudakis,https://cdn.silks.racing.com/bb/7004.png,https://cdn.silks.racing.com/bb/7004.png,https://cdn.silks.racing.com/bb/7004.png,,ACTIVE,ACTIVE,28.7,28.7,28.7,28.7,28.7,-,-,-,-,-,-,-,-,-,-,-,-,-,-,-,-,-,,,,,,,,,
2026-07-26T13:33:21+10:00,2026-07-26_SALE,2026-07-26_SALE_R8,2026-07-26_SALE_R8_AUTOMAX,race_fields.csv,2026-07-26,TODAY,COUNTRY,FIELDS_READY,YES,SALE,8,,,TIME_TBC,1400m,BM 58,"Handicap. Two-Years-Old and Upwards, No sex restriction. BenchMark 62. Apprentices can claim. Track name: Main. Track type: Turf. Field limit: 14.",,13,13,Auto Max,AUTOMAX,16,J.Bowditch,S.Wells,https://cdn.silks.racing.com/bb/186078.png,https://cdn.silks.racing.com/bb/186078.png,https://cdn.silks.racing.com/bb/186078.png,,ACTIVE,ACTIVE,51,51,51,51,51,-,-,-,-,-,-,-,-,-,-,-,-,-,-,-,-,-,,,,,,,,,
2026-07-26T13:33:21+10:00,2026-07-26_SALE,2026-07-26_SALE_R8,2026-07-26_SALE_R8_IMDYNAMITE,race_fields.csv,2026-07-26,TODAY,COUNTRY,FIELDS_READY,YES,SALE,8,,,TIME_TBC,1400m,BM 58,"Handicap. Two-Years-Old and Upwards, No sex restriction. BenchMark 62. Apprentices can claim. Track name: Main. Track type: Turf. Field limit: 14.",,14,14,I'm Dynamite,IMDYNAMITE,6,V.L.Boeuf,S.Wells,https://cdn.silks.racing.com/bb/186078.png,https://cdn.silks.racing.com/bb/186078.png,https://cdn.silks.racing.com/bb/186078.png,,ACTIVE,ACTIVE,27,27,27,27,27,-,-,-,-,-,-,-,-,-,-,-,-,-,-,-,-,-,,,,,,,,,
2026-07-26T13:33:21+10:00,2026-07-26_SALE,2026-07-26_SALE_R8,2026-07-26_SALE_R8_HOTCHILLIMAMA,race_fields.csv,2026-07-26,TODAY,COUNTRY,FIELDS_READY,YES,SALE,8,,,TIME_TBC,1400m,BM 58,"Handicap. Two-Years-Old and Upwards, No sex restriction. BenchMark 62. Apprentices can claim. Track name: Main. Track type: Turf. Field limit: 14.",,15,15,Hot Chilli Mama,HOTCHILLIMAMA,2,C.Hefel,S.L.Gotts,https://cdn.silks.racing.com/bb/155830.png,https://cdn.silks.racing.com/bb/155830.png,https://cdn.silks.racing.com/bb/155830.png,,ACTIVE,ACTIVE,64.5,64.5,64.5,64.5,64.5,-,-,-,-,-,-,-,-,-,-,-,-,-,-,-,-,-,,,,,,,,,
2026-07-26T13:33:21+10:00,2026-07-26_SALE,2026-07-26_SALE_R8,2026-07-26_SALE_R8_HEFF,race_fields.csv,2026-07-26,TODAY,COUNTRY,FIELDS_READY,YES,SALE,8,,,TIME_TBC,1400m,BM 58,"Handicap. Two-Years-Old and Upwards, No sex restriction. BenchMark 62. Apprentices can claim. Track name: Main. Track type: Turf. Field limit: 14.",,16,16,Heff,HEFF,9,,S.L.Trolove,https://cdn.silks.racing.com/bb/71521.png,https://cdn.silks.racing.com/bb/71521.png,https://cdn.silks.racing.com/bb/71521.png,1,SCRATCHED,SCRATCHED,-,-,-,-,-,-,-,-,-,-,-,-,-,-,-,SCRATCHED,SCRATCHED,-,-,-,-,-,,,,,,,,,
2026-07-26T13:33:21+10:00,2026-07-26_SALE,2026-07-26_SALE_R8,2026-07-26_SALE_R8_NORTHWOODVAMOOSE,race_fields.csv,2026-07-26,TODAY,COUNTRY,FIELDS_READY,YES,SALE,8,,,TIME_TBC,1400m,BM 58,"Handicap. Two-Years-Old and Upwards, No sex restriction. BenchMark 62. Apprentices can claim. Track name: Main. Track type: Turf. Field limit: 14.",,17,17,Northwood Vamoose,NORTHWOODVAMOOSE,3,S.Wynne,S.Wynne,https://cdn.silks.racing.com/bb/141890.png,https://cdn.silks.racing.com/bb/141890.png,https://cdn.silks.racing.com/bb/141890.png,1,SCRATCHED,SCRATCHED,-,-,-,-,-,-,-,-,-,-,-,-,-,-,-,SCRATCHED,SCRATCHED,-,-,-,-,-,,,,,,,,,
