race_entry_epi_id,canonical_race_id,canonical_runner_id,canonical_horse_name,race_date,projected_performance_value,epi_value,epi_rank,epi_status,epi_reason_code,source_projected_performance_evidence_sha256,epi_builder_version,epi_method_version,epi_evidence_sha256
8431d949bc41981b71ecfd2f051ed99f547312c168374f7799faaf0090598ad2,RACE|2026-07-24|ECHUCA|R1|2100M|2026-07-24T02:35:00+00:00,RCOM_HORSE_5325978,All The Moves,2026-07-24,,,,EPI_UNAVAILABLE,PROJECTED_PERFORMANCE_UNAVAILABLE,8157a5112439334950b4716ddc990f81e8a78981bf5f5d1cafbcb7ea639e0464,EDGEIQ_EPI_ENGINE_V2,FAIL_CLOSED_PENDING_APPROVED_EPI_TRANSFORM_BINDING_V1,a59f7837dfd07924b419d33437d4c2829d1ae5d0aad5b65cf1a702b393e991fc
cf9aa2a44875f52d6de0ac99d25367d15756a654aa8ab2f1694defbb3abdbe54,RACE|2026-07-24|ECHUCA|R1|2100M|2026-07-24T02:35:00+00:00,RCOM_HORSE_5344877,Gentoo,2026-07-24,,,,EPI_UNAVAILABLE,PROJECTED_PERFORMANCE_UNAVAILABLE,14920d8d3c1649494610aeb5a09a3cf37a54f05c8b8a8a73ed9a1aca5ebe584d,EDGEIQ_EPI_ENGINE_V2,FAIL_CLOSED_PENDING_APPROVED_EPI_TRANSFORM_BINDING_V1,4df68b8ca7c348c6b8f73a6a7a3a8a59068a4e522003c09087b1cf683c7547e6
d0b2cb69238ab20e519ebf1427cf4bfc7eb2058f4f041261daee5c3cf2cd4d19,RACE|2026-07-24|ECHUCA|R1|2100M|2026-07-24T02:35:00+00:00,RCOM_HORSE_5347308,Gaelic Kiwi,2026-07-24,,,,EPI_UNAVAILABLE,PROJECTED_PERFORMANCE_UNAVAILABLE,7b40682390ccaaf04acf5745fd29501ce9a67436c97e9245efab95bdc40c5a49,EDGEIQ_EPI_ENGINE_V2,FAIL_CLOSED_PENDING_APPROVED_EPI_TRANSFORM_BINDING_V1,06da390611c43d49bef70d52c8354f560e847f4db959bb3032b639baf183bfcb
3a19aa8ebc93b9f46623f5951d0cd88e406bbef7c4241ace19468ba3a978bd1a,RACE|2026-07-24|ECHUCA|R1|2100M|2026-07-24T02:35:00+00:00,RCOM_HORSE_5347643,King Of Savoy,2026-07-24,,,,EPI_UNAVAILABLE,PROJECTED_PERFORMANCE_UNAVAILABLE,3c4627ce4594b64d22d1c2900ea0ec229a483137daa6f8f58a21de9398f97328,EDGEIQ_EPI_ENGINE_V2,FAIL_CLOSED_PENDING_APPROVED_EPI_TRANSFORM_BINDING_V1,f8bc15e4458ebcd474cd7f552d312ee27cd55fffc1f8b5cc4f318bccb46fd14a
bce61d177fd699b485a7c7e3287da8ef6b422b8d3df4b918cf6a0d8a45a22ddd,RACE|2026-07-24|ECHUCA|R1|2100M|2026-07-24T02:35:00+00:00,RCOM_HORSE_5350266,Ate Iron,2026-07-24,,,,EPI_UNAVAILABLE,PROJECTED_PERFORMANCE_UNAVAILABLE,baae8b3e1880a87b655c4ce244edf953e791265260c8196fa4bfd9033282b963,EDGEIQ_EPI_ENGINE_V2,FAIL_CLOSED_PENDING_APPROVED_EPI_TRANSFORM_BINDING_V1,d90485c83a73878435f9fe97e492faf1483bef7372a4f1da94c94b896880bd17
abd38f2d30df92d494b1d3a8e6492f11645aed40e734f9820db1c8a8a4ea067b,RACE|2026-07-24|ECHUCA|R1|2100M|2026-07-24T02:35:00+00:00,RCOM_HORSE_5350367,Camegitchee,2026-07-24,,,,EPI_UNAVAILABLE,PROJECTED_PERFORMANCE_UNAVAILABLE,e0ad4ac3eaf6e6484ce09368713c118f7387cc1ec22515c0212b829f1e4e84fc,EDGEIQ_EPI_ENGINE_V2,FAIL_CLOSED_PENDING_APPROVED_EPI_TRANSFORM_BINDING_V1,8c12c5e6da48b7b6781cf953737c3923d3abe3ebc5929f97884311abb7e30636
48ada8f014ca8f3a363c6b1f6f00872806eaa1dcf94974110429a07df9bf5fa7,RACE|2026-07-24|ECHUCA|R1|2100M|2026-07-24T02:35:00+00:00,RCOM_HORSE_5350396,Lyttelton,2026-07-24,,,,EPI_UNAVAILABLE,PROJECTED_PERFORMANCE_UNAVAILABLE,29f380c04ffc81695e211676c60d041d89a16ab086027d71cbc156dafe5847bf,EDGEIQ_EPI_ENGINE_V2,FAIL_CLOSED_PENDING_APPROVED_EPI_TRANSFORM_BINDING_V1,4b0a135c2e4c8e06004fdd1c001f5af6ac727b2539a341d212ff3c0779b35775
7315ad46635a40457491ecac136b551e9115b5b147208772abbd7869b7dd38d3,RACE|2026-07-24|ECHUCA|R1|2100M|2026-07-24T02:35:00+00:00,RCOM_HORSE_5354147,Knights Emperor,2026-07-24,,,,EPI_UNAVAILABLE,PROJECTED_PERFORMANCE_UNAVAILABLE,214ff3c4ff0e2768001dcbd86cf03674bbb0d842987492e1f3ca9b18b621c399,EDGEIQ_EPI_ENGINE_V2,FAIL_CLOSED_PENDING_APPROVED_EPI_TRANSFORM_BINDING_V1,89e300a865c2a3575f5824901711aecd159eaf4152d150f00fe9ffaa9bb4ab21
86a2562f0a9c84390985c5b240309e7610425bc125dcc7c8e5d36510cc1cbd5a,RACE|2026-07-24|ECHUCA|R2|1000M|2026-07-24T03:10:00+00:00,RCOM_HORSE_5362688,Divine Nurture,2026-07-24,,,,EPI_UNAVAILABLE,PROJECTED_PERFORMANCE_UNAVAILABLE,5e5f6ab1aac55de85955f0e08b554a56bc5e00e3e26389fe422898d94cb881c6,EDGEIQ_EPI_ENGINE_V2,FAIL_CLOSED_PENDING_APPROVED_EPI_TRANSFORM_BINDING_V1,f3fa9d250b6570d70064756033c378c6f012022e4577f45e80084df81d8d7dc7
0a304bebb25089939093e59db94cf405696a699be749eb3d46aa00a19630c587,RACE|2026-07-24|ECHUCA|R2|1000M|2026-07-24T03:10:00+00:00,RCOM_HORSE_5364057,Dirty Harry,2026-07-24,,,,EPI_UNAVAILABLE,PROJECTED_PERFORMANCE_UNAVAILABLE,8b9df19928cabadcd3785b3dd7199ee20bb68f6cddf179ba3304589ac9a1ef9c,EDGEIQ_EPI_ENGINE_V2,FAIL_CLOSED_PENDING_APPROVED_EPI_TRANSFORM_BINDING_V1,d52acf08bd2de0708edbc7d842585e73c500adadd86a4d81de383b5da00f1d06
6e3d23c42874227a361123e1518d0ed1be5aeb639d897a271c9e9d3b62263082,RACE|2026-07-24|ECHUCA|R2|1000M|2026-07-24T03:10:00+00:00,RCOM_HORSE_5365022,Good Feel,2026-07-24,,,,EPI_UNAVAILABLE,PROJECTED_PERFORMANCE_UNAVAILABLE,465b909e73a9595aa83917b49b2801c88b7c4f1274a50c01af2a29c6cb3c72f8,EDGEIQ_EPI_ENGINE_V2,FAIL_CLOSED_PENDING_APPROVED_EPI_TRANSFORM_BINDING_V1,a047f54d4edd45ce946be188fa7826237d0e3d5880eda1517bfdbad8e4cda48e
18a60290bddf2817b83b888946489ec4fe62b4f363875e4023fb68bb8ee9f5fc,RACE|2026-07-24|ECHUCA|R2|1000M|2026-07-24T03:10:00+00:00,RCOM_HORSE_5366181,Epponnee Rae,2026-07-24,,,,EPI_UNAVAILABLE,PROJECTED_PERFORMANCE_UNAVAILABLE,6c164a45275cea5f5cf3aa2ba728d22b63ab4355fea3f90e8c5f4dbc1ef2412d,EDGEIQ_EPI_ENGINE_V2,FAIL_CLOSED_PENDING_APPROVED_EPI_TRANSFORM_BINDING_V1,a2a7990659e1a185cebe9e52af83d9341b3efdbdb16c66a6c2ebc77cd8884cf5
cde972b53c4abf3a4df762bacee945ae428a0863ae167069c00d8d2a619ce910,RACE|2026-07-24|ECHUCA|R2|1000M|2026-07-24T03:10:00+00:00,RCOM_HORSE_5367059,Royalty Rules,2026-07-24,,,,EPI_UNAVAILABLE,PROJECTED_PERFORMANCE_UNAVAILABLE,2b6a577118caa8f0065ad34c33e9e0b28f8fd2eb1eb60ea6541f635b51cd44c5,EDGEIQ_EPI_ENGINE_V2,FAIL_CLOSED_PENDING_APPROVED_EPI_TRANSFORM_BINDING_V1,07f1bdb20ffc16ed1831e8adde8a57f2cfd9cdf1cc38f712c9db231e6d4197d2
802204e382c7842d63c65addf799c460bdb6c07a4f131d82a38137f49a826540,RACE|2026-07-24|ECHUCA|R2|1000M|2026-07-24T03:10:00+00:00,RCOM_HORSE_5367549,Brazen Madonna,2026-07-24,,,,EPI_UNAVAILABLE,PROJECTED_PERFORMANCE_UNAVAILABLE,5035c9fe17e296c11adba53d62f8783a34b642d0cf068e8a88b40b01cac84d91,EDGEIQ_EPI_ENGINE_V2,FAIL_CLOSED_PENDING_APPROVED_EPI_TRANSFORM_BINDING_V1,e02fbfc63967c52810933365e2f04c0f6c34938becac262e201db711bee111fb
aed71118e8b0d51fc58ac0bc8bc0e8e26edd31cc028e11040a2e7e1598fde5c2,RACE|2026-07-24|ECHUCA|R2|1000M|2026-07-24T03:10:00+00:00,RCOM_HORSE_5368329,Inside Word,2026-07-24,,,,EPI_UNAVAILABLE,PROJECTED_PERFORMANCE_UNAVAILABLE,68b980d9625451ebb37120b9080c8dc920d823c8957e5dddae0f5d1645cbccdd,EDGEIQ_EPI_ENGINE_V2,FAIL_CLOSED_PENDING_APPROVED_EPI_TRANSFORM_BINDING_V1,32e635d383f01cba03231f070dc72f45db881a6d1287cca8019aa63e2714d01c
ab65f88781509282ed16c7f47d10ac85f35247171ccc3f1eafc6c5a8916eb1b1,RACE|2026-07-24|ECHUCA|R2|1000M|2026-07-24T03:10:00+00:00,RCOM_HORSE_5371382,Imperial Valley,2026-07-24,,,,EPI_UNAVAILABLE,PROJECTED_PERFORMANCE_UNAVAILABLE,2090003857b9ca513961c46e6066475c0320939eff1af4654ad45083f16575e0,EDGEIQ_EPI_ENGINE_V2,FAIL_CLOSED_PENDING_APPROVED_EPI_TRANSFORM_BINDING_V1,ab9738d468762cbc32a070e07d3ba6c1104274a2a928b74d12d095d9c7edaad0
91c2d70ea1e3cb8a030791663d3d9717f4929c8bb0317a7d93fc02317db54445,RACE|2026-07-24|ECHUCA|R2|1000M|2026-07-24T03:10:00+00:00,RCOM_HORSE_5371664,Somers Green,2026-07-24,,,,EPI_UNAVAILABLE,PROJECTED_PERFORMANCE_UNAVAILABLE,edeb3fc80fbb730738541924eba680ef02dc7dc2c40c786686be7958e3030edc,EDGEIQ_EPI_ENGINE_V2,FAIL_CLOSED_PENDING_APPROVED_EPI_TRANSFORM_BINDING_V1,1c94981ab1ad09a966d0c2fff163727e4cf2acefcbb37ef8d39c87d387d2302f
af5fbf858e333c0e18405d2fb5fe2a52ad97f06451727681170788508e2aceab,RACE|2026-07-24|ECHUCA|R2|1000M|2026-07-24T03:10:00+00:00,RCOM_HORSE_5372271,Myhro's Ruler,2026-07-24,,,,EPI_UNAVAILABLE,PROJECTED_PERFORMANCE_UNAVAILABLE,6115394559163b71af157e0ed60589f49e4fd84f5b4b1fd09dcb0309af67b1f5,EDGEIQ_EPI_ENGINE_V2,FAIL_CLOSED_PENDING_APPROVED_EPI_TRANSFORM_BINDING_V1,9b43afdfa1938a4b6da2cd111e48d7d06f66a3d1dc74726b86ee02d363f7c906
ce381e881963108f15208f5d9a347937537172159d4cea8d53114a0af9271674,RACE|2026-07-24|ECHUCA|R3|1600M|2026-07-24T03:45:00+00:00,RCOM_HORSE_5329743,Harry Caviar,2026-07-24,,,,EPI_UNAVAILABLE,PROJECTED_PERFORMANCE_UNAVAILABLE,0a78288ae4d7ea536a632c899cc2ab21c8ed4e9b9ac75db33c09be663073f433,EDGEIQ_EPI_ENGINE_V2,FAIL_CLOSED_PENDING_APPROVED_EPI_TRANSFORM_BINDING_V1,106df2ac208ea046f1fcd6bfe24851588fb5998df0c383059c376b7c7a33b8ca
36566894fd04cf53506550688877c3dd409e41082ddc8503d00764dabc55e2eb,RACE|2026-07-24|ECHUCA|R3|1600M|2026-07-24T03:45:00+00:00,RCOM_HORSE_5341984,Embodiment,2026-07-24,,,,EPI_UNAVAILABLE,PROJECTED_PERFORMANCE_UNAVAILABLE,f81e521853a9164e2dc8e76e244a48e41b566729d8fe5b7fafa18ac3e108f783,EDGEIQ_EPI_ENGINE_V2,FAIL_CLOSED_PENDING_APPROVED_EPI_TRANSFORM_BINDING_V1,b9c303b398599b2b25a11be02201acc77585b850308df3867af5229204ab0ba0
51923b37cd619960d3a7553f0ceac291c5393b87388c6b18cbdae69ec54f8048,RACE|2026-07-24|ECHUCA|R3|1600M|2026-07-24T03:45:00+00:00,RCOM_HORSE_5346997,Churchill Lane,2026-07-24,,,,EPI_UNAVAILABLE,PROJECTED_PERFORMANCE_UNAVAILABLE,90920ea11e7762ce2fd46acbfbaebac5bdfcaf7c15e5a8892b3ef60e01c46b73,EDGEIQ_EPI_ENGINE_V2,FAIL_CLOSED_PENDING_APPROVED_EPI_TRANSFORM_BINDING_V1,1ff300cb31a27eae02ad7811bbe026d9e7caab19c3ed1bff4b7f125abd4308fa
0ab941e3e5b8209bb16d1f12bd972a8ed9c8b1145d8ef9bf89c517f614da30d4,RACE|2026-07-24|ECHUCA|R3|1600M|2026-07-24T03:45:00+00:00,RCOM_HORSE_5348942,Misil Beauty,2026-07-24,,,,EPI_UNAVAILABLE,PROJECTED_PERFORMANCE_UNAVAILABLE,3e4b6b1390d1e06802e6adc2d7716db4958f7bac347740786ddf1beba13e9d61,EDGEIQ_EPI_ENGINE_V2,FAIL_CLOSED_PENDING_APPROVED_EPI_TRANSFORM_BINDING_V1,a80e777d1c5b26ba6d3fd5ed8607e21d6141d7ec02d7712ecded1d030ce8713d
0df45033275e56832ddf4994e419890bd172d299d8bb2f21a44ba16be21cea12,RACE|2026-07-24|ECHUCA|R3|1600M|2026-07-24T03:45:00+00:00,RCOM_HORSE_5349329,New Prospect,2026-07-24,,,,EPI_UNAVAILABLE,PROJECTED_PERFORMANCE_UNAVAILABLE,2ec79f9ebfad9cb1e3cc5f12ce0a83ce78b67c78ede004a80a40cab5d2d965c8,EDGEIQ_EPI_ENGINE_V2,FAIL_CLOSED_PENDING_APPROVED_EPI_TRANSFORM_BINDING_V1,4286d8fdc2fcd1db3048add7d96598d776dc02f48cab98f0ade42a224e121018
cfd776f2344df8bd12ac9fc1e795abfb9e14c4eda3c1664b592143ffe73abdec,RACE|2026-07-24|ECHUCA|R3|1600M|2026-07-24T03:45:00+00:00,RCOM_HORSE_5349444,Unoyaself,2026-07-24,,,,EPI_UNAVAILABLE,PROJECTED_PERFORMANCE_UNAVAILABLE,c9de11477561f3f76458b02151a960a0244efac8bdd1e1fd79592b88785e1b34,EDGEIQ_EPI_ENGINE_V2,FAIL_CLOSED_PENDING_APPROVED_EPI_TRANSFORM_BINDING_V1,86986dca311d4dfdd09a6d01f00be5aaea2fad483719c9dd0256ad8d8e4f7099
8ca8190e278b81c86686ee479023eeeaafc3875db9ec1be07c2efbbc48ee2d46,RACE|2026-07-24|ECHUCA|R3|1600M|2026-07-24T03:45:00+00:00,RCOM_HORSE_5350119,Colour Circle,2026-07-24,,,,EPI_UNAVAILABLE,PROJECTED_PERFORMANCE_UNAVAILABLE,79fa0ca5fe818f58dbcd21c202272934cd3434ae374aee31ecb6f23d56d3412a,EDGEIQ_EPI_ENGINE_V2,FAIL_CLOSED_PENDING_APPROVED_EPI_TRANSFORM_BINDING_V1,8460f712dea14797f4d5dc03593e1277ff540c63a06f10821636939e85ba587f
b34f8214a0b20c8b0d659b8f6a517bef0600ee248af59e2c9fc75a3ed1295c2c,RACE|2026-07-24|ECHUCA|R3|1600M|2026-07-24T03:45:00+00:00,RCOM_HORSE_5355786,Caitlin's Punch,2026-07-24,,,,EPI_UNAVAILABLE,PROJECTED_PERFORMANCE_UNAVAILABLE,b01eca8dffef8d6b88175048ba9ead95c719f154147d9fd0ed7c7ef9350a6962,EDGEIQ_EPI_ENGINE_V2,FAIL_CLOSED_PENDING_APPROVED_EPI_TRANSFORM_BINDING_V1,852632bd12d01b628260c8d543d5d709a441bfb1382e1bc0505beec8a0e2ea67
0c418ea67e4e27ef6e95a4472a5d84346677db8643a4107049572b77ccdec75a,RACE|2026-07-24|ECHUCA|R3|1600M|2026-07-24T03:45:00+00:00,RCOM_HORSE_5372796,Master Fox,2026-07-24,,,,EPI_UNAVAILABLE,PROJECTED_PERFORMANCE_UNAVAILABLE,48db546c5c462f105a0dfa4627931a0d94cc4f13e70f290bf785cbe738c12ff8,EDGEIQ_EPI_ENGINE_V2,FAIL_CLOSED_PENDING_APPROVED_EPI_TRANSFORM_BINDING_V1,f358c8bac33f83f4a2cb7dbc12bd0a01b6335db50bbec3599aa7542867660243
bca6f7a3cd7fa84a9eac87bfcce4320367bb21bf29d5d1a89ba5ac7fc84495a5,RACE|2026-07-24|ECHUCA|R4|1400M|2026-07-24T04:20:00+00:00,RCOM_HORSE_5321255,Iberian Lynx,2026-07-24,,,,EPI_UNAVAILABLE,PROJECTED_PERFORMANCE_UNAVAILABLE,4031597cdbfdecdd44d0cd66b757db1320b26f67afb7569b05af5ae50340c9c5,EDGEIQ_EPI_ENGINE_V2,FAIL_CLOSED_PENDING_APPROVED_EPI_TRANSFORM_BINDING_V1,579549bfd003600ae87aadbc0aa925fc167aa3f6207f1f96c1490b642f9b3852
04d3917a6954ffcdfbd2d4599b46fad655967cc696805eddb11920a1895e41a9,RACE|2026-07-24|ECHUCA|R4|1400M|2026-07-24T04:20:00+00:00,RCOM_HORSE_5332810,Captain Sparrow,2026-07-24,,,,EPI_UNAVAILABLE,PROJECTED_PERFORMANCE_UNAVAILABLE,a9801c3eeb0554b9b3be3584eb7cf4d9e3382f80fa412220ad69d524e678edb4,EDGEIQ_EPI_ENGINE_V2,FAIL_CLOSED_PENDING_APPROVED_EPI_TRANSFORM_BINDING_V1,806f8200e14cea0218c553f268e655690236994426db6ce4bb89784a17b568b7
c8539f4f1a35301bd888008d74361d6f5784d8993dbc7a6e929db18cd9fbc4ae,RACE|2026-07-24|ECHUCA|R4|1400M|2026-07-24T04:20:00+00:00,RCOM_HORSE_5334905,You Said What,2026-07-24,,,,EPI_UNAVAILABLE,PROJECTED_PERFORMANCE_UNAVAILABLE,bc582d8108b2b2c7a859244d4f88be74eb7961c14b729204e3ce85d3f672f10f,EDGEIQ_EPI_ENGINE_V2,FAIL_CLOSED_PENDING_APPROVED_EPI_TRANSFORM_BINDING_V1,e26dcdf1126ad78c53a8ee91032e7ed9d66c65bb0bb18083654578ee15799ad1
3c36a3b553f9d0478d3098863bc72aeca88d23fd00e637b788eeba2efa6acb05,RACE|2026-07-24|ECHUCA|R4|1400M|2026-07-24T04:20:00+00:00,RCOM_HORSE_5340534,King Kauffo,2026-07-24,,,,EPI_UNAVAILABLE,PROJECTED_PERFORMANCE_UNAVAILABLE,09cdbd66ac0026ea5d92bd7c4f8b8724be228a49c273440891c9b3b98aff5c17,EDGEIQ_EPI_ENGINE_V2,FAIL_CLOSED_PENDING_APPROVED_EPI_TRANSFORM_BINDING_V1,1cfe651077c82cbf95c1edc83ef706e287750e37fd06437e96dd8ddcb3ff3dff
57713795f75948b41a589fd3f0c973e4fdf504ba41f191d82ae4ce7d6d93b192,RACE|2026-07-24|ECHUCA|R4|1400M|2026-07-24T04:20:00+00:00,RCOM_HORSE_5340890,I'lberidin'shotgun,2026-07-24,,,,EPI_UNAVAILABLE,PROJECTED_PERFORMANCE_UNAVAILABLE,d305a53d8edfd38d701da4d00e34bad752b1a5675b4f4c896e2d8821720ae9d7,EDGEIQ_EPI_ENGINE_V2,FAIL_CLOSED_PENDING_APPROVED_EPI_TRANSFORM_BINDING_V1,29fa9d448df21ec202647cf401f66d08cdb89d9e316e725904e15f8f3662f16c
55898d0801222a73181d953fa6eb8f257383ebcc37f59da7406ddef95efe11bd,RACE|2026-07-24|ECHUCA|R4|1400M|2026-07-24T04:20:00+00:00,RCOM_HORSE_5343573,Lollie's Galore,2026-07-24,,,,EPI_UNAVAILABLE,PROJECTED_PERFORMANCE_UNAVAILABLE,d16596dd70c7c2ce7772b7386044fd23f7615310f33a90e740b51d3db1680494,EDGEIQ_EPI_ENGINE_V2,FAIL_CLOSED_PENDING_APPROVED_EPI_TRANSFORM_BINDING_V1,ec85424306b0715894de83bb04fd8e8ee874e00adfa75a8958f5c30ce2afb333
2b5f9b83c0b17ce13cf5858ad8c7a6a6760af9479d56968e90e067cea0a742c4,RACE|2026-07-24|ECHUCA|R4|1400M|2026-07-24T04:20:00+00:00,RCOM_HORSE_5344413,True Beauty,2026-07-24,,,,EPI_UNAVAILABLE,PROJECTED_PERFORMANCE_UNAVAILABLE,c9525a795f96d8dea513959967f691f4b01a05377984b17a67794b7d6da245f0,EDGEIQ_EPI_ENGINE_V2,FAIL_CLOSED_PENDING_APPROVED_EPI_TRANSFORM_BINDING_V1,01c7f203c684fc64761209ec6f18aa2fa560046095e5ba4ae926970deff54db5
04c5cada058fabd021f8a206d4693eed958a37fb9cce4326d661fddd4221c203,RACE|2026-07-24|ECHUCA|R4|1400M|2026-07-24T04:20:00+00:00,RCOM_HORSE_5345652,Prestige Zerprise,2026-07-24,,,,EPI_UNAVAILABLE,PROJECTED_PERFORMANCE_UNAVAILABLE,36663a512bbb691c17c57f9d6068fc91e1858b61d62b027339b61f0a333f11e8,EDGEIQ_EPI_ENGINE_V2,FAIL_CLOSED_PENDING_APPROVED_EPI_TRANSFORM_BINDING_V1,b4ff08e93ba6399cf28dd66867106d7e08086a8f66cca2e4f2188df87d4def4b
ccaaeb855cc65e164d5d8a2dd28f7289d29349e7bd92b17989197e506dcc2adf,RACE|2026-07-24|ECHUCA|R4|1400M|2026-07-24T04:20:00+00:00,RCOM_HORSE_5347302,Aurora's Belt,2026-07-24,,,,EPI_UNAVAILABLE,PROJECTED_PERFORMANCE_UNAVAILABLE,92aa8d7bbaa2e56db6e5710b4bf8fb8fb97661a8f628712e360498572700feff,EDGEIQ_EPI_ENGINE_V2,FAIL_CLOSED_PENDING_APPROVED_EPI_TRANSFORM_BINDING_V1,1a99e8234af57dfdcca76252fc6d6022a9386b9dd1192469a882453cbe9e7cf5
3ebf8b9e6b5a41278f42e8236095b26b536bd217dd19b5f0b7eab4478d096873,RACE|2026-07-24|ECHUCA|R4|1400M|2026-07-24T04:20:00+00:00,RCOM_HORSE_5348430,Valda Warrior,2026-07-24,,,,EPI_UNAVAILABLE,PROJECTED_PERFORMANCE_UNAVAILABLE,b5e15b6664575e05957e30c8c1d698f195056c342a80e8526eb9336b2f4ca841,EDGEIQ_EPI_ENGINE_V2,FAIL_CLOSED_PENDING_APPROVED_EPI_TRANSFORM_BINDING_V1,09f5b7b49d99c3c6cbbca4bd7d7db9d60445ab7f7176a7a659142934fdb81875
bbc84d83422b7dd8bbcd8652b4c753669ed3b2c845d93d3a14fbbdaf323f8efa,RACE|2026-07-24|ECHUCA|R4|1400M|2026-07-24T04:20:00+00:00,RCOM_HORSE_5348516,Ernie,2026-07-24,,,,EPI_UNAVAILABLE,PROJECTED_PERFORMANCE_UNAVAILABLE,1632dfcb1d8e52eddbfeea89378cdf2de01629961000c193b8aada378b7ffbd0,EDGEIQ_EPI_ENGINE_V2,FAIL_CLOSED_PENDING_APPROVED_EPI_TRANSFORM_BINDING_V1,3529364764d035df635f53da0c573339b6f3bd1d8257dc21f412142891baca2c
0b91a65482fcd709addcd4baf6e396e4710e50066ad2b7a5f31423a0a1dcc1b0,RACE|2026-07-24|ECHUCA|R4|1400M|2026-07-24T04:20:00+00:00,RCOM_HORSE_5348718,Written Order,2026-07-24,,,,EPI_UNAVAILABLE,PROJECTED_PERFORMANCE_UNAVAILABLE,02b2f04fbed2259ebd46ac071d2b53ac126864e23e02ffbf088446d5a3a5d5cf,EDGEIQ_EPI_ENGINE_V2,FAIL_CLOSED_PENDING_APPROVED_EPI_TRANSFORM_BINDING_V1,f2bd4787926a15410c9ed180f3046635aede42ae00623d0aeea92890fe4370db
ede0fd2d184bcf628199465fea0f10d6d1a70f4e66c44ee66abc27c9f8e7259f,RACE|2026-07-24|ECHUCA|R4|1400M|2026-07-24T04:20:00+00:00,RCOM_HORSE_5354499,Boulderoo,2026-07-24,,,,EPI_UNAVAILABLE,PROJECTED_PERFORMANCE_UNAVAILABLE,c6bc8b5a08504575b0d0e2289abdb3bdcc79e7b1dc0d02969af855a4536107bc,EDGEIQ_EPI_ENGINE_V2,FAIL_CLOSED_PENDING_APPROVED_EPI_TRANSFORM_BINDING_V1,d067a436a63532daac2d0603d30495910784110f51be255527c28dc2c7131c9b
f919d25eec62d8ffa1e2965b5fb8b71f7fb2896c38b1c5fcac1e1658970fc04e,RACE|2026-07-24|ECHUCA|R4|1400M|2026-07-24T04:20:00+00:00,RCOM_HORSE_5355405,Azulita,2026-07-24,,,,EPI_UNAVAILABLE,PROJECTED_PERFORMANCE_UNAVAILABLE,b6889b2989c4fcc0adbcd412f2c032a26c1a7eb85f9d1d1e1d873ac552105665,EDGEIQ_EPI_ENGINE_V2,FAIL_CLOSED_PENDING_APPROVED_EPI_TRANSFORM_BINDING_V1,cb13ee46b25060257ead237457a71ffac448ce45eb12ff45fe7bd7601400a64e
ac0f178519cbe3b8c1c9fd90c05d9b461171573d39ccbf1f91ddea53e21a8177,RACE|2026-07-24|ECHUCA|R4|1400M|2026-07-24T04:20:00+00:00,RCOM_HORSE_5367642,Aurum Star,2026-07-24,,,,EPI_UNAVAILABLE,PROJECTED_PERFORMANCE_UNAVAILABLE,cf160b5b56914b27f0b1ac8b066a739541b902eafb436525399b8f019434aeec,EDGEIQ_EPI_ENGINE_V2,FAIL_CLOSED_PENDING_APPROVED_EPI_TRANSFORM_BINDING_V1,3001a96f20e80b008e9c81ba5d14db024895452f23fabf220ac5bd250be496e2
60b518353a0618212b2ee19c739e1a05126229417bf6ace7f1719c9a207c5b53,RACE|2026-07-24|ECHUCA|R4|1400M|2026-07-24T04:20:00+00:00,RCOM_HORSE_5379932,Vanvitelli,2026-07-24,,,,EPI_UNAVAILABLE,PROJECTED_PERFORMANCE_UNAVAILABLE,b20b91afa1a73f93a59fb866c0a6680b592aa2a349158fe463ba6bc293ba2f23,EDGEIQ_EPI_ENGINE_V2,FAIL_CLOSED_PENDING_APPROVED_EPI_TRANSFORM_BINDING_V1,04a367eafc0fb4cc3a77e38d7c3e48c9e2e6a24bcbd589510d5ae7e7403740de
eacc55785f6bdebb02667945c1d77fb7badef847409d46497b5c101cf7448564,RACE|2026-07-24|ECHUCA|R5|1400M|2026-07-24T04:55:00+00:00,RCOM_HORSE_5287216,Bow Ribbon,2026-07-24,,,,EPI_UNAVAILABLE,PROJECTED_PERFORMANCE_UNAVAILABLE,617d07cb68abb1c138b8670b451979e1c8f3c8caba1ce29eafc038cca4e31407,EDGEIQ_EPI_ENGINE_V2,FAIL_CLOSED_PENDING_APPROVED_EPI_TRANSFORM_BINDING_V1,3cd46e7e001d1298c1f1b5fd2cbf06c109792e7e6c6a8e2617e7eb67534ecd19
b8f3d66f0c483180b341d613c6f094021e606bc4435998c188da055fcb765380,RACE|2026-07-24|ECHUCA|R5|1400M|2026-07-24T04:55:00+00:00,RCOM_HORSE_5290327,Everett,2026-07-24,,,,EPI_UNAVAILABLE,PROJECTED_PERFORMANCE_UNAVAILABLE,d4003440a34a6bd82cce4884bd318b5ae5ae332ed81c711cfd52102fd1548d30,EDGEIQ_EPI_ENGINE_V2,FAIL_CLOSED_PENDING_APPROVED_EPI_TRANSFORM_BINDING_V1,e4306f8996e6bb989290774d09058caa61d03d51875952625f02739eccf8d945
e5c41383fec5c367991dd0cbee83fc7c99f4769b60c4b9241c94a22a4fb5ce92,RACE|2026-07-24|ECHUCA|R5|1400M|2026-07-24T04:55:00+00:00,RCOM_HORSE_5311700,Boulder Jack,2026-07-24,,,,EPI_UNAVAILABLE,PROJECTED_PERFORMANCE_UNAVAILABLE,3e5215b5f0b0ced329b97d58434b70cd489894231aef382d7a37f3851ff17634,EDGEIQ_EPI_ENGINE_V2,FAIL_CLOSED_PENDING_APPROVED_EPI_TRANSFORM_BINDING_V1,5ea74c737a07aa6b3e2e08912a025b7630904347b6f6dc64923046c27e2b32c5
8a672bef51fe1f048afa6f4b083b6c82086153e0ad1e865b1524d2efc8207bcb,RACE|2026-07-24|ECHUCA|R5|1400M|2026-07-24T04:55:00+00:00,RCOM_HORSE_5313443,Amore Lunare,2026-07-24,,,,EPI_UNAVAILABLE,PROJECTED_PERFORMANCE_UNAVAILABLE,1f45fd65e7ce1fcdfbd1b5d5ca6581ba0761b434131b3e49e0f554784c622a1c,EDGEIQ_EPI_ENGINE_V2,FAIL_CLOSED_PENDING_APPROVED_EPI_TRANSFORM_BINDING_V1,5abc473219c1d161c3d0ed96ec88ba261edf9b29bd27ba23656289e0a90d36dd
d72afd86ce58012c7bf2c4feac4e55f208042bbfa117c9436e8ebe34eaea2066,RACE|2026-07-24|ECHUCA|R5|1400M|2026-07-24T04:55:00+00:00,RCOM_HORSE_5316452,Quello Dorato,2026-07-24,,,,EPI_UNAVAILABLE,PROJECTED_PERFORMANCE_UNAVAILABLE,1f2a1068ab7558915069c87257037ec7884da8ca8b0885f932e7acf94f6b3469,EDGEIQ_EPI_ENGINE_V2,FAIL_CLOSED_PENDING_APPROVED_EPI_TRANSFORM_BINDING_V1,ad92605f9a0f5f86fd61adaa525dbeaa6abf201b3c269539540909718f94fd43
a81119a710d53eff6bfc20f16f60a2621a2638f2654504bf308a6bd7973c27ca,RACE|2026-07-24|ECHUCA|R5|1400M|2026-07-24T04:55:00+00:00,RCOM_HORSE_5326507,Pharoah's Glory,2026-07-24,,,,EPI_UNAVAILABLE,PROJECTED_PERFORMANCE_UNAVAILABLE,80457a0459c0d9deb7711bdd74a8c703ce8b512c82fe339c73bf4f393f70f716,EDGEIQ_EPI_ENGINE_V2,FAIL_CLOSED_PENDING_APPROVED_EPI_TRANSFORM_BINDING_V1,f97e31c221bf0b729caf84854129c10d8c168e0ec8275f6ae34b29dc2e2506bf
3e179c7e68bbd73c9efe58ea7ed99a8fb140bff67175040e4ecf63b2e24aa9c9,RACE|2026-07-24|ECHUCA|R5|1400M|2026-07-24T04:55:00+00:00,RCOM_HORSE_5327241,Aloysius,2026-07-24,,,,EPI_UNAVAILABLE,PROJECTED_PERFORMANCE_UNAVAILABLE,15ab00bdd0bd95c57dd1cecbf8b57e86525b2c1bf8c40e6edd36925cfaec74e8,EDGEIQ_EPI_ENGINE_V2,FAIL_CLOSED_PENDING_APPROVED_EPI_TRANSFORM_BINDING_V1,1c732a2827f9b32e1c12556b218075ac638180abbd045af29153dc2197b3e5b3
32d77166a2387c6208a93f5c4a53747c820d8d13d00d58abc6ba548dd47af52a,RACE|2026-07-24|ECHUCA|R5|1400M|2026-07-24T04:55:00+00:00,RCOM_HORSE_5329050,Captain Barbossa,2026-07-24,,,,EPI_UNAVAILABLE,PROJECTED_PERFORMANCE_UNAVAILABLE,b4ad4be7b8e26585c3823461395c641c30589a4a136ecf83c0a96b83f94fefc7,EDGEIQ_EPI_ENGINE_V2,FAIL_CLOSED_PENDING_APPROVED_EPI_TRANSFORM_BINDING_V1,e294cc3049180d02534a42840ff4451d9e4d0a1aa97c6710aef9a7419fcc2f1f
6736bf87ff0a6102299890c9af27a963d02feff28dd95d7eb9b67c46055f0393,RACE|2026-07-24|ECHUCA|R5|1400M|2026-07-24T04:55:00+00:00,RCOM_HORSE_5330581,Square Deal,2026-07-24,,,,EPI_UNAVAILABLE,PROJECTED_PERFORMANCE_UNAVAILABLE,e35f6569fbd99a6381550e95e48df0238bc3edbbcf2ceaecef0040aab8126f90,EDGEIQ_EPI_ENGINE_V2,FAIL_CLOSED_PENDING_APPROVED_EPI_TRANSFORM_BINDING_V1,65cb3f9d9e8bc723c3c9ef262e685ae6f16dc39565812706f73f78ff8698bae0
94a36578dc4078aa5e5cdddefc707d9c64118fed4d655ffe95642ad36627d9a5,RACE|2026-07-24|ECHUCA|R5|1400M|2026-07-24T04:55:00+00:00,RCOM_HORSE_5331354,Aka Daka,2026-07-24,,,,EPI_UNAVAILABLE,PROJECTED_PERFORMANCE_UNAVAILABLE,2d6fa143aaba2ed1e0a40eb957dacd2df526208e55dcc357a88ff91fab211666,EDGEIQ_EPI_ENGINE_V2,FAIL_CLOSED_PENDING_APPROVED_EPI_TRANSFORM_BINDING_V1,292cd40bf85190766bc7132abd859833994826036b2ce073447fae1482f118e1
a6d6045a4aba865bb75e79f1df88b7191c690733fcf18147a3a8f7cb7dfa36cd,RACE|2026-07-24|ECHUCA|R5|1400M|2026-07-24T04:55:00+00:00,RCOM_HORSE_5333769,Forrest Gump,2026-07-24,,,,EPI_UNAVAILABLE,PROJECTED_PERFORMANCE_UNAVAILABLE,2277d06a3adf428b6fa3b567bd256a82e147e026e7731fa8320f7c1fea5b37f4,EDGEIQ_EPI_ENGINE_V2,FAIL_CLOSED_PENDING_APPROVED_EPI_TRANSFORM_BINDING_V1,8c67b328921982af66cf213b1320a81c4a5924d233dea63581d3ef572de6163f
4e39f954e80642d7aa14cf19bcc4fad6413e497e147adbeb814e1663563138e1,RACE|2026-07-24|ECHUCA|R5|1400M|2026-07-24T04:55:00+00:00,RCOM_HORSE_5333998,Cosmic Charger,2026-07-24,,,,EPI_UNAVAILABLE,PROJECTED_PERFORMANCE_UNAVAILABLE,330cb496e8dbd3a04575e5488692a10041ebf349227fd32a8fdb000be0c5c188,EDGEIQ_EPI_ENGINE_V2,FAIL_CLOSED_PENDING_APPROVED_EPI_TRANSFORM_BINDING_V1,fc18d2f1439128b2fdde0e008ba3a9a6812c23390650cd6a590b092c4500aa0e
c4d5d19d35dd4d16c4bb0083981784b6df5264b1d8ba03197b904210a28b08b0,RACE|2026-07-24|ECHUCA|R5|1400M|2026-07-24T04:55:00+00:00,RCOM_HORSE_5336973,Never A Thought,2026-07-24,,,,EPI_UNAVAILABLE,PROJECTED_PERFORMANCE_UNAVAILABLE,e22ca44713eda43091f4905dcda1afb700d8c3c88c10ec947be384ad931f8bad,EDGEIQ_EPI_ENGINE_V2,FAIL_CLOSED_PENDING_APPROVED_EPI_TRANSFORM_BINDING_V1,0c1e3cb3977b5048412f9eafcf7e9a4ae9e91131c24e012b74c4c02c04afdddb
93f912fa30948236740e3ada79a7f91dc7898dc8c086d2455e739d3e797761c2,RACE|2026-07-24|ECHUCA|R5|1400M|2026-07-24T04:55:00+00:00,RCOM_HORSE_5340559,Prestige Ole,2026-07-24,,,,EPI_UNAVAILABLE,PROJECTED_PERFORMANCE_UNAVAILABLE,f882cfd7ad64cc89b94cc2992d5bf0631367402486e81a3cd2298d6d0b1257c9,EDGEIQ_EPI_ENGINE_V2,FAIL_CLOSED_PENDING_APPROVED_EPI_TRANSFORM_BINDING_V1,b038898f51f66ee4ad11a9b1f9a2f1300c27186a13e97816ec3cd7b6aa67b5cb
005e78e24f44049067a72b47a7e77cfbbc1d1fb47ff648005b6062e35eb47d24,RACE|2026-07-24|ECHUCA|R5|1400M|2026-07-24T04:55:00+00:00,RCOM_HORSE_5342544,Rydell High,2026-07-24,,,,EPI_UNAVAILABLE,PROJECTED_PERFORMANCE_UNAVAILABLE,d7acdfaeceeb5f9b8ed23b5aad9388eca6a1e81e002dab2c97fb7a8128b57691,EDGEIQ_EPI_ENGINE_V2,FAIL_CLOSED_PENDING_APPROVED_EPI_TRANSFORM_BINDING_V1,2eb4d94f8ec184e8a2946e951aa5a9ca0ec4c3716963f63541c475d2d7792043
aed0727ea596888011136e5e393b5ccfc38d03ee277bf21ade9d67165f92791d,RACE|2026-07-24|ECHUCA|R5|1400M|2026-07-24T04:55:00+00:00,RCOM_HORSE_5345581,Charlecote Mill,2026-07-24,,,,EPI_UNAVAILABLE,PROJECTED_PERFORMANCE_UNAVAILABLE,eb7a4ae4b4c69d7df7945c4fcb82c3ea09175ef3406ba1f71d557288eb2c7d4a,EDGEIQ_EPI_ENGINE_V2,FAIL_CLOSED_PENDING_APPROVED_EPI_TRANSFORM_BINDING_V1,783e26ed61ae0e24e7b3bfb974a4813d9ed57117a6d6c873adc88145b012f4d4
51d66a1ffb0ff76884c9c82825df336cdfff17e4744507ee3de1cc401dc6c7c5,RACE|2026-07-24|ECHUCA|R6|1600M|2026-07-24T05:30:00+00:00,RCOM_HORSE_5290018,Dashing Donkey,2026-07-24,,,,EPI_UNAVAILABLE,PROJECTED_PERFORMANCE_UNAVAILABLE,6e28f43644600afdb9832da08a67d955e7357999eb7a779d2faf257131da2c9d,EDGEIQ_EPI_ENGINE_V2,FAIL_CLOSED_PENDING_APPROVED_EPI_TRANSFORM_BINDING_V1,53b490559f3737890c7c3bb1798ec72674168441d063e8a4b75594cce27eae19
6e96877ee0751f5741185ce4f2e1bc237e36b44b3beda3d1ba1764e1700c9fde,RACE|2026-07-24|ECHUCA|R6|1600M|2026-07-24T05:30:00+00:00,RCOM_HORSE_5311514,Mickio,2026-07-24,,,,EPI_UNAVAILABLE,PROJECTED_PERFORMANCE_UNAVAILABLE,f09f1166efa71f312b110ffdfdc7fe0a662ece44300ca703b7f27b9a823917fc,EDGEIQ_EPI_ENGINE_V2,FAIL_CLOSED_PENDING_APPROVED_EPI_TRANSFORM_BINDING_V1,a931543180b532589aa76dd15378bc8ed6049ab9cc53965b2d5da4139b8cd5e9
e2a14b42c16e8f1efd4e0f28d4bd9b8325555bf91edcacc16e16a9a256b0b1c5,RACE|2026-07-24|ECHUCA|R6|1600M|2026-07-24T05:30:00+00:00,RCOM_HORSE_5315290,Azeola,2026-07-24,,,,EPI_UNAVAILABLE,PROJECTED_PERFORMANCE_UNAVAILABLE,4e16accc4ebf1711200c990c3b8efecaed36c79785e1607573b888b1c7dbf899,EDGEIQ_EPI_ENGINE_V2,FAIL_CLOSED_PENDING_APPROVED_EPI_TRANSFORM_BINDING_V1,c7f40458150d70e2b2dfb304e642c420b1ce56d021d06646e7b961637c3fecc6
48ca3da42b0ce1667e71e58be4ce8580996e8664991e95a1cae3e97c1a91d1a6,RACE|2026-07-24|ECHUCA|R6|1600M|2026-07-24T05:30:00+00:00,RCOM_HORSE_5323696,Sunshine Jenni,2026-07-24,,,,EPI_UNAVAILABLE,PROJECTED_PERFORMANCE_UNAVAILABLE,58a817fdf9bf099b31a0dab70353ba78c43e624bd5c844ee9fb4439ef537f419,EDGEIQ_EPI_ENGINE_V2,FAIL_CLOSED_PENDING_APPROVED_EPI_TRANSFORM_BINDING_V1,9a47013fe1fb8e34894ed0ce51c03604e78f49923cc441409328c3056baf3db2
be059f1af99cb041fda73591284a76c828c50a06a6542e0a0b2c94d9bdc0da01,RACE|2026-07-24|ECHUCA|R6|1600M|2026-07-24T05:30:00+00:00,RCOM_HORSE_5324004,Ollandia Beach,2026-07-24,,,,EPI_UNAVAILABLE,PROJECTED_PERFORMANCE_UNAVAILABLE,9e910ba622b5831ddd6fcc470f97aae3fb55df384b53fcd6481f7fe915cdafdf,EDGEIQ_EPI_ENGINE_V2,FAIL_CLOSED_PENDING_APPROVED_EPI_TRANSFORM_BINDING_V1,429aec0414ce83b90f65da74dc1955128b2f4397273fb9644dd39993f276d9f9
eb29f925106d091c8f2917b682ddd4841242d15ba2577250e82153f8b2e444f2,RACE|2026-07-24|ECHUCA|R6|1600M|2026-07-24T05:30:00+00:00,RCOM_HORSE_5324818,Queen Of Cordoba,2026-07-24,,,,EPI_UNAVAILABLE,PROJECTED_PERFORMANCE_UNAVAILABLE,e16d8c1064ff414bf30798ef9c7d56200304f6e6cf87db5470475be413078bc6,EDGEIQ_EPI_ENGINE_V2,FAIL_CLOSED_PENDING_APPROVED_EPI_TRANSFORM_BINDING_V1,9cab1361fb2339388cbf198282e41fca11b7a699a0dedce3aa6a65a6dce7daf7
7598dc53fdcfbe38c23d2da23fa2952b1528cae82d0e62f38d7960766214182a,RACE|2026-07-24|ECHUCA|R6|1600M|2026-07-24T05:30:00+00:00,RCOM_HORSE_5326056,Tel Aviv,2026-07-24,,,,EPI_UNAVAILABLE,PROJECTED_PERFORMANCE_UNAVAILABLE,513fe53b3bea3aaa46934c5ac33ffd7dfe9d0bb8c87b6cdb616fa5ded472d4fa,EDGEIQ_EPI_ENGINE_V2,FAIL_CLOSED_PENDING_APPROVED_EPI_TRANSFORM_BINDING_V1,ac40b38f8c44009b9dfb21939f17cad3600c150d63a75adfec6365d57abf305f
53146911fd62cf2212c1a4f770919ad4207dac8c8ce7de80e2028c1e7c9e8008,RACE|2026-07-24|ECHUCA|R6|1600M|2026-07-24T05:30:00+00:00,RCOM_HORSE_5330870,Ziggy Starcraft,2026-07-24,,,,EPI_UNAVAILABLE,PROJECTED_PERFORMANCE_UNAVAILABLE,d66d770d01ed87ace77f33b1a414e3d988dc9dd4092afee861bdc3b68f636993,EDGEIQ_EPI_ENGINE_V2,FAIL_CLOSED_PENDING_APPROVED_EPI_TRANSFORM_BINDING_V1,e43df6ef82dfc2813fbc39f7637b833d9da0c9c4dd648a7228f4aa157d984c53
20589265c636e1ba85a7bdea1856374dc6510d973118d7ef65f35239edab017d,RACE|2026-07-24|ECHUCA|R6|1600M|2026-07-24T05:30:00+00:00,RCOM_HORSE_5332809,Pick Wisely,2026-07-24,,,,EPI_UNAVAILABLE,PROJECTED_PERFORMANCE_UNAVAILABLE,bc740d207fafc5790b31343f48e745f1460720e325eb21debe5aa629204d8735,EDGEIQ_EPI_ENGINE_V2,FAIL_CLOSED_PENDING_APPROVED_EPI_TRANSFORM_BINDING_V1,5d7d43d949d30059c25de5c1f8a218724e28df45937784f3487e3f0f14e0a4c9
c52096fc6be592f265574aa52d922bc0d26fa94931a9ad2589b3900251adff7d,RACE|2026-07-24|ECHUCA|R6|1600M|2026-07-24T05:30:00+00:00,RCOM_HORSE_5344538,Rookery Nook,2026-07-24,,,,EPI_UNAVAILABLE,PROJECTED_PERFORMANCE_UNAVAILABLE,90056f2713b6fee4060ae2f244ebc395d892e311deeca7dc7c4476076183227d,EDGEIQ_EPI_ENGINE_V2,FAIL_CLOSED_PENDING_APPROVED_EPI_TRANSFORM_BINDING_V1,4f8a95e6f39c2dc2ae928399df1c6816a96794f62ee3b79498d33348a29f013d
67b9cd88738ee9d9fbdec9ffbdebec52ba5f6e308fcac46c94647a7f71e0d2f5,RACE|2026-07-24|ECHUCA|R6|1600M|2026-07-24T05:30:00+00:00,RCOM_HORSE_5346437,Kiss My Rock,2026-07-24,,,,EPI_UNAVAILABLE,PROJECTED_PERFORMANCE_UNAVAILABLE,6781fb4205ea6eaf80cf8663e08e787807d066e83a58018c132ba17e792b85b5,EDGEIQ_EPI_ENGINE_V2,FAIL_CLOSED_PENDING_APPROVED_EPI_TRANSFORM_BINDING_V1,e962a95b0957ff7d1c53b6b890d572e011d12c3fd59a378e7a9a470c2125dad7
8a39356f8f46b05c963dc86835621137d8c4372490f4fb29391667294d792b56,RACE|2026-07-24|ECHUCA|R7|1000M|2026-07-24T06:10:00+00:00,RCOM_HORSE_5041024,Raging Monkey,2026-07-24,,,,EPI_UNAVAILABLE,PROJECTED_PERFORMANCE_UNAVAILABLE,3d5148f02f7adcaa3f6caecbec91198282072d699f07a8427cbf2d4986c5028d,EDGEIQ_EPI_ENGINE_V2,FAIL_CLOSED_PENDING_APPROVED_EPI_TRANSFORM_BINDING_V1,7b9e7816fe4fbe7c72afa61cd96ee849793622efc5c4bb7626ebd4196e4e9956
63c05b3451f4503920c0cb54295094534b69dc3b9f555dd2649e7b2edd6d5829,RACE|2026-07-24|ECHUCA|R7|1000M|2026-07-24T06:10:00+00:00,RCOM_HORSE_5269524,Wind Dreamer,2026-07-24,,,,EPI_UNAVAILABLE,PROJECTED_PERFORMANCE_UNAVAILABLE,b05afc265021696c1cf0a9f262d1265246351232a31a5890dc2f3b4ad262a4ef,EDGEIQ_EPI_ENGINE_V2,FAIL_CLOSED_PENDING_APPROVED_EPI_TRANSFORM_BINDING_V1,620e06d42aa397bd11845119024ba187434966d923dac56cd3925f0d716f52cb
1b1142f85010c5e17b9f10835dcbc75f04ee87261a7404528eb97a255c2efd82,RACE|2026-07-24|ECHUCA|R7|1000M|2026-07-24T06:10:00+00:00,RCOM_HORSE_5282705,Per Ivy,2026-07-24,,,,EPI_UNAVAILABLE,PROJECTED_PERFORMANCE_UNAVAILABLE,665bd55c15e8a11a90893b4405cd51db220460df26b55434cf3bd4566c0afbf9,EDGEIQ_EPI_ENGINE_V2,FAIL_CLOSED_PENDING_APPROVED_EPI_TRANSFORM_BINDING_V1,d47beabc201ff0ba45247f6445933a576655cea5b74a36b11fc820cbc263ed68
f8272b4beababb1e0b1791b8ce59e9e174a657c7a8d011f5c9c25fe4d855a5ff,RACE|2026-07-24|ECHUCA|R7|1000M|2026-07-24T06:10:00+00:00,RCOM_HORSE_5293267,Mutsuhito,2026-07-24,,,,EPI_UNAVAILABLE,PROJECTED_PERFORMANCE_UNAVAILABLE,77e26f7142545132580c26390d62b64212872a9806010b3c08aad91463cff86c,EDGEIQ_EPI_ENGINE_V2,FAIL_CLOSED_PENDING_APPROVED_EPI_TRANSFORM_BINDING_V1,059d6721ca5defa9933f063b553cd9f7b9bd071a113d55b67828bfe9cd2b3389
8b254952461ea94e049fb5f95e820d18654f8d8f6a6f153bcfe3667b6e8c712f,RACE|2026-07-24|ECHUCA|R7|1000M|2026-07-24T06:10:00+00:00,RCOM_HORSE_5305577,Needawinna,2026-07-24,,,,EPI_UNAVAILABLE,PROJECTED_PERFORMANCE_UNAVAILABLE,5c8a66f8c9f6ca4e491d662843fcc620a23fe939879756c679e49fb2fb2efc7c,EDGEIQ_EPI_ENGINE_V2,FAIL_CLOSED_PENDING_APPROVED_EPI_TRANSFORM_BINDING_V1,fbfc5349dbf55fefc51e1ea06a9b1b82eb132bc8b960bd0bde34eadc7ddb7a7a
73048232ac0e2db0b743a898acd8aee5a696e889870fc73630bc23f6d8937f9a,RACE|2026-07-24|ECHUCA|R7|1000M|2026-07-24T06:10:00+00:00,RCOM_HORSE_5305645,College Dropout,2026-07-24,,,,EPI_UNAVAILABLE,PROJECTED_PERFORMANCE_UNAVAILABLE,1cdd4817ae54d1a50d08fa1d48f10be4b7ffc42cfceebc614fc2c6d156809718,EDGEIQ_EPI_ENGINE_V2,FAIL_CLOSED_PENDING_APPROVED_EPI_TRANSFORM_BINDING_V1,3ff6c2deb924a8f569690551149f8fe1b5c673ea921fc65526a5903d3349decc
9922b321029ad4f9f9c59bea6ec60d61c2221c120123dc54c1b1ddbaa643492e,RACE|2026-07-24|ECHUCA|R7|1000M|2026-07-24T06:10:00+00:00,RCOM_HORSE_5309341,Redemption Time,2026-07-24,,,,EPI_UNAVAILABLE,PROJECTED_PERFORMANCE_UNAVAILABLE,5002f0a31a6a899e55779428797bc25362fd9d4ba9bb490d33f7bff94252d8e0,EDGEIQ_EPI_ENGINE_V2,FAIL_CLOSED_PENDING_APPROVED_EPI_TRANSFORM_BINDING_V1,d5785e135b347ff0372c7d806c2b80c9e6692ccbaf36880eee71e897b0940d69
8c2354e7acd6530d9a1adf6d0b5edd0fb991032551c557f3aee411251f47525c,RACE|2026-07-24|ECHUCA|R7|1000M|2026-07-24T06:10:00+00:00,RCOM_HORSE_5323035,Lack Of Restraint,2026-07-24,,,,EPI_UNAVAILABLE,PROJECTED_PERFORMANCE_UNAVAILABLE,ab5b485bf08414985e1d030bb73dca8b9a87f3703dc47293a679babba7f0bafc,EDGEIQ_EPI_ENGINE_V2,FAIL_CLOSED_PENDING_APPROVED_EPI_TRANSFORM_BINDING_V1,8b22c5a962bf95229899daf70adc4dc679f29f4e3cacdc8fa7bdb986d298fe86
f0e0ae969294825a792259b8aa0a444ef3331df79575c9e7aeb12882e26616f0,RACE|2026-07-24|ECHUCA|R7|1000M|2026-07-24T06:10:00+00:00,RCOM_HORSE_5327328,Dismantle,2026-07-24,,,,EPI_UNAVAILABLE,PROJECTED_PERFORMANCE_UNAVAILABLE,5d2d63b260c9e85f9ac9bcf379187daa3be3bb9b859e37cd18fd879586a32892,EDGEIQ_EPI_ENGINE_V2,FAIL_CLOSED_PENDING_APPROVED_EPI_TRANSFORM_BINDING_V1,50e40f2091112774a9a5476ae9f9c932ba93fcddd705bd08cf87b5ea151536fb
21cefcbfe71b0b4873fb799b3694bb0e4b345b43364ba478fa76013659ec4ebc,RACE|2026-07-24|ECHUCA|R7|1000M|2026-07-24T06:10:00+00:00,RCOM_HORSE_5331059,Deep Joy,2026-07-24,,,,EPI_UNAVAILABLE,PROJECTED_PERFORMANCE_UNAVAILABLE,b6e9a8afd026fc9a00bf60a9d2b7e6eaaacb94fe3b68eadbdfa39911b55efc59,EDGEIQ_EPI_ENGINE_V2,FAIL_CLOSED_PENDING_APPROVED_EPI_TRANSFORM_BINDING_V1,4b5e3c4fa28d007e91cc54071521046ca41a8b21ab612bc16eefc1c6b47d01ce
199dd782d6ca1d1459d35ba59ff55f34def8dcfeee569bcab7d3534d275e14c4,RACE|2026-07-24|ECHUCA|R7|1000M|2026-07-24T06:10:00+00:00,RCOM_HORSE_5333279,Gina's A Star,2026-07-24,,,,EPI_UNAVAILABLE,PROJECTED_PERFORMANCE_UNAVAILABLE,48f8085694fe7e2f77f46ec57b5903d52aa1cf33fb5a947502d3a7a1a15046ac,EDGEIQ_EPI_ENGINE_V2,FAIL_CLOSED_PENDING_APPROVED_EPI_TRANSFORM_BINDING_V1,e298305c90f928a8145f384e76414e87a8319cd89221774d7af1c4e6730ad209
0e6edac21a6d414ab6520214aaeac02a70f210bc03056be7ab2dd13418f5c835,RACE|2026-07-24|ECHUCA|R8|1200M|2026-07-24T06:50:00+00:00,RCOM_HORSE_5245551,Danerich Dan,2026-07-24,,,,EPI_UNAVAILABLE,PROJECTED_PERFORMANCE_UNAVAILABLE,0f77bc44f44d49002c8f84c48c39a7098c1f599660c5db0f8d384e19b93253fc,EDGEIQ_EPI_ENGINE_V2,FAIL_CLOSED_PENDING_APPROVED_EPI_TRANSFORM_BINDING_V1,b5235971a34f586a7348cc14ea2b13ce5a558fda0da5d69338f626f0b0c8c957
233d18c318b31b1439ddb1b053e1420e196c80edf7c4c0f35b4e345c31c6a987,RACE|2026-07-24|ECHUCA|R8|1200M|2026-07-24T06:50:00+00:00,RCOM_HORSE_5263352,Ellmaknifico,2026-07-24,,,,EPI_UNAVAILABLE,PROJECTED_PERFORMANCE_UNAVAILABLE,51b3f47e51cfd4050def1b1d76620e9c25294caeafa7864d46d80e1530dfbd6f,EDGEIQ_EPI_ENGINE_V2,FAIL_CLOSED_PENDING_APPROVED_EPI_TRANSFORM_BINDING_V1,20e3e7567e5ad38abc2f0a9d6773f3f39beb656ff29286e83b30672a265ac876
396b9c43d460f92568c84dd36e8a5dde9360dee5d0c465e4c897246aad2ee92d,RACE|2026-07-24|ECHUCA|R8|1200M|2026-07-24T06:50:00+00:00,RCOM_HORSE_5268993,Kentahten,2026-07-24,,,,EPI_UNAVAILABLE,PROJECTED_PERFORMANCE_UNAVAILABLE,430f2e9f5e78f748b95821e50840dc1162a40da21d9b4f3b174c294e0bdeedf9,EDGEIQ_EPI_ENGINE_V2,FAIL_CLOSED_PENDING_APPROVED_EPI_TRANSFORM_BINDING_V1,7b5636c5f409c0c1a9bbe9df469948136df827e4234aed9e56b372724f96f21f
3f88809b1ef1417bf1454bf06d385379e1af06e1313484f6c1d3ec210ba3fea0,RACE|2026-07-24|ECHUCA|R8|1200M|2026-07-24T06:50:00+00:00,RCOM_HORSE_5291437,Powerbound,2026-07-24,,,,EPI_UNAVAILABLE,PROJECTED_PERFORMANCE_UNAVAILABLE,5c61707dcc079d81544e60db1b982aaa23d512c06f20025fba7345e3118874e6,EDGEIQ_EPI_ENGINE_V2,FAIL_CLOSED_PENDING_APPROVED_EPI_TRANSFORM_BINDING_V1,7d2bf02e9e6a11d393299c740896aa0e0c9313a6e15559c843f5dc83c2806b60
08da19bbc46b56eaf0c78dee118318e07d337b7d0bea6f20e262ff21a1d35f2d,RACE|2026-07-24|ECHUCA|R8|1200M|2026-07-24T06:50:00+00:00,RCOM_HORSE_5291851,Tapo,2026-07-24,,,,EPI_UNAVAILABLE,PROJECTED_PERFORMANCE_UNAVAILABLE,a63ae96a39f64393c38c11ab307f8ab6529c7047b126b8daa243edec19d732fd,EDGEIQ_EPI_ENGINE_V2,FAIL_CLOSED_PENDING_APPROVED_EPI_TRANSFORM_BINDING_V1,c45d926404eddcc05b73f07dac151a4e8edd349d93906415c2f4f149f3d5519e
0b221da427c84e37c41b841fe8ed9ae331b942e5ea4a4167f0e68462738464f6,RACE|2026-07-24|ECHUCA|R8|1200M|2026-07-24T06:50:00+00:00,RCOM_HORSE_5299312,Sub Gauge,2026-07-24,,,,EPI_UNAVAILABLE,PROJECTED_PERFORMANCE_UNAVAILABLE,4148bfc4a0f8f57d66d35691e6b7bc92d7c150307e8cd3ce220ddf4849f2d2e5,EDGEIQ_EPI_ENGINE_V2,FAIL_CLOSED_PENDING_APPROVED_EPI_TRANSFORM_BINDING_V1,4ff85a3263915a0215ba8e7e87d2b026bf810448e524d6726aa8f29a1b6f9ea8
b6110caef7a8c3af304440b32a140e6ad1b90b1768cb3b16e8922d23ab0b7e19,RACE|2026-07-24|ECHUCA|R8|1200M|2026-07-24T06:50:00+00:00,RCOM_HORSE_5304809,Royal Infantry,2026-07-24,,,,EPI_UNAVAILABLE,PROJECTED_PERFORMANCE_UNAVAILABLE,3ecde08457caec53ce7219144e5ad372ac17f08997ed9d0a14b7b47d4649764f,EDGEIQ_EPI_ENGINE_V2,FAIL_CLOSED_PENDING_APPROVED_EPI_TRANSFORM_BINDING_V1,b1d6612ab31ee8d37b5f61059f5780e37e308f5788942917dc898e095cdbe09e
1465dd9d3c5730f4ee421fb4428c7bc4bbaebaa9ac1855d929e0b9bd40f8090a,RACE|2026-07-24|ECHUCA|R8|1200M|2026-07-24T06:50:00+00:00,RCOM_HORSE_5306061,Stellar Mofeed,2026-07-24,,,,EPI_UNAVAILABLE,PROJECTED_PERFORMANCE_UNAVAILABLE,9af42278649c31ff966a7911aef7189777cbc89a8dd43e5104a9cf865af79581,EDGEIQ_EPI_ENGINE_V2,FAIL_CLOSED_PENDING_APPROVED_EPI_TRANSFORM_BINDING_V1,725a74edb0863d7587f32f28a6627a84f1bdf1d67346b5c0ee38cc8fe6f2e577
c21515fa14a2be90d7afabb7d3dcac0a2b9c14b062da957e09ae16cbcb8d17c5,RACE|2026-07-24|ECHUCA|R8|1200M|2026-07-24T06:50:00+00:00,RCOM_HORSE_5317176,Tomanado,2026-07-24,,,,EPI_UNAVAILABLE,PROJECTED_PERFORMANCE_UNAVAILABLE,2c499651298624e126a49e0584a11183002c8cbd3738aca3cf8b6bc3fe4f80f0,EDGEIQ_EPI_ENGINE_V2,FAIL_CLOSED_PENDING_APPROVED_EPI_TRANSFORM_BINDING_V1,9e2408834fc1738d5854092efa2e7868f9190f23a313965464d5d55178fc842b
3b10068d138c2c29ce4bdde13067797633f4d54e58bf95daed0a747d493293d1,RACE|2026-07-24|ECHUCA|R8|1200M|2026-07-24T06:50:00+00:00,RCOM_HORSE_5321441,Reasonable Point,2026-07-24,,,,EPI_UNAVAILABLE,PROJECTED_PERFORMANCE_UNAVAILABLE,22854feebd2c324ac0fe137b603dfbaf8697fd4ad1035e8c52a753dd081214fc,EDGEIQ_EPI_ENGINE_V2,FAIL_CLOSED_PENDING_APPROVED_EPI_TRANSFORM_BINDING_V1,4f833b0447cf4fe6ed4886cf820f95be3cfafeb7b65d3f758e15bced3c875e72
a8d7178f458e84bb5b936b73cd17df7a1e1905fdbd8549eddf7794f35377c01e,RACE|2026-07-24|ECHUCA|R8|1200M|2026-07-24T06:50:00+00:00,RCOM_HORSE_5324742,Triple Triple,2026-07-24,,,,EPI_UNAVAILABLE,PROJECTED_PERFORMANCE_UNAVAILABLE,25a809860441ccbd6b3ca552ba0328f21fde965108c7c24dbca45c9de0a5eb0c,EDGEIQ_EPI_ENGINE_V2,FAIL_CLOSED_PENDING_APPROVED_EPI_TRANSFORM_BINDING_V1,d74fa43c040e6e1b2580f6a21d6d79c646f6243a9ba6a3553d60c2d7d6966ea5
4d0f5e4671ad738b590ad50d9ac9ffc8a5f03b25515dc89636e1a61b1904120b,RACE|2026-07-24|ECHUCA|R8|1200M|2026-07-24T06:50:00+00:00,RCOM_HORSE_5324989,Colt Forty Five,2026-07-24,,,,EPI_UNAVAILABLE,PROJECTED_PERFORMANCE_UNAVAILABLE,70800054151000992d5aa282d23baef95dd2cd50170fc45b93e8099f47dd96ce,EDGEIQ_EPI_ENGINE_V2,FAIL_CLOSED_PENDING_APPROVED_EPI_TRANSFORM_BINDING_V1,a636fdaea31b55243f75fdaa8c78aa6d0a944b7f42239351b173e03d22278223
2862836ba068e65b2a502ca2e60a0eacb405f7a9cfe0aad1063c225db30c62d2,RACE|2026-07-24|ECHUCA|R8|1200M|2026-07-24T06:50:00+00:00,RCOM_HORSE_5328114,Bark,2026-07-24,,,,EPI_UNAVAILABLE,PROJECTED_PERFORMANCE_UNAVAILABLE,63ba9587ea889e32c01c487f2084133c0a516c011dac2fca672e3bd99784b2f7,EDGEIQ_EPI_ENGINE_V2,FAIL_CLOSED_PENDING_APPROVED_EPI_TRANSFORM_BINDING_V1,a19d83f03f11b3a594e9b76c535d5dbb713f68d4c04f9310d94535f4f7ed64cf
eeaf61aa82276a686dffe5dba797e12917ec0e48302ebb60bd01ccfd7db2de16,RACE|2026-07-24|ECHUCA|R8|1200M|2026-07-24T06:50:00+00:00,RCOM_HORSE_5329196,Friendzoned,2026-07-24,,,,EPI_UNAVAILABLE,PROJECTED_PERFORMANCE_UNAVAILABLE,3e9c593f3f26b4e9037ae670e4565791025349d2d163d30b40d13dc825816ad1,EDGEIQ_EPI_ENGINE_V2,FAIL_CLOSED_PENDING_APPROVED_EPI_TRANSFORM_BINDING_V1,66d7cb9d88582458429cea05e47bb76bb3a9dc8f18565a94b5a58183f362d77e
5d721e74d651868abf7faeb223f8adfe23ee8e544d0182745ef6707d32e2c274,RACE|2026-07-24|ECHUCA|R8|1200M|2026-07-24T06:50:00+00:00,RCOM_HORSE_5330442,Blondie's Toronado,2026-07-24,,,,EPI_UNAVAILABLE,PROJECTED_PERFORMANCE_UNAVAILABLE,c91aa76b4a0b9f4f4833bd9f43fddc0c65f5f5f125bfe5f8f45a3434cac875a8,EDGEIQ_EPI_ENGINE_V2,FAIL_CLOSED_PENDING_APPROVED_EPI_TRANSFORM_BINDING_V1,12ff55a1e196b010522d5b905a419dacc16382ec5cb81fc7e2834b82a6ace6f3
fae3eda36ece66acecf01dfe0b0714def7db413a6f055b0e3ceb25d37d687217,RACE|2026-07-24|ECHUCA|R8|1200M|2026-07-24T06:50:00+00:00,RCOM_HORSE_5331598,Toyz In Zouland,2026-07-24,,,,EPI_UNAVAILABLE,PROJECTED_PERFORMANCE_UNAVAILABLE,f77e1ea0feab94df893c47a7241f15840e9ee4f63b00f4293f86d325bae55b78,EDGEIQ_EPI_ENGINE_V2,FAIL_CLOSED_PENDING_APPROVED_EPI_TRANSFORM_BINDING_V1,93fbfafb3d72b0d2ffb62656678555f5d0180a23cafdedf1840be45240475e11
169abdb56fd0127c14993dbc4c4b273f0ae157a51e8586838ede04c960c1d41c,RACE|2026-07-24|ECHUCA|R8|1200M|2026-07-24T06:50:00+00:00,RCOM_HORSE_5342299,Shelly's Legacy,2026-07-24,,,,EPI_UNAVAILABLE,PROJECTED_PERFORMANCE_UNAVAILABLE,b2deef2c263b65a0858de1284ff052a99923f59cac5849e348cfa0b9e03f981e,EDGEIQ_EPI_ENGINE_V2,FAIL_CLOSED_PENDING_APPROVED_EPI_TRANSFORM_BINDING_V1,2317810222534047fdf1f9958eb6c672cd5a31ca9263d22edf887b3d3551b1a7
978448d874c4f982538f1edb7b1207c6a3c0c2312672e9a7198a4b258e8e8043,RACE|2026-07-24|ECHUCA|R8|1200M|2026-07-24T06:50:00+00:00,RCOM_HORSE_5343728,Prevention,2026-07-24,,,,EPI_UNAVAILABLE,PROJECTED_PERFORMANCE_UNAVAILABLE,78e862a23d6f587d8f9ff40c132614fa8291690948ad8f5f745a11c77dda3823,EDGEIQ_EPI_ENGINE_V2,FAIL_CLOSED_PENDING_APPROVED_EPI_TRANSFORM_BINDING_V1,b0d4c51331ce0b5cf1347a9107d740e5e6b760b1e86a7c394cf53215ec70e56b
a544dbbe350fec4ab07b3a3ec9a0e44356eaff2743fbbc59c5ead83d6fbfb407,RACE|2026-07-24|ECHUCA|R8|1200M|2026-07-24T06:50:00+00:00,RCOM_HORSE_5348376,Sweatband,2026-07-24,,,,EPI_UNAVAILABLE,PROJECTED_PERFORMANCE_UNAVAILABLE,6563e67ad081c551b05d08a617347973f2efd7279bbc84488cf3d821e385edd5,EDGEIQ_EPI_ENGINE_V2,FAIL_CLOSED_PENDING_APPROVED_EPI_TRANSFORM_BINDING_V1,34d94bad27a0b6484ea655537b03f3751f1fe312948e2d08351889e8ac525373
075fb532588aa9ddd4fac10c4e4f97bb8c846b13be1032dfdf7ab07275c291e7,RACE|2026-07-24|ECHUCA|R8|1200M|2026-07-24T06:50:00+00:00,RCOM_HORSE_5349505,Celestial Zara,2026-07-24,,,,EPI_UNAVAILABLE,PROJECTED_PERFORMANCE_UNAVAILABLE,89f9794ac0fd10041276fdadd64983c4ccb9f530abb3dc0b24b43dd07d3a2a75,EDGEIQ_EPI_ENGINE_V2,FAIL_CLOSED_PENDING_APPROVED_EPI_TRANSFORM_BINDING_V1,e8677dcebfa3ace50ad31f0f4de81d4824a7af3575ce1ff37839bf63afc5080b
bba463fb05e79877d51a5fb2a9c8f2af40a89e5aa6c4282764124dee7635dcfe,RACE|2026-07-25|CAULFIELD|R1|1200M|2026-07-25T02:10:00+00:00,RCOM_HORSE_5305680,Divine Thoughts,2026-07-25,,,,EPI_UNAVAILABLE,PROJECTED_PERFORMANCE_UNAVAILABLE,e7e3ef34b2f17e024f9ed44795fd1f8fb789903cc6f1a2377c6d336d0f162000,EDGEIQ_EPI_ENGINE_V2,FAIL_CLOSED_PENDING_APPROVED_EPI_TRANSFORM_BINDING_V1,d64e3771c3f2b99231c5326e1f9d9fa2e0ba510998ed4c2afb3a2a4efd2d630c
5b47b9f8225e8fdbf703ce5acaf966366b0b8927f0d4ef185a3a0f48280feb69,RACE|2026-07-25|CAULFIELD|R1|1200M|2026-07-25T02:10:00+00:00,RCOM_HORSE_5306215,Happy Link,2026-07-25,,,,EPI_UNAVAILABLE,PROJECTED_PERFORMANCE_UNAVAILABLE,ca3eaf46ac1d356f27014922681711d9c761990404093c92ad5fcfac5d2dcb06,EDGEIQ_EPI_ENGINE_V2,FAIL_CLOSED_PENDING_APPROVED_EPI_TRANSFORM_BINDING_V1,4c5415409762b4d8fa18091b5b386e1710edb5cedc4e3a9830647da6904d53b0
a111cf7b365574dd8df8f960618db63287975d53cb3fd79ba91001321ce59b3e,RACE|2026-07-25|CAULFIELD|R1|1200M|2026-07-25T02:10:00+00:00,RCOM_HORSE_5307187,Takeko,2026-07-25,,,,EPI_UNAVAILABLE,PROJECTED_PERFORMANCE_UNAVAILABLE,28977c61ee0d474001e6b787eb39afae0a19ffc41c80edd8f34989b05b1326cc,EDGEIQ_EPI_ENGINE_V2,FAIL_CLOSED_PENDING_APPROVED_EPI_TRANSFORM_BINDING_V1,e5cf85fec54108ebb76e614a18d15482b2e8b42f8e5ea1e3df71424768f3531a
bee3180a4c97fd06bd839623be4e54b40325104bfc3b29ff1d9b8e407e67c376,RACE|2026-07-25|CAULFIELD|R1|1200M|2026-07-25T02:10:00+00:00,RCOM_HORSE_5323787,Sun Setting,2026-07-25,,,,EPI_UNAVAILABLE,PROJECTED_PERFORMANCE_UNAVAILABLE,eeda2bf2ce31efd572aba74e1de217947fab4b8d4d397e931f1d47075c2ec189,EDGEIQ_EPI_ENGINE_V2,FAIL_CLOSED_PENDING_APPROVED_EPI_TRANSFORM_BINDING_V1,62cf676886ad98df962f3f0ae0216d64f90f36ea8fec6f86ff7fca412dac4096
b8c62eb1df84f6cd3059c9208d8efa84edeb779dd93464c904e9bd78b6a4f850,RACE|2026-07-25|CAULFIELD|R1|1200M|2026-07-25T02:10:00+00:00,RCOM_HORSE_5324511,Glasgow Lass,2026-07-25,,,,EPI_UNAVAILABLE,PROJECTED_PERFORMANCE_UNAVAILABLE,7ea74be6ebf7cde8a1a626f78b24b4e9748e5f46b515f42d42c9e2036730c78f,EDGEIQ_EPI_ENGINE_V2,FAIL_CLOSED_PENDING_APPROVED_EPI_TRANSFORM_BINDING_V1,aa06ddab664807b597e8b1eb14f84f018be7ad286a44df473cc728f81ea1a6a3
db1a9729c995cff7c14c386d8570ba8744db8e59c07697202a6675966df0c9dc,RACE|2026-07-25|CAULFIELD|R1|1200M|2026-07-25T02:10:00+00:00,RCOM_HORSE_5333591,Vain Champagne,2026-07-25,,,,EPI_UNAVAILABLE,PROJECTED_PERFORMANCE_UNAVAILABLE,18d399da9e2032c688bb9cda65ea022a89824eaf4c4699e13a2a941fd811740d,EDGEIQ_EPI_ENGINE_V2,FAIL_CLOSED_PENDING_APPROVED_EPI_TRANSFORM_BINDING_V1,df7d0975daa870b72ef412fbfd21299d3cac8529261bc3072f085905e39c605c
96bba5288f10621c0050d91979e26188545c68530c3eaef5281e506898402c7f,RACE|2026-07-25|CAULFIELD|R1|1200M|2026-07-25T02:10:00+00:00,RCOM_HORSE_5334975,Royal Lass,2026-07-25,,,,EPI_UNAVAILABLE,PROJECTED_PERFORMANCE_UNAVAILABLE,7712f28832261d294288a9c73c98b2bf75cbb8dd20152cf68f0605657b25dff1,EDGEIQ_EPI_ENGINE_V2,FAIL_CLOSED_PENDING_APPROVED_EPI_TRANSFORM_BINDING_V1,4760a936f5d45208d0a977a3e0ff3fbbad47134282319c508fe6c3aa8ba3c096
12f5bac01ab66cc47265ad3b8f265b65af06f1aa730cdf87e77278eb8ba06f0a,RACE|2026-07-25|CAULFIELD|R1|1200M|2026-07-25T02:10:00+00:00,RCOM_HORSE_5341390,Custom,2026-07-25,,,,EPI_UNAVAILABLE,PROJECTED_PERFORMANCE_UNAVAILABLE,130d47f4a7d54677618eb6ff2f5ca932467f4d395046580842315b6f3912e139,EDGEIQ_EPI_ENGINE_V2,FAIL_CLOSED_PENDING_APPROVED_EPI_TRANSFORM_BINDING_V1,6899763e57cd35fd97544bb4ffef5154c9f2e36cf3a60d51960f79c669417f06
5dc7468aa59660f8f3a0906a0c481ec2165d1be7430ba76bed66e4cf812d6356,RACE|2026-07-25|CAULFIELD|R1|1200M|2026-07-25T02:10:00+00:00,RCOM_HORSE_5345772,Mystery 'N' Drama,2026-07-25,,,,EPI_UNAVAILABLE,PROJECTED_PERFORMANCE_UNAVAILABLE,c33e3f783b2e48939406a4317e575529ca8f539df5706faad93ee44a2cd4d625,EDGEIQ_EPI_ENGINE_V2,FAIL_CLOSED_PENDING_APPROVED_EPI_TRANSFORM_BINDING_V1,8c913d11adc9c2a7d1efac3dd570b0ab4aef03c76ca8656160b40ea0939c10bf
5891745ffb79fac43c6f442677a1940b7834fc05933ad154602e64fcb36740bb,RACE|2026-07-25|CAULFIELD|R1|1200M|2026-07-25T02:10:00+00:00,RCOM_HORSE_5350996,Recuperato,2026-07-25,,,,EPI_UNAVAILABLE,PROJECTED_PERFORMANCE_UNAVAILABLE,e3139d795f1fa46ced2586839c65aa8a989b0737dd16d97bdcd173c0d79b0376,EDGEIQ_EPI_ENGINE_V2,FAIL_CLOSED_PENDING_APPROVED_EPI_TRANSFORM_BINDING_V1,59330cd609315f86a8f8f6cfbebe855f98edfbef20c1bb8ea409202206c29275
183d458b5bd2e5a842c73397ab0acc849799f34501435af6722d63ad02a5826c,RACE|2026-07-25|CAULFIELD|R2|1100M|2026-07-25T02:45:00+00:00,RCOM_HORSE_5360092,Ghana's Akan,2026-07-25,,,,EPI_UNAVAILABLE,PROJECTED_PERFORMANCE_UNAVAILABLE,ed76e6a8cea710020bc2e37cc32c21b2a815ea19001769c493c3f614381da476,EDGEIQ_EPI_ENGINE_V2,FAIL_CLOSED_PENDING_APPROVED_EPI_TRANSFORM_BINDING_V1,eeb66281d1247c5f28a169e3ad5432a45e32fa9780f8bf1315a6d31f5c336798
19ec131383d9dbc15fe684ffbede6543db8acc53362ae201a59150f01cbcd827,RACE|2026-07-25|CAULFIELD|R2|1100M|2026-07-25T02:45:00+00:00,RCOM_HORSE_5363346,Resolutely,2026-07-25,,,,EPI_UNAVAILABLE,PROJECTED_PERFORMANCE_UNAVAILABLE,a73ff4ce9d1e3c7201a41da6add8db2fa519842ade27de0122b49d2ad3939f13,EDGEIQ_EPI_ENGINE_V2,FAIL_CLOSED_PENDING_APPROVED_EPI_TRANSFORM_BINDING_V1,72c1a9fdb2108d5b3b274df1c0f7da1b1843e6db562a88fe817ba91ceedb7981
48f6dedb4ce91bc503682c949f285411f1a81ad78a8756cc85f1488757424448,RACE|2026-07-25|CAULFIELD|R2|1100M|2026-07-25T02:45:00+00:00,RCOM_HORSE_5363723,Stakes,2026-07-25,,,,EPI_UNAVAILABLE,PROJECTED_PERFORMANCE_UNAVAILABLE,8f54b1a651260650f8534ccc8dfa2360dff7684d35e4598b3da4fbaf6f0e34e1,EDGEIQ_EPI_ENGINE_V2,FAIL_CLOSED_PENDING_APPROVED_EPI_TRANSFORM_BINDING_V1,5e66070d04cf02b337d4c670bb1629ab57702e14117e7aff49957a97ad481810
19f8260c27757f259952b8591690034cc3594167426bde64da3876d61080b833,RACE|2026-07-25|CAULFIELD|R2|1100M|2026-07-25T02:45:00+00:00,RCOM_HORSE_5363793,No Confetti,2026-07-25,,,,EPI_UNAVAILABLE,PROJECTED_PERFORMANCE_UNAVAILABLE,fa14501dbf4598bfce9d8e3b0bf740e5a454875b7999fd176ffd284c7a51405d,EDGEIQ_EPI_ENGINE_V2,FAIL_CLOSED_PENDING_APPROVED_EPI_TRANSFORM_BINDING_V1,e35f2767c6ceaf2a335a19b3b6e951f715fa58cd9c5b79d71f0d58effcd0090f
f89cc94662a3bedd7651ad362cb5617baec148a9a911f242120cb72db7e531ca,RACE|2026-07-25|CAULFIELD|R2|1100M|2026-07-25T02:45:00+00:00,RCOM_HORSE_5363965,Orchid Sky,2026-07-25,,,,EPI_UNAVAILABLE,PROJECTED_PERFORMANCE_UNAVAILABLE,9779c181fa9021912e105f330175b7ba96c809c7db6acf202626f715d297f13e,EDGEIQ_EPI_ENGINE_V2,FAIL_CLOSED_PENDING_APPROVED_EPI_TRANSFORM_BINDING_V1,b019a60505c066c13cecf309a14bcaf90e5d27c58bef7107dd637a43403b4612
38ef11c92837cb0c30f209c6933a3947477a78dcd87ab58c28691f777cbbe7f2,RACE|2026-07-25|CAULFIELD|R2|1100M|2026-07-25T02:45:00+00:00,RCOM_HORSE_5364962,Brazen Panda,2026-07-25,,,,EPI_UNAVAILABLE,PROJECTED_PERFORMANCE_UNAVAILABLE,b7ea68963e426cf13a7717244ed9eda6e369a573b30ece757143d6657fdf6c5f,EDGEIQ_EPI_ENGINE_V2,FAIL_CLOSED_PENDING_APPROVED_EPI_TRANSFORM_BINDING_V1,aae8d131956d30718dbc9a4761df4d61bc36051437bc987150b04ed0a7d3734b
cfd871fc45e0847c197b0e15c5589d6e2a668855af551f09ba317238606d2b6d,RACE|2026-07-25|CAULFIELD|R2|1100M|2026-07-25T02:45:00+00:00,RCOM_HORSE_5365269,Milsons Point,2026-07-25,,,,EPI_UNAVAILABLE,PROJECTED_PERFORMANCE_UNAVAILABLE,e79019f4a242db3782554bd06ab9028ad35358c20e755b518a2182a1fa9d5054,EDGEIQ_EPI_ENGINE_V2,FAIL_CLOSED_PENDING_APPROVED_EPI_TRANSFORM_BINDING_V1,4b0e0073984bd17c311e3cc67c275da51004f8c9cfd03ab045757e0d61b55cb2
257235515b240a339a2a8ef4b69c33ba86e8e224dbb7a065dd6dab8823dde3cf,RACE|2026-07-25|CAULFIELD|R2|1100M|2026-07-25T02:45:00+00:00,RCOM_HORSE_5367886,Doubt Time,2026-07-25,,,,EPI_UNAVAILABLE,PROJECTED_PERFORMANCE_UNAVAILABLE,4537fa6469bb0fe4cc6b91cf2cc597e42b0818241294ad3ed6a4c949132b5e62,EDGEIQ_EPI_ENGINE_V2,FAIL_CLOSED_PENDING_APPROVED_EPI_TRANSFORM_BINDING_V1,83aa61fc8f34d18578c898cee810d3149eccfd6f513c210368d0e7db488bac90
2ffb2c1005b3c0d0672bbd5828bea3bba642c517ba9770cbd0eaf29fee5dab51,RACE|2026-07-25|CAULFIELD|R2|1100M|2026-07-25T02:45:00+00:00,RCOM_HORSE_5367954,Jacaranda,2026-07-25,,,,EPI_UNAVAILABLE,PROJECTED_PERFORMANCE_UNAVAILABLE,16c247ede2cb58be8e600fe805ff0acb59cf7d87a9868f831369cde1a83b4a6b,EDGEIQ_EPI_ENGINE_V2,FAIL_CLOSED_PENDING_APPROVED_EPI_TRANSFORM_BINDING_V1,e09e1eaefe617698ca260f2100f455f17cab9556ffeb6d7ed2cc413cbf3fe86d
909cc3d5a7d01eb28045854e50acb7233ff8c473fe944068484dbfe1ea4a4acd,RACE|2026-07-25|CAULFIELD|R2|1100M|2026-07-25T02:45:00+00:00,RCOM_HORSE_5374949,Rebel Tuesday,2026-07-25,,,,EPI_UNAVAILABLE,PROJECTED_PERFORMANCE_UNAVAILABLE,3f3a0e4f8afd56a6a8b1e14437ffb81f2a2e80a186c608c1cad419f411f9f75f,EDGEIQ_EPI_ENGINE_V2,FAIL_CLOSED_PENDING_APPROVED_EPI_TRANSFORM_BINDING_V1,bb2883e68eacc026e515abaec1c89c47454056afa9b85f6dbc70ef4335c80878
bd2eda78b184c646ff3e977d316c2801447ecd2a6dae252c18e23a750bd59485,RACE|2026-07-25|CAULFIELD|R2|1100M|2026-07-25T02:45:00+00:00,RCOM_HORSE_5375515,Brazen Dechambeau,2026-07-25,,,,EPI_UNAVAILABLE,PROJECTED_PERFORMANCE_UNAVAILABLE,9f689ad39f19a8c7753f6f2f383113e839fe151f5ff88ddb34ffb906a105702a,EDGEIQ_EPI_ENGINE_V2,FAIL_CLOSED_PENDING_APPROVED_EPI_TRANSFORM_BINDING_V1,63b7cfff1ca1036d25b3602074bcbe79835d272f8a46c7dbacc8a0fbff5c5850
b3081c8c77bd8afa787aacf6c1933dcb1bc24d3f635a78e4916c5d637a673005,RACE|2026-07-25|CAULFIELD|R2|1100M|2026-07-25T02:45:00+00:00,RCOM_HORSE_5377061,Torture,2026-07-25,,,,EPI_UNAVAILABLE,PROJECTED_PERFORMANCE_UNAVAILABLE,006eeab8e9b099ee3b738a30b89617edeff723b318a552f3e0e81dd6d515028e,EDGEIQ_EPI_ENGINE_V2,FAIL_CLOSED_PENDING_APPROVED_EPI_TRANSFORM_BINDING_V1,9f3160a4b3532170be0482b082519abb2dabbaa3d3d986d8fb3cfa239398ae38
0f9d39b8aa45700555fb1068778c9256a1573bc5bffa457bf400c622d053f65c,RACE|2026-07-25|CAULFIELD|R3|1100M|2026-07-25T03:20:00+00:00,RCOM_HORSE_5269409,Luna Cat,2026-07-25,,,,EPI_UNAVAILABLE,PROJECTED_PERFORMANCE_UNAVAILABLE,0d3a260d4459210a7970924b17a12b5cf1de77da54591f902e41168487789b6d,EDGEIQ_EPI_ENGINE_V2,FAIL_CLOSED_PENDING_APPROVED_EPI_TRANSFORM_BINDING_V1,b3bff2578afcb5782026031cec773a9a2ea12372af7fab48699cf01fbca53457
24e1bcbd8104f3a4051814004abc3de14863ce957d3f16b408870aa6cf0b7872,RACE|2026-07-25|CAULFIELD|R3|1100M|2026-07-25T03:20:00+00:00,RCOM_HORSE_5308657,Apache Song,2026-07-25,,,,EPI_UNAVAILABLE,PROJECTED_PERFORMANCE_UNAVAILABLE,ab1f1d0c19aa69839fe37ef2b35127d8681ddea7402df28572f89adb9b5f7556,EDGEIQ_EPI_ENGINE_V2,FAIL_CLOSED_PENDING_APPROVED_EPI_TRANSFORM_BINDING_V1,e2b5d0c779198d5c8dfd67f7b6a02c607059c9e8f07613ebf98e26560693e422
77ff725027f1b2b7b1131ff529f70eb087c357418521486d44adc13b090db2bc,RACE|2026-07-25|CAULFIELD|R3|1100M|2026-07-25T03:20:00+00:00,RCOM_HORSE_5321490,Salsa Fellow,2026-07-25,,,,EPI_UNAVAILABLE,PROJECTED_PERFORMANCE_UNAVAILABLE,02ade7ea9e55534232c7ffd599390e9cc7b49f11d563c4be8091f9147cd5bfcd,EDGEIQ_EPI_ENGINE_V2,FAIL_CLOSED_PENDING_APPROVED_EPI_TRANSFORM_BINDING_V1,e1308195f48c2b00b8476b86daf7c7e80f6182e96b6bcbf5946eb16386fa1267
c9743455deb27e30398af19cb3d8c1a54a4518fd858382d191cf1f871f6eac8f,RACE|2026-07-25|CAULFIELD|R3|1100M|2026-07-25T03:20:00+00:00,RCOM_HORSE_5322946,Dancing Storm,2026-07-25,,,,EPI_UNAVAILABLE,PROJECTED_PERFORMANCE_UNAVAILABLE,19bbce36666b52df1d4375c73dfaebc020f63aacf79c900448c1244a74eb25ce,EDGEIQ_EPI_ENGINE_V2,FAIL_CLOSED_PENDING_APPROVED_EPI_TRANSFORM_BINDING_V1,4d674b2fe1259beb23c1d4f100ff597f0b30b82831bb1016476b6c0c68316ab7
d1da29c94c3a40797c617c4dd7ecc068152bd9b5a7411e2ac4205a3ac075bd44,RACE|2026-07-25|CAULFIELD|R3|1100M|2026-07-25T03:20:00+00:00,RCOM_HORSE_5323179,Behaviour,2026-07-25,,,,EPI_UNAVAILABLE,PROJECTED_PERFORMANCE_UNAVAILABLE,d33caf1c9a71f4d63d9c9657273f51da68e553d3ed4faf1470afca1b60ea5799,EDGEIQ_EPI_ENGINE_V2,FAIL_CLOSED_PENDING_APPROVED_EPI_TRANSFORM_BINDING_V1,278894915a43f4244a260d4b6ff4ac71666457d793ce3264aaa643a9bb3b3ae5
4cc424f0fa9aaef69212cc1e7a53853de76d860c2e67c8ceb2c2583b00bfa6fa,RACE|2026-07-25|CAULFIELD|R3|1100M|2026-07-25T03:20:00+00:00,RCOM_HORSE_5326945,Vestas,2026-07-25,,,,EPI_UNAVAILABLE,PROJECTED_PERFORMANCE_UNAVAILABLE,b27b4881e770455e93469ddec9c73dbd3f781ffe4aa2b75d823b4a29cdc0300f,EDGEIQ_EPI_ENGINE_V2,FAIL_CLOSED_PENDING_APPROVED_EPI_TRANSFORM_BINDING_V1,cc6deb7bcb205e3c744f8246a5a9526ed2d292a2f85e86e5a55ba9255fc164ff
886f89c78786db48c3dd7ccf8ba56cff24c9652b6a5b3008df1d439c33af6112,RACE|2026-07-25|CAULFIELD|R3|1100M|2026-07-25T03:20:00+00:00,RCOM_HORSE_5332081,Butternut Princess,2026-07-25,,,,EPI_UNAVAILABLE,PROJECTED_PERFORMANCE_UNAVAILABLE,da1e152ec8b737b5b0bbd339d069624872597647016a94d242c3cd7f5e67bf4b,EDGEIQ_EPI_ENGINE_V2,FAIL_CLOSED_PENDING_APPROVED_EPI_TRANSFORM_BINDING_V1,8e3773ed7d316294ec838c87c429760aaaa928a0bdc3105d64a51305091ddcc0
db45bdbed51128a155b125f6240808f270db8eade9db137bc9117bcc546b89e7,RACE|2026-07-25|CAULFIELD|R3|1100M|2026-07-25T03:20:00+00:00,RCOM_HORSE_5333616,Tennessee Bound,2026-07-25,,,,EPI_UNAVAILABLE,PROJECTED_PERFORMANCE_UNAVAILABLE,95ba8c4f849c805e2237d753231538f01f828f228c92e1cba6182701dda6daec,EDGEIQ_EPI_ENGINE_V2,FAIL_CLOSED_PENDING_APPROVED_EPI_TRANSFORM_BINDING_V1,5c6ffe421de2a1c871e3c7a3196f941371efc51750f2579cad5251150973d74b
71db0a78026dc42c2f1288c9a215336d366a5c437cf53e73a71376d887e1e9db,RACE|2026-07-25|CAULFIELD|R4|1100M|2026-07-25T03:55:00+00:00,RCOM_HORSE_5343116,Talladega Girl,2026-07-25,,,,EPI_UNAVAILABLE,PROJECTED_PERFORMANCE_UNAVAILABLE,8928884ed034c2e040e1f8e7d2db3f7d6e2c18d7c40ef2babbb50c7be9b2228f,EDGEIQ_EPI_ENGINE_V2,FAIL_CLOSED_PENDING_APPROVED_EPI_TRANSFORM_BINDING_V1,f854d2ce4c6666a6908ebaf525380f0a9979285499d00d59c642763d2457716d
55c181ec421dae3aca5949dafc290c8768190a0fc99e26a26f60c58793427fe1,RACE|2026-07-25|CAULFIELD|R4|1100M|2026-07-25T03:55:00+00:00,RCOM_HORSE_5343302,Farcited,2026-07-25,,,,EPI_UNAVAILABLE,PROJECTED_PERFORMANCE_UNAVAILABLE,4e31d743b070e7a1373cb8ff12b19f5796bbec05e846cc7050eceb055220cd74,EDGEIQ_EPI_ENGINE_V2,FAIL_CLOSED_PENDING_APPROVED_EPI_TRANSFORM_BINDING_V1,7feb11ef1eeef4bcea6af99ce6740aeed8ca5811bda35ea04cba08f2b6b64b48
a4b93014c75a0f71be051652a3b87a4360dc96f841d05d84ff0baaa90b548277,RACE|2026-07-25|CAULFIELD|R4|1100M|2026-07-25T03:55:00+00:00,RCOM_HORSE_5343839,Afterberna,2026-07-25,,,,EPI_UNAVAILABLE,PROJECTED_PERFORMANCE_UNAVAILABLE,0e95ac9a81158d5c327107738100fbd0ee505db5a3c2e05c93a647964ff45f2d,EDGEIQ_EPI_ENGINE_V2,FAIL_CLOSED_PENDING_APPROVED_EPI_TRANSFORM_BINDING_V1,53c444da9645c0e358e4fb2d3285cb2adeb7be2e7ee90ec63896049a00d5d797
e1782481e4f74bfd2a1ac722089c2b9a23afd4f09d5f06f411dd5c35d6e1cb2f,RACE|2026-07-25|CAULFIELD|R4|1100M|2026-07-25T03:55:00+00:00,RCOM_HORSE_5344093,Prince Tycoon,2026-07-25,,,,EPI_UNAVAILABLE,PROJECTED_PERFORMANCE_UNAVAILABLE,0be24106e3e658004ced25cef9f3e2828b297b18d9c7f3941901cde5bd2e75e7,EDGEIQ_EPI_ENGINE_V2,FAIL_CLOSED_PENDING_APPROVED_EPI_TRANSFORM_BINDING_V1,63c76712480fa38cf5c74a701164708566a41b8e911db13f59d0b2f0f1b14b92
a00658811507724f8a745547eecee5e2a5637aa5c236f12df40e0b9f530854c6,RACE|2026-07-25|CAULFIELD|R4|1100M|2026-07-25T03:55:00+00:00,RCOM_HORSE_5345774,Signature Scent,2026-07-25,,,,EPI_UNAVAILABLE,PROJECTED_PERFORMANCE_UNAVAILABLE,5d79099c04dfd96f0cf39b5e04167bd24a7f99bec9922f0eceb0b97d44a69966,EDGEIQ_EPI_ENGINE_V2,FAIL_CLOSED_PENDING_APPROVED_EPI_TRANSFORM_BINDING_V1,dd4f6ceda740670062c146dcba4602d90b158bed036b525eb0c7128fa6ba292d
cad6d114754aabab70beda5de061976f8f508f61f3dd0218a48f2186bc690a47,RACE|2026-07-25|CAULFIELD|R4|1100M|2026-07-25T03:55:00+00:00,RCOM_HORSE_5346114,Pacific Glamour,2026-07-25,,,,EPI_UNAVAILABLE,PROJECTED_PERFORMANCE_UNAVAILABLE,d8e24afa179f500fcabc085113ce14eaf9b0a2d0ae4f3bdf671449e4c89b8a6b,EDGEIQ_EPI_ENGINE_V2,FAIL_CLOSED_PENDING_APPROVED_EPI_TRANSFORM_BINDING_V1,dc6e518fb99bbcd97827e7114b3192606248fea8131e6bf3f3de5d1081647fcf
833bdcb65129177ac0e4ef884c73c58dcaf9a6387ce1973a44cb96933f14335f,RACE|2026-07-25|CAULFIELD|R4|1100M|2026-07-25T03:55:00+00:00,RCOM_HORSE_5346537,Express Class,2026-07-25,,,,EPI_UNAVAILABLE,PROJECTED_PERFORMANCE_UNAVAILABLE,eb4e0eddae33a37c1fb2b4faae60d0edff28c8572366cfedd8f3f6c89b591b97,EDGEIQ_EPI_ENGINE_V2,FAIL_CLOSED_PENDING_APPROVED_EPI_TRANSFORM_BINDING_V1,ace295aaa3ed9ed219e518a55c4c29b225c38a28078098ad880e7bea3a8f7294
984bbd4dafef6bc5988f4cd381bac4825d59af2678d0f3c315199ca9bc9a42b0,RACE|2026-07-25|CAULFIELD|R4|1100M|2026-07-25T03:55:00+00:00,RCOM_HORSE_5347491,Beautiful Bevy,2026-07-25,,,,EPI_UNAVAILABLE,PROJECTED_PERFORMANCE_UNAVAILABLE,ddf7a92d18923cddfbd8b4eb7baaac999153c09b658f5f81090f8a0fae8e17ca,EDGEIQ_EPI_ENGINE_V2,FAIL_CLOSED_PENDING_APPROVED_EPI_TRANSFORM_BINDING_V1,ad195747c1c2a036c6e07f87590129e06b214d70e683d4795cd69e3cb48d1a25
98e0f906791899cbb924705f1ff034c1ece2eb375fe3bebae568bb948dea2a7e,RACE|2026-07-25|CAULFIELD|R4|1100M|2026-07-25T03:55:00+00:00,RCOM_HORSE_5349820,Snow Mercy,2026-07-25,,,,EPI_UNAVAILABLE,PROJECTED_PERFORMANCE_UNAVAILABLE,1042a79119a59ae8fa3257637187deff3df201165b4d3c57e8722ee42d842a69,EDGEIQ_EPI_ENGINE_V2,FAIL_CLOSED_PENDING_APPROVED_EPI_TRANSFORM_BINDING_V1,408735a6693314fd2df6cded24d08d68d66a1fa7ab679e3e4cb4adce261c2fd1
ee0c9d1a71bc0c141c0ae373969f87327249facce9b14fbad792e7b46c156b14,RACE|2026-07-25|CAULFIELD|R4|1100M|2026-07-25T03:55:00+00:00,RCOM_HORSE_5350327,Final Moment,2026-07-25,,,,EPI_UNAVAILABLE,PROJECTED_PERFORMANCE_UNAVAILABLE,7594dd4d50a7347bd276eb29c01a11394a014837cd00dc64a107a69f3699929b,EDGEIQ_EPI_ENGINE_V2,FAIL_CLOSED_PENDING_APPROVED_EPI_TRANSFORM_BINDING_V1,590f5da72a98746aeafcafe3fb2d8a8db45f5208252918905894dc63027f9b07
40fad3b916b9f9d14a4331926830e4014e75843dc71668d6af419ceb4bfea788,RACE|2026-07-25|CAULFIELD|R4|1100M|2026-07-25T03:55:00+00:00,RCOM_HORSE_5352405,Logam,2026-07-25,,,,EPI_UNAVAILABLE,PROJECTED_PERFORMANCE_UNAVAILABLE,e4b9285468eb0463eb7656c9fcb720626afc08d9e57d55843a3f19457015f9a4,EDGEIQ_EPI_ENGINE_V2,FAIL_CLOSED_PENDING_APPROVED_EPI_TRANSFORM_BINDING_V1,67b36f1b570f8cbca0aeb5cb0d9fa9d4270e2910a9276ac08c7d2541a2ac337f
b92bc717553a7e9bf131675982d3cb93b49bbdbaf10e3fb5b33dd066b5a32748,RACE|2026-07-25|CAULFIELD|R4|1100M|2026-07-25T03:55:00+00:00,RCOM_HORSE_5353850,The Benchmark,2026-07-25,,,,EPI_UNAVAILABLE,PROJECTED_PERFORMANCE_UNAVAILABLE,b51e868c5bdbe7eb6a08ac898dcde8a30ec8448a7e346c3d29fa2322f028b3fd,EDGEIQ_EPI_ENGINE_V2,FAIL_CLOSED_PENDING_APPROVED_EPI_TRANSFORM_BINDING_V1,f4fd91180125c732c11d65158371341ab8ea9e19e4164c405ae1db7a65053409
86ad6bbc0fb3a5b01935a7d1610558088f5673b78082072bfe912727dd34570a,RACE|2026-07-25|CAULFIELD|R4|1100M|2026-07-25T03:55:00+00:00,RCOM_HORSE_5356998,Jenni The Ninja,2026-07-25,,,,EPI_UNAVAILABLE,PROJECTED_PERFORMANCE_UNAVAILABLE,548412c7ef2874faeca2d305f011ab9039fd19670fcacf47a67cea9d8e6fdfca,EDGEIQ_EPI_ENGINE_V2,FAIL_CLOSED_PENDING_APPROVED_EPI_TRANSFORM_BINDING_V1,3a5f4c5224609f9892ad33f6938e6dafcdf2146628f386a584e511a66c18494f
ed63e53f253554a367b6580d66360fd49d564cb41cd33b5d4a3e498246abbdaf,RACE|2026-07-25|CAULFIELD|R4|1100M|2026-07-25T03:55:00+00:00,RCOM_HORSE_5360565,Nightime Star,2026-07-25,,,,EPI_UNAVAILABLE,PROJECTED_PERFORMANCE_UNAVAILABLE,fa9acf5743a291f6d4ab7f5156e6551fcf33d63e23a8e5bdec454e43d7143fd4,EDGEIQ_EPI_ENGINE_V2,FAIL_CLOSED_PENDING_APPROVED_EPI_TRANSFORM_BINDING_V1,4104368bf1d88a8a223a52e7a50d12cbe9890671e8008437fdb434a962b5b100
3a7fed1a0b4f48285ecc341c595e027deaf7c709252ddfec6c782f0d4b0042e2,RACE|2026-07-25|CAULFIELD|R5|1600M|2026-07-25T04:30:00+00:00,RCOM_HORSE_5251812,Rumbled Again,2026-07-25,,,,EPI_UNAVAILABLE,PROJECTED_PERFORMANCE_UNAVAILABLE,2cb60e8f960689aa2b1814f07bc51b095e23bc1648ae8687e81cb716e40553c9,EDGEIQ_EPI_ENGINE_V2,FAIL_CLOSED_PENDING_APPROVED_EPI_TRANSFORM_BINDING_V1,c6ce243d554f8e0f100d395fa6f9b56df63a589ea2f7725026545eb77a59c3e6
58fd18edbb5a6c5a0216fb205fa6c29c1cfdbf7860c4e69c5ac3e431a3065305,RACE|2026-07-25|CAULFIELD|R5|1600M|2026-07-25T04:30:00+00:00,RCOM_HORSE_5280364,Jimmy The Bear,2026-07-25,,,,EPI_UNAVAILABLE,PROJECTED_PERFORMANCE_UNAVAILABLE,273bb0b6264b33363c0fcc8eef3876764f8b73c4cae70c17fde6d69de83f7aa4,EDGEIQ_EPI_ENGINE_V2,FAIL_CLOSED_PENDING_APPROVED_EPI_TRANSFORM_BINDING_V1,8b6b760945c78ba4e16d830cd1fc3fbfed016afdad9eba8966375a470058b2f1
812bab545f726c74dbb35c00ab3fffc0560fc76f1fc9b96133bd5b3cd1519039,RACE|2026-07-25|CAULFIELD|R5|1600M|2026-07-25T04:30:00+00:00,RCOM_HORSE_5295675,Magnaspin,2026-07-25,,,,EPI_UNAVAILABLE,PROJECTED_PERFORMANCE_UNAVAILABLE,f7e9d0aa602932d17c96e67eda12b6de543c841adec40d34cb7edb6fd3e0e6b9,EDGEIQ_EPI_ENGINE_V2,FAIL_CLOSED_PENDING_APPROVED_EPI_TRANSFORM_BINDING_V1,6e533460c0262ca297c8eca4e9e473395cba0b834d40e8d3c1d90f843573c63d
78ac1219305e318bafd73558f1e8ef84d3de7f26e6d9504bc26c361d540ad175,RACE|2026-07-25|CAULFIELD|R5|1600M|2026-07-25T04:30:00+00:00,RCOM_HORSE_5303794,Seafall,2026-07-25,,,,EPI_UNAVAILABLE,PROJECTED_PERFORMANCE_UNAVAILABLE,d2c67be8949ac374aa56be5affafd8f298d2be0b25f80649a5793988a9120547,EDGEIQ_EPI_ENGINE_V2,FAIL_CLOSED_PENDING_APPROVED_EPI_TRANSFORM_BINDING_V1,0700159774aef12e577a0e3c2d9273d8e13ccf1592c579a2487af3d542372548
473a965216f9e79c8b4d32d00ab39b7de755523468017c3f2fa7845d03422cda,RACE|2026-07-25|CAULFIELD|R5|1600M|2026-07-25T04:30:00+00:00,RCOM_HORSE_5308967,Detonator Jack,2026-07-25,,,,EPI_UNAVAILABLE,PROJECTED_PERFORMANCE_UNAVAILABLE,f6d24a08c9a7a3523572edff7f33f5fd2b93183d13ce02c87966dcb158e1e587,EDGEIQ_EPI_ENGINE_V2,FAIL_CLOSED_PENDING_APPROVED_EPI_TRANSFORM_BINDING_V1,6eaba702c14fc7d981c2dc3b6e21b89706e85a2b6119445c3df127a2d8d043b0
6cd0edde3b90493b37072ed2b6fe04aedf009969b93b7149c55ec9e48b83f824,RACE|2026-07-25|CAULFIELD|R5|1600M|2026-07-25T04:30:00+00:00,RCOM_HORSE_5311051,Tuff Tu Mus,2026-07-25,,,,EPI_UNAVAILABLE,PROJECTED_PERFORMANCE_UNAVAILABLE,241144ce34bcdd885147d2be6bfbc612cd058e7b2801ddd534d056817fd4627f,EDGEIQ_EPI_ENGINE_V2,FAIL_CLOSED_PENDING_APPROVED_EPI_TRANSFORM_BINDING_V1,6ef0457f6d04bbed891bee7ec6afc84374594a47df74980e7b88ed2acb6fa1d2
f0ab2fbc916a05ac5701953452bf7d4c84594dbeb8182a43f8c920877d7212a9,RACE|2026-07-25|CAULFIELD|R5|1600M|2026-07-25T04:30:00+00:00,RCOM_HORSE_5316795,St Lawrence,2026-07-25,,,,EPI_UNAVAILABLE,PROJECTED_PERFORMANCE_UNAVAILABLE,3cba2bd6cb522428d6af25d1cf5a284599642c14b4e719fa09a614cb5476ebb6,EDGEIQ_EPI_ENGINE_V2,FAIL_CLOSED_PENDING_APPROVED_EPI_TRANSFORM_BINDING_V1,baaebdc6c0b01124ec21b2dc758a1671732d68290d4d77be887246b6d1f0b4a7
e490c7c78b3b884e722b4852826c04616cf271e028dd92dc57a16e61c38bc44e,RACE|2026-07-25|CAULFIELD|R5|1600M|2026-07-25T04:30:00+00:00,RCOM_HORSE_5338334,First Chorus,2026-07-25,,,,EPI_UNAVAILABLE,PROJECTED_PERFORMANCE_UNAVAILABLE,ddb9a2e138607613cf334b7d5d7633b7c284aea36d673af4a70c76f1a2559337,EDGEIQ_EPI_ENGINE_V2,FAIL_CLOSED_PENDING_APPROVED_EPI_TRANSFORM_BINDING_V1,5e8fc67222a2aace3a96d7a86d56dd7bba20e893ab0616e8d9b8a3b19943d755
9337cc2088dde2efda06eb22be3c8eeede35723595a1e68e585122f19abbb7f3,RACE|2026-07-25|CAULFIELD|R5|1600M|2026-07-25T04:30:00+00:00,RCOM_HORSE_5356259,Unlimited,2026-07-25,,,,EPI_UNAVAILABLE,PROJECTED_PERFORMANCE_UNAVAILABLE,89c4ba27281e894ace708b7321b05a3cec91a67d8d6ab4ffd2bae40400f22990,EDGEIQ_EPI_ENGINE_V2,FAIL_CLOSED_PENDING_APPROVED_EPI_TRANSFORM_BINDING_V1,9ad38c8a47565563ac4a87f84f2f867a6e48b33d7fceac029847376f079fd03f
de87e7d7c2e2c61636fc4b2a1d488e52c013789db55d9d724e154bc2d3891c56,RACE|2026-07-25|CAULFIELD|R6|2400M|2026-07-25T05:10:00+00:00,RCOM_HORSE_5339958,Pressurised,2026-07-25,,,,EPI_UNAVAILABLE,PROJECTED_PERFORMANCE_UNAVAILABLE,3da98bf481426dcdf287d5d0a36834372ca6dd5a633eff2542bbe9f6cc9d1807,EDGEIQ_EPI_ENGINE_V2,FAIL_CLOSED_PENDING_APPROVED_EPI_TRANSFORM_BINDING_V1,03af2966a0aec62c71fb23fd793541e3b5685adee9ad4b4150e968a67c66487f
92a7d1702fc655d302c2919a4b5e340a62dfdd316154e7f3300403f1e1aaed8f,RACE|2026-07-25|CAULFIELD|R6|2400M|2026-07-25T05:10:00+00:00,RCOM_HORSE_5340527,Dirnaseer,2026-07-25,,,,EPI_UNAVAILABLE,PROJECTED_PERFORMANCE_UNAVAILABLE,56a71c6e93e3603ec06863700ddf24445f0d8205929167baf6762ca983da6177,EDGEIQ_EPI_ENGINE_V2,FAIL_CLOSED_PENDING_APPROVED_EPI_TRANSFORM_BINDING_V1,35508a51e561b6c1bb80c7b6ba2def1c85d051a5ff671989a0fe9c3f76455da4
1e181dd208d9c4030dca9a7d48bfe7bfbed6e33d3c7ff28d76a1380c1e9e8a4e,RACE|2026-07-25|CAULFIELD|R6|2400M|2026-07-25T05:10:00+00:00,RCOM_HORSE_5345758,Decalogue,2026-07-25,,,,EPI_UNAVAILABLE,PROJECTED_PERFORMANCE_UNAVAILABLE,416e84a43b58bca300b8a9dbea10df6e626bc1199495a67e78deafb2ec2edcae,EDGEIQ_EPI_ENGINE_V2,FAIL_CLOSED_PENDING_APPROVED_EPI_TRANSFORM_BINDING_V1,5e428ade410c4fd58529334bdc54c441e81f847817bc4b6d04d0e051313462f4
6f03d1ca1c645fd52cb46866ba9948f652feb4c08adce3e87bde4a16f647ecec,RACE|2026-07-25|CAULFIELD|R6|2400M|2026-07-25T05:10:00+00:00,RCOM_HORSE_5346815,Menthon,2026-07-25,,,,EPI_UNAVAILABLE,PROJECTED_PERFORMANCE_UNAVAILABLE,49f8d302a60d8cdda99145f7fce166e51e822c67f1bc6dbd1e3b1a756404d59a,EDGEIQ_EPI_ENGINE_V2,FAIL_CLOSED_PENDING_APPROVED_EPI_TRANSFORM_BINDING_V1,8af45602886fb2e288f7476114b0649bb5aa860625af5985953f854575a35bef
371816b0c696be48c400d907e9a734fa5483881aa3a7cf9034ef3508f43bc5de,RACE|2026-07-25|CAULFIELD|R6|2400M|2026-07-25T05:10:00+00:00,RCOM_HORSE_5347458,Our Chief,2026-07-25,,,,EPI_UNAVAILABLE,PROJECTED_PERFORMANCE_UNAVAILABLE,d63491eadfc25cea0c8c8a06637953a4b09ab765b24118a610aaff963c5e8bb7,EDGEIQ_EPI_ENGINE_V2,FAIL_CLOSED_PENDING_APPROVED_EPI_TRANSFORM_BINDING_V1,80a8ac5221ce8025b5593186a08b89904b3f4ee54ad20bc1aee3222aa293d7d3
26abbb5d61cbe1f77cc9e1ddb06192479bf2fa152e5bc13442ad3cbd0597f233,RACE|2026-07-25|CAULFIELD|R6|2400M|2026-07-25T05:10:00+00:00,RCOM_HORSE_5347607,Brillantezza,2026-07-25,,,,EPI_UNAVAILABLE,PROJECTED_PERFORMANCE_UNAVAILABLE,0d869b26f8586cab4f77d8939d701a7a3782e8d8c4f89f605984fb0d0d79e408,EDGEIQ_EPI_ENGINE_V2,FAIL_CLOSED_PENDING_APPROVED_EPI_TRANSFORM_BINDING_V1,a488379dec42dd10fa0390a9bbce58ccfae2f6f60e5a1765c7565e50ab347446
84c0bc8963001b442f2ecd78eff8432d331a76fe805203861711858d5bcc44ff,RACE|2026-07-25|CAULFIELD|R6|2400M|2026-07-25T05:10:00+00:00,RCOM_HORSE_5347671,Harbour Town,2026-07-25,,,,EPI_UNAVAILABLE,PROJECTED_PERFORMANCE_UNAVAILABLE,93ca1e2b60dab672877f9ac033fa80076ed51178f679d7eba3dc0ca4fdc832e7,EDGEIQ_EPI_ENGINE_V2,FAIL_CLOSED_PENDING_APPROVED_EPI_TRANSFORM_BINDING_V1,ca7914becf8f4c40b99759d6375747865e0a49a326c973d429e79dc36fea99ac
5a9966f1493ec9e2a7e5839be5a8bcf010176dd2208c21351ac27f90d84d174e,RACE|2026-07-25|CAULFIELD|R6|2400M|2026-07-25T05:10:00+00:00,RCOM_HORSE_5352448,Kings Reflection,2026-07-25,,,,EPI_UNAVAILABLE,PROJECTED_PERFORMANCE_UNAVAILABLE,0afac1818490699ede07d0969b0d869844590bc630ad7f568e490c33f4120a80,EDGEIQ_EPI_ENGINE_V2,FAIL_CLOSED_PENDING_APPROVED_EPI_TRANSFORM_BINDING_V1,d5933380031dd3c64e48c01b1750e60cee591c92a07269264fbe4de5c32144b8
849fd0fe0028bbca45cef21de2f0ea9d158353d1dedaad7ff286f9620adc7afe,RACE|2026-07-25|CAULFIELD|R6|2400M|2026-07-25T05:10:00+00:00,RCOM_HORSE_5372898,Don't Doubt Dare,2026-07-25,,,,EPI_UNAVAILABLE,PROJECTED_PERFORMANCE_UNAVAILABLE,62f05700e65bdb1e4c8ea0182e711cccf822bfb82cea69a0b677ae5909841111,EDGEIQ_EPI_ENGINE_V2,FAIL_CLOSED_PENDING_APPROVED_EPI_TRANSFORM_BINDING_V1,36ac2ddd910f2dc684b8876d65d97388053c04b9556219183c7db0e253e22764
08a3cfcc8b1dbf01ba32692a4a4239064cfa6c989b68f52a9a07439893b3b075,RACE|2026-07-25|CAULFIELD|R6|2400M|2026-07-25T05:10:00+00:00,RCOM_HORSE_5382500,Engine Of War,2026-07-25,,,,EPI_UNAVAILABLE,PROJECTED_PERFORMANCE_UNAVAILABLE,e20a75e31a489464fe34ba93defd5920f015bcbbd298203fe342e186cdac0b38,EDGEIQ_EPI_ENGINE_V2,FAIL_CLOSED_PENDING_APPROVED_EPI_TRANSFORM_BINDING_V1,53bc55f349c72aa6afcf766185d3be52dfb8f410a5d9cadc7a3fd6cb2ccc982f
fe727e11dade9d86303ea8adf62d3a0425480cdd755ac7ffc4ad2790e9f8c8dd,RACE|2026-07-25|CAULFIELD|R6|2400M|2026-07-25T05:10:00+00:00,RCOM_HORSE_5388911,Ferrario,2026-07-25,,,,EPI_UNAVAILABLE,PROJECTED_PERFORMANCE_UNAVAILABLE,6e8788bf5cadbe77031d78c0ffecf1664762c041af14cd95c7ae960c0cce31a5,EDGEIQ_EPI_ENGINE_V2,FAIL_CLOSED_PENDING_APPROVED_EPI_TRANSFORM_BINDING_V1,c838476042b160089d117b3becb9d93191ed7f415c9844910156267e765e5f8c
368fac79abb0355876facc9205ed98e5bf0ce6cac4ac0ed4c80aa9e0249357d2,RACE|2026-07-25|CAULFIELD|R7|1200M|2026-07-25T05:50:00+00:00,RCOM_HORSE_5286543,Recommendation,2026-07-25,,,,EPI_UNAVAILABLE,PROJECTED_PERFORMANCE_UNAVAILABLE,87617f5e119dce5f0374694c59ef96b96969dd1811fbbfc5868a39c547adc63d,EDGEIQ_EPI_ENGINE_V2,FAIL_CLOSED_PENDING_APPROVED_EPI_TRANSFORM_BINDING_V1,fba4d61632d0a70e3516ae95231bea2be7f3cd45d07b7fdf9d8735182f260c0a
ae9d84c82ff083a64757d0e0f4164064905ccaa60d833c1928ab02c4fc942b60,RACE|2026-07-25|CAULFIELD|R7|1200M|2026-07-25T05:50:00+00:00,RCOM_HORSE_5286834,Aztec Ruler,2026-07-25,,,,EPI_UNAVAILABLE,PROJECTED_PERFORMANCE_UNAVAILABLE,663e7a1048ce18cc7f3b803fd441dbac02882f8199710b50a7bcaa5b76d70ecd,EDGEIQ_EPI_ENGINE_V2,FAIL_CLOSED_PENDING_APPROVED_EPI_TRANSFORM_BINDING_V1,2a5c42226508dbc7b2e5ed3e8bc941c1b69a50d3f7dd8e4bee5622952435a56c
b9bf2701a93a3c20e3aaed217059a5ed5396bcf9a900ace392859975fc52d8cb,RACE|2026-07-25|CAULFIELD|R7|1200M|2026-07-25T05:50:00+00:00,RCOM_HORSE_5288542,Zou Sensation,2026-07-25,,,,EPI_UNAVAILABLE,PROJECTED_PERFORMANCE_UNAVAILABLE,2955b4c392e9ff92e358e2561ec295af0b5830a677fc8bd910cd8b3713a587e4,EDGEIQ_EPI_ENGINE_V2,FAIL_CLOSED_PENDING_APPROVED_EPI_TRANSFORM_BINDING_V1,0e8cb3e3218eff646940fee0f27484a6a5daca3d093b05f716ee10a375b5f2df
c7f98f86f10415bc50660af2783edad6cb80571f9e920958038574ac83e58a54,RACE|2026-07-25|CAULFIELD|R7|1200M|2026-07-25T05:50:00+00:00,RCOM_HORSE_5304588,Cosmic Crusader,2026-07-25,,,,EPI_UNAVAILABLE,PROJECTED_PERFORMANCE_UNAVAILABLE,2c1e24c8a5509b62de05f5aeb9069e62d271964da35f18a8a4fe16eb1c6715d7,EDGEIQ_EPI_ENGINE_V2,FAIL_CLOSED_PENDING_APPROVED_EPI_TRANSFORM_BINDING_V1,b926fc1f1783a4a5da03320ceaefc35d68272d1392687e8c2da315e967e2ffd1
14e36e1aef8392c04a1c1b240886666daf8b374d7cda2cb4e10c817d87269461,RACE|2026-07-25|CAULFIELD|R7|1200M|2026-07-25T05:50:00+00:00,RCOM_HORSE_5306095,Samangu,2026-07-25,,,,EPI_UNAVAILABLE,PROJECTED_PERFORMANCE_UNAVAILABLE,59c1c4402553acfb2b00dff2ce083b13ce0b55e4f5b087a47901bf554f02cdec,EDGEIQ_EPI_ENGINE_V2,FAIL_CLOSED_PENDING_APPROVED_EPI_TRANSFORM_BINDING_V1,db22fc470edb3bc3fc527165bfe32a12f525ae3298cddbbf180e9241bd9b044e
ab467b006d8c78471a0e06262824f30a38e6da9b2b939406e2cdb552922c5d3b,RACE|2026-07-25|CAULFIELD|R7|1200M|2026-07-25T05:50:00+00:00,RCOM_HORSE_5309013,Title Fighter,2026-07-25,,,,EPI_UNAVAILABLE,PROJECTED_PERFORMANCE_UNAVAILABLE,55952e28e0b7312163e24a63bcc83b813b56453e1c2ff9f40823ac2ae5339eef,EDGEIQ_EPI_ENGINE_V2,FAIL_CLOSED_PENDING_APPROVED_EPI_TRANSFORM_BINDING_V1,97d4194b32f92c5f5ef06845548175493000f3da3baae7ef6450e590c108e456
bae736f5312894c0e72fda1d1df33cc79dc455ed4fbf5cefd7b393ccb838da14,RACE|2026-07-25|CAULFIELD|R7|1200M|2026-07-25T05:50:00+00:00,RCOM_HORSE_5311692,Watchme Win,2026-07-25,,,,EPI_UNAVAILABLE,PROJECTED_PERFORMANCE_UNAVAILABLE,814c391068f28b71d10c336f840528e5a44d46ef859a0016387cf32a423ee4ca,EDGEIQ_EPI_ENGINE_V2,FAIL_CLOSED_PENDING_APPROVED_EPI_TRANSFORM_BINDING_V1,f458af91d6bedddc68381df27527af29703cfe2a61647dda1369cf4f37256308
abae728fd20bf220ad7ed17763ea88ac52a6e52840f1590a90834dfb3dae9cff,RACE|2026-07-25|CAULFIELD|R7|1200M|2026-07-25T05:50:00+00:00,RCOM_HORSE_5313226,Miraval Rose,2026-07-25,,,,EPI_UNAVAILABLE,PROJECTED_PERFORMANCE_UNAVAILABLE,8ec885061f4d401531b8a449407323dcad03da93bba8f298ba2566031069c11b,EDGEIQ_EPI_ENGINE_V2,FAIL_CLOSED_PENDING_APPROVED_EPI_TRANSFORM_BINDING_V1,7c2d07e85b49c1a43488198b7edd81e3e69c92357a69bbc733d97ccf3d394145
885685b27358cd463a99a4a2a97d43ea3a8f70505e6916a5a2a7a4670ddc6d2d,RACE|2026-07-25|CAULFIELD|R7|1200M|2026-07-25T05:50:00+00:00,RCOM_HORSE_5323630,Winnasedge,2026-07-25,,,,EPI_UNAVAILABLE,PROJECTED_PERFORMANCE_UNAVAILABLE,68eded31d9325ac01ec75a47ac49f58d62839ba32f7d984bb09cc80f43a52c1b,EDGEIQ_EPI_ENGINE_V2,FAIL_CLOSED_PENDING_APPROVED_EPI_TRANSFORM_BINDING_V1,04aa4615955c1074666cee998fbecf722d8daef7627e80b180cc104bb97d1066
a95d8c436b78600ebca320ad5e5f3a67e4c573db3625d3219afd589bc801a25f,RACE|2026-07-25|CAULFIELD|R8|2000M|2026-07-25T06:25:00+00:00,RCOM_HORSE_5266226,Station One,2026-07-25,,,,EPI_UNAVAILABLE,PROJECTED_PERFORMANCE_UNAVAILABLE,b44c7a902adcb222f3ddfe438b0dfe519b935ea38197127f93cd4c92c8201281,EDGEIQ_EPI_ENGINE_V2,FAIL_CLOSED_PENDING_APPROVED_EPI_TRANSFORM_BINDING_V1,8f77f09f422c65db3fef548620d327f00d75d651c9f6801371f71d1b4e42c7f7
68a5ee91cae234a54ecd3c1bb4f9145a6263d4cfe292be02d50b08427e9388c0,RACE|2026-07-25|CAULFIELD|R8|2000M|2026-07-25T06:25:00+00:00,RCOM_HORSE_5266967,Belle Savoir,2026-07-25,,,,EPI_UNAVAILABLE,PROJECTED_PERFORMANCE_UNAVAILABLE,1038a1e9737dfcf51c98f3cbd9aceff214bb864ffb6f648c352d8d63aa4c32c2,EDGEIQ_EPI_ENGINE_V2,FAIL_CLOSED_PENDING_APPROVED_EPI_TRANSFORM_BINDING_V1,eaaf4f3cbb694efd3f1eb67dc1497193b706f072468226dddbe731aa996002d5
355cbb8d19295b13413be941959ce1e2015a3416c09422eda7b06a38bd4e2222,RACE|2026-07-25|CAULFIELD|R8|2000M|2026-07-25T06:25:00+00:00,RCOM_HORSE_5289137,Test The Law,2026-07-25,,,,EPI_UNAVAILABLE,PROJECTED_PERFORMANCE_UNAVAILABLE,3783314978e0dd971b9b647685d6a6ffc13e372f6236c815a80245d911b73e9f,EDGEIQ_EPI_ENGINE_V2,FAIL_CLOSED_PENDING_APPROVED_EPI_TRANSFORM_BINDING_V1,c3e7f6ba90b983e62a80c5a0ba99d8de012938c7981c3ddc9a7b2e2f9df8361b
e44b08b16203e7404b95d14a7600cd68db550332d8648ea9d38fd56b87cbcf83,RACE|2026-07-25|CAULFIELD|R8|2000M|2026-07-25T06:25:00+00:00,RCOM_HORSE_5309649,Crimson Vine,2026-07-25,,,,EPI_UNAVAILABLE,PROJECTED_PERFORMANCE_UNAVAILABLE,5fad72856f8165e7c47f02600783195159dd28123b5650202e2c82de43f9ddd0,EDGEIQ_EPI_ENGINE_V2,FAIL_CLOSED_PENDING_APPROVED_EPI_TRANSFORM_BINDING_V1,44f18e121a90772cf1eb936fce9f281dad32d39037a5a72d35abd959446830f2
3e1a85dffbeec4e2d31bbd665eec67e96c54ff01fb73a093ec182800ceae1b98,RACE|2026-07-25|CAULFIELD|R8|2000M|2026-07-25T06:25:00+00:00,RCOM_HORSE_5309932,Makdane,2026-07-25,,,,EPI_UNAVAILABLE,PROJECTED_PERFORMANCE_UNAVAILABLE,88b56d22f0cd912a5ce46605fe561d0c56c50c8a4184845e4c134b7ac988501a,EDGEIQ_EPI_ENGINE_V2,FAIL_CLOSED_PENDING_APPROVED_EPI_TRANSFORM_BINDING_V1,48f736af2c7e09f7a06eae5b9fd2fb23ebcd06fc21810a898dad59e7a76250b0
323d6f5f5311e1504a4cb43aa4abed0ddf2cc3b51bea27f1050be5c91f7864cf,RACE|2026-07-25|CAULFIELD|R8|2000M|2026-07-25T06:25:00+00:00,RCOM_HORSE_5311674,Beach Pad,2026-07-25,,,,EPI_UNAVAILABLE,PROJECTED_PERFORMANCE_UNAVAILABLE,164e0f64fc0d4b2fcd70a6bc1d042ace8856d2fabc15170ce0e59715cdce29ca,EDGEIQ_EPI_ENGINE_V2,FAIL_CLOSED_PENDING_APPROVED_EPI_TRANSFORM_BINDING_V1,6a4eaa53f5a7b865cbbe6f0cc058a65f9bafa70bfe4518b44173d332f17aac36
a8fdd8665694bc29ddf11a9f03b2ad3dcebd8f801a5ead488fc1b3712d6d2eb0,RACE|2026-07-25|CAULFIELD|R8|2000M|2026-07-25T06:25:00+00:00,RCOM_HORSE_5313865,Diwali,2026-07-25,,,,EPI_UNAVAILABLE,PROJECTED_PERFORMANCE_UNAVAILABLE,ac46420039e8597a2dbeb80fa924f08b3f322bc2bee4501b1aff6c94fb1f2af6,EDGEIQ_EPI_ENGINE_V2,FAIL_CLOSED_PENDING_APPROVED_EPI_TRANSFORM_BINDING_V1,978758f4cb065b55d9f8fb02816c8176e2f6d80716edc1ebaea8877648ce553c
d27543b3cf964ec7098357ba735af42f8b54c9eda9eda6a49e59241f3fd43bcc,RACE|2026-07-25|CAULFIELD|R8|2000M|2026-07-25T06:25:00+00:00,RCOM_HORSE_5338777,Oraqua,2026-07-25,,,,EPI_UNAVAILABLE,PROJECTED_PERFORMANCE_UNAVAILABLE,b1f950e562bf542098d8b0bac4a4c3c0d308cc85cfe3f93e78f737cf5638e21b,EDGEIQ_EPI_ENGINE_V2,FAIL_CLOSED_PENDING_APPROVED_EPI_TRANSFORM_BINDING_V1,fbd575d7b86bb4d21a39ec1d768418a6e42b7ae7784c57f976c62b6c8858a4c4
a2d2375180f6ff05d796091ad3705c3e6205b3c2c9e5d81e5ae53786bd46485b,RACE|2026-07-25|CAULFIELD|R8|2000M|2026-07-25T06:25:00+00:00,RCOM_HORSE_5342388,Leonchroi,2026-07-25,,,,EPI_UNAVAILABLE,PROJECTED_PERFORMANCE_UNAVAILABLE,b1b3586c194165d287dbd3655507d39ec1c289510dd4d96c5b229612da2589d5,EDGEIQ_EPI_ENGINE_V2,FAIL_CLOSED_PENDING_APPROVED_EPI_TRANSFORM_BINDING_V1,4e338f55fbce1e2dd4c36385557e760539d28f77bc3a02d50a4522d4ee77fa5e
d9243ee54a328933d23d31cb6b9f83820f698e6d84f75635ba797689faed05e5,RACE|2026-07-25|CAULFIELD|R8|2000M|2026-07-25T06:25:00+00:00,RCOM_HORSE_5348150,Aftermath,2026-07-25,,,,EPI_UNAVAILABLE,PROJECTED_PERFORMANCE_UNAVAILABLE,846b02793196039927a14330d0cae4b38032722922286a6e37bd726070e1b0eb,EDGEIQ_EPI_ENGINE_V2,FAIL_CLOSED_PENDING_APPROVED_EPI_TRANSFORM_BINDING_V1,e112105612870d9c0593c7388dac7228cb26a5d88a94a5d081250646aa77ca20
4008160b8626fc3840b8944227664353db6c518b4018e99a04f152de031e82ac,RACE|2026-07-25|CAULFIELD|R8|2000M|2026-07-25T06:25:00+00:00,RCOM_HORSE_5350812,Savour The Dream,2026-07-25,,,,EPI_UNAVAILABLE,PROJECTED_PERFORMANCE_UNAVAILABLE,620cea9e71e1d19042ed2c8b76f8cdb452cb207f2f945b606c0273dbe27d8950,EDGEIQ_EPI_ENGINE_V2,FAIL_CLOSED_PENDING_APPROVED_EPI_TRANSFORM_BINDING_V1,0f1014ffd3167aa50e299fd2d01637bd26252de72049e8a523f56993c07fb4ec
0f5e18a972d62914d10635f7190f67ec83552944cda6322631bb547ea3d1ee03,RACE|2026-07-25|CAULFIELD|R8|2000M|2026-07-25T06:25:00+00:00,RCOM_HORSE_5356122,Amleto,2026-07-25,,,,EPI_UNAVAILABLE,PROJECTED_PERFORMANCE_UNAVAILABLE,3344b035c7f3bc918383d08f332a98542a2c2769851763a7e6c2869a7efe66f2,EDGEIQ_EPI_ENGINE_V2,FAIL_CLOSED_PENDING_APPROVED_EPI_TRANSFORM_BINDING_V1,363d16b5fd397fa6934127547d238020bcf0ddb80e7e0973c78cc982ec054773
cc5071510cb075fdcf3565e18ff3c929a9ac7c91f6c9613f78fb23cd14609528,RACE|2026-07-25|CAULFIELD|R8|2000M|2026-07-25T06:25:00+00:00,RCOM_HORSE_5357149,Stop The Rock,2026-07-25,,,,EPI_UNAVAILABLE,PROJECTED_PERFORMANCE_UNAVAILABLE,6e372bb467409539a28c18ecd99bfd0558efe00add6544ec988c7a3c07611cc8,EDGEIQ_EPI_ENGINE_V2,FAIL_CLOSED_PENDING_APPROVED_EPI_TRANSFORM_BINDING_V1,d4c6d03c5ba984dd926a7251d7344320ba5b764623f18e2a4aa43765babc3354
ac7f37abf5809f26fcec44b5e00ff97e4e21aa160ffa90cbac11022c8d9e4017,RACE|2026-07-25|CAULFIELD|R8|2000M|2026-07-25T06:25:00+00:00,RCOM_HORSE_5370452,Prince Eric,2026-07-25,,,,EPI_UNAVAILABLE,PROJECTED_PERFORMANCE_UNAVAILABLE,e5d94704e750da797ef93b52452286e8d80552fbb130a60a9307b55b7441de2a,EDGEIQ_EPI_ENGINE_V2,FAIL_CLOSED_PENDING_APPROVED_EPI_TRANSFORM_BINDING_V1,7475f87f6ff0e9e978968cee3db51be9e23d7aaab4f1fe7abea49ef2cc9d599c
c2a60b205d3feba2d184dca5b9a155e35583ab27d09ee33a4b209c5d48950f2a,RACE|2026-07-25|CAULFIELD|R8|2000M|2026-07-25T06:25:00+00:00,RCOM_HORSE_5392900,Aeolian,2026-07-25,,,,EPI_UNAVAILABLE,PROJECTED_PERFORMANCE_UNAVAILABLE,440fe0855240490d6b7f237f3f0ae02af87f0bc5c5009634b05342e2fbd76694,EDGEIQ_EPI_ENGINE_V2,FAIL_CLOSED_PENDING_APPROVED_EPI_TRANSFORM_BINDING_V1,891b8dbf085e45c74e787343be52d654d8bbc7b5132969f07b3ba59e0061d61f
1d4636a1d910c8dbba331ccbeafe02afa5e6cc21dac6f8be27f0659173f2518e,RACE|2026-07-25|CAULFIELD|R9|1400M|2026-07-25T06:55:00+00:00,RCOM_HORSE_5341015,Hotei Senshi,2026-07-25,,,,EPI_UNAVAILABLE,PROJECTED_PERFORMANCE_UNAVAILABLE,0cad56a962fdd918e3d72bcfb3ff4a088f137cf9bb6b5d609e6673ba9c955a20,EDGEIQ_EPI_ENGINE_V2,FAIL_CLOSED_PENDING_APPROVED_EPI_TRANSFORM_BINDING_V1,467dafadcd93329006fc23deea14ce95915951c5d816e6540cad4a9e3b1318a2
5aa9f71eccdc0495faf33702b330213f9816ebae331792526bec7fe7c78f8acc,RACE|2026-07-25|CAULFIELD|R9|1400M|2026-07-25T06:55:00+00:00,RCOM_HORSE_5341386,Falset Star,2026-07-25,,,,EPI_UNAVAILABLE,PROJECTED_PERFORMANCE_UNAVAILABLE,79069d4a71f5268ec54b863b7c02c2afe6ef0c96f6eb0327d57a2d60b8d8fc96,EDGEIQ_EPI_ENGINE_V2,FAIL_CLOSED_PENDING_APPROVED_EPI_TRANSFORM_BINDING_V1,351db2056b704aed0d1c30d10e8b724dc3b257ec1090cb6d07eeab703de8a0ae
e35e4fb44a236d1239a6dee4701dd011e935a313343f7f1dd63c2ea56e3da563,RACE|2026-07-25|CAULFIELD|R9|1400M|2026-07-25T06:55:00+00:00,RCOM_HORSE_5342833,Barking Mad,2026-07-25,,,,EPI_UNAVAILABLE,PROJECTED_PERFORMANCE_UNAVAILABLE,325059820ca216abc51ab166c1546bc0214ecc72d9261fa663e1808465436d88,EDGEIQ_EPI_ENGINE_V2,FAIL_CLOSED_PENDING_APPROVED_EPI_TRANSFORM_BINDING_V1,a37b63a35b8fb1e814cfe264610956ca36a5e4721f2654aec1abd6abb7a6de11
819c73071f75fbc13a418aa3b1740c16b64296bf02ccbf25022bc7451735e426,RACE|2026-07-25|CAULFIELD|R9|1400M|2026-07-25T06:55:00+00:00,RCOM_HORSE_5344269,Jenni Gone Bonkers,2026-07-25,,,,EPI_UNAVAILABLE,PROJECTED_PERFORMANCE_UNAVAILABLE,78bbe2ab4f7559b77748efecf6ba3b48fb413ccc1848fdf3867b03700e902942,EDGEIQ_EPI_ENGINE_V2,FAIL_CLOSED_PENDING_APPROVED_EPI_TRANSFORM_BINDING_V1,e30e711cc3c771e7b79b8f6d5f9e13798373934aecf77144325d2c466ce13a69
de27ed58a0ac5c7484b96a9cb92d5bee35f9e5906932028dde098d0c36d50c70,RACE|2026-07-25|CAULFIELD|R9|1400M|2026-07-25T06:55:00+00:00,RCOM_HORSE_5346423,Just Too Fly,2026-07-25,,,,EPI_UNAVAILABLE,PROJECTED_PERFORMANCE_UNAVAILABLE,bd8fb378547c1098a2cc7d41c2d6155a45409d13fedd21edc090924bf28408c0,EDGEIQ_EPI_ENGINE_V2,FAIL_CLOSED_PENDING_APPROVED_EPI_TRANSFORM_BINDING_V1,dbddc9edcc2876e06399b53ba42db2bf4fa80866de9e222af93bea8421b7d376
f400d262255d64e63eb5d0ed4cf8f31777a8bdb716ca023203aa3df031dcbf71,RACE|2026-07-25|CAULFIELD|R9|1400M|2026-07-25T06:55:00+00:00,RCOM_HORSE_5348523,Ludlum,2026-07-25,,,,EPI_UNAVAILABLE,PROJECTED_PERFORMANCE_UNAVAILABLE,26b781ac4b36c155d8cdd996684c4f99d84d8e30906a932bcc99cbabc7fac049,EDGEIQ_EPI_ENGINE_V2,FAIL_CLOSED_PENDING_APPROVED_EPI_TRANSFORM_BINDING_V1,2ecff9f0d6440e1b7790bb2d3a77077b48e932dc1d1c551c9abf36617cf3373a
9a2d06543dc18e1fb477aab8cfcc9f1cfb48c26157fafc338f9ba66a2453f9f7,RACE|2026-07-25|CAULFIELD|R9|1400M|2026-07-25T06:55:00+00:00,RCOM_HORSE_5348554,Itazura,2026-07-25,,,,EPI_UNAVAILABLE,PROJECTED_PERFORMANCE_UNAVAILABLE,3cd167f343031f2829343880e8fb789622d8b74b508eeffd30c55a115c97e116,EDGEIQ_EPI_ENGINE_V2,FAIL_CLOSED_PENDING_APPROVED_EPI_TRANSFORM_BINDING_V1,24efc7789aa3aec2ce892e4d224bf4937a50ad67d493b42b5cf2484e9afccfac
2df167dc587b1140f90481a70f6e03216e3ca8affb3d73f49aef461d23157416,RACE|2026-07-25|CAULFIELD|R9|1400M|2026-07-25T06:55:00+00:00,RCOM_HORSE_5348797,Centu Cavaddi,2026-07-25,,,,EPI_UNAVAILABLE,PROJECTED_PERFORMANCE_UNAVAILABLE,ba6e6d7ed896b44a3a104cfe3b86502e5950f58384f80dae4cd4f988b8dbd5d2,EDGEIQ_EPI_ENGINE_V2,FAIL_CLOSED_PENDING_APPROVED_EPI_TRANSFORM_BINDING_V1,a69e1283fc3fd0f0d66a53b851cca4d4d3ea25942ecc9e1e3e4a60f73d94ae61
a1de2f9f64af0e282b185dc828f3d665ba1dce0a5e2386f5b926f8c0d672eaae,RACE|2026-07-25|CAULFIELD|R9|1400M|2026-07-25T06:55:00+00:00,RCOM_HORSE_5349193,Lauberhorn,2026-07-25,,,,EPI_UNAVAILABLE,PROJECTED_PERFORMANCE_UNAVAILABLE,ff56709081dbbfe0ea75858f2befc8b4faa5dafb3f995f3027b6601bce64405b,EDGEIQ_EPI_ENGINE_V2,FAIL_CLOSED_PENDING_APPROVED_EPI_TRANSFORM_BINDING_V1,a6c1bdff894f9b6de5653a98fe5edaeade54e3c745fcc2ab4fc6ed1fad26fffb
fdae0ed8394da5ad564f327043563df0638cb180c4b9b5381d7ec07de1de11b6,RACE|2026-07-25|CAULFIELD|R9|1400M|2026-07-25T06:55:00+00:00,RCOM_HORSE_5350092,Blankfield,2026-07-25,,,,EPI_UNAVAILABLE,PROJECTED_PERFORMANCE_UNAVAILABLE,11ae1a1451441a844d3929ad469d9a928dc9fdc81a535ba14a16c88960d0d335,EDGEIQ_EPI_ENGINE_V2,FAIL_CLOSED_PENDING_APPROVED_EPI_TRANSFORM_BINDING_V1,6b6ee9e36160347c0d87f032e9abfb3c7aee993646c6306da16b72c4abe75abd
850c173f72d4185be2ccb46d565f9fcc8b9cd734c2703d00195805001ba6b789,RACE|2026-07-25|CAULFIELD|R9|1400M|2026-07-25T06:55:00+00:00,RCOM_HORSE_5351215,Celtics,2026-07-25,,,,EPI_UNAVAILABLE,PROJECTED_PERFORMANCE_UNAVAILABLE,ccc0995d0f87ccfe3963c1ece4f0fddd6d12d885fca5133fd2417095cee2cf81,EDGEIQ_EPI_ENGINE_V2,FAIL_CLOSED_PENDING_APPROVED_EPI_TRANSFORM_BINDING_V1,0f65fd396425cb551f61cfa06186d26531eb34bda0c42d68d5c79f57a9ef6b74
913053d24457ffc48bd96b8014f76ad1af3961c7c403c185a6f6bfd2ba57f0be,RACE|2026-07-25|CAULFIELD|R9|1400M|2026-07-25T06:55:00+00:00,RCOM_HORSE_5353008,Shares,2026-07-25,,,,EPI_UNAVAILABLE,PROJECTED_PERFORMANCE_UNAVAILABLE,c74ae9b39fc44f92f115a9f9f2bcada58a4dae1c1635c51276626558080c1edc,EDGEIQ_EPI_ENGINE_V2,FAIL_CLOSED_PENDING_APPROVED_EPI_TRANSFORM_BINDING_V1,b28f306e086f1926a3f766e3fbd639f9b3018722b4d007e80ffd9d3c4789c22a
ae1623e4a06403ff23dc49c41755ecfb8e11700abe5a47a6c4bc2c93fad9cdb8,RACE|2026-07-25|CAULFIELD|R9|1400M|2026-07-25T06:55:00+00:00,RCOM_HORSE_5358101,Magnetic Chess,2026-07-25,,,,EPI_UNAVAILABLE,PROJECTED_PERFORMANCE_UNAVAILABLE,b73ce04e60a4093bc450aad2c34004f199bda1ee9a5bcaa0d9013c85516360b3,EDGEIQ_EPI_ENGINE_V2,FAIL_CLOSED_PENDING_APPROVED_EPI_TRANSFORM_BINDING_V1,9934550eaa65bde86539fe26576c82479a8878c289a2604c21ef96f8815e7fb4
51f22bb8b11665ece2881199a399b8040b3941b0eb48cac23b186a57ae287580,RACE|2026-07-25|CAULFIELD|R9|1400M|2026-07-25T06:55:00+00:00,RCOM_HORSE_5376607,Cruiserweight,2026-07-25,,,,EPI_UNAVAILABLE,PROJECTED_PERFORMANCE_UNAVAILABLE,3cf16984f4f65a2efb0eb903d8ee7ca920f4597870e87c2024304702c092bf74,EDGEIQ_EPI_ENGINE_V2,FAIL_CLOSED_PENDING_APPROVED_EPI_TRANSFORM_BINDING_V1,8065d1cd2a683a28e6e48e65cf1e1ced2b20d043849b3b7d8378ca30cf443891
c7735518c3a39633b52b6f9cacd8276b1163bb18235295ef51cbef60aa1ab906,RACE|2026-07-25|CAULFIELD|R9|1400M|2026-07-25T06:55:00+00:00,RCOM_HORSE_5378192,Mahershala,2026-07-25,,,,EPI_UNAVAILABLE,PROJECTED_PERFORMANCE_UNAVAILABLE,3e81a3408fa9875142a0862fbee4d49d9328bd9996ab7a8b2336514c413737dc,EDGEIQ_EPI_ENGINE_V2,FAIL_CLOSED_PENDING_APPROVED_EPI_TRANSFORM_BINDING_V1,baf9e8969585dfde59653e7c9439dec8cbf0a07bcbba9cf3c3f4f0677dd82b8f
