repository_file,extension,bytes,field_categories,track_ids_found,relevant_url_count,candidate_status,notes
data\weather\live_raw_on_track_weather_source_status_v1.csv,.csv,728,,FLEMINGTON|CAULFIELD|MORNINGTON,0,REVIEW,
data\weather\live_raw_on_track_weather_v1.csv,.csv,1536,,FLEMINGTON|CAULFIELD|MORNINGTON,4,REVIEW,
data\weather\live_raw_on_track_weather_v1.json,.json,28737,IRRIGATION_GENERAL|RAIL_CURRENT|TRACK_CONDITION,FLEMINGTON|CAULFIELD|MORNINGTON,14,REVIEW,
data\weather\on_track_live_endpoint_candidates_v1.csv,.csv,241339,TRACK_CONDITION,FLEMINGTON|CAULFIELD|MORNINGTON,55,REVIEW,
data\weather\on_track_weather_all_units_v1.csv,.csv,380,,FLEMINGTON|CAULFIELD|MORNINGTON,0,REVIEW,
data\weather\on_track_weather_freshness_v1.csv,.csv,802,,FLEMINGTON|CAULFIELD|MORNINGTON,0,REVIEW,
data\weather\on_track_weather_governed_v1_1.csv,.csv,4364,RAINFALL_24H|TRACK_CONDITION,FLEMINGTON|CAULFIELD|MORNINGTON,7,REVIEW,
data\weather\on_track_weather_governed_v1_1_lineage.csv,.csv,3204,RAINFALL_24H|RAINFALL_7D,FLEMINGTON|CAULFIELD|MORNINGTON,0,REVIEW,
data\weather\on_track_weather_governed_v1_2.csv,.csv,2703,RAINFALL_24H|TRACK_CONDITION,FLEMINGTON|CAULFIELD|MORNINGTON,4,REVIEW,
data\weather\on_track_weather_governed_v1_2_lineage.csv,.csv,7196,RAINFALL_24H|TRACK_CONDITION,FLEMINGTON|CAULFIELD|MORNINGTON,0,REVIEW,
data\weather\on_track_weather_observation_lineage_v1.csv,.csv,8238,RAINFALL_24H|RAINFALL_7D|TRACK_CONDITION,FLEMINGTON|CAULFIELD|MORNINGTON,0,REVIEW,
data\weather\on_track_weather_observation_v1.csv,.csv,3582,RAINFALL_24H|TRACK_CONDITION,FLEMINGTON|CAULFIELD|MORNINGTON,7,REVIEW,
data\weather\on_track_weather_payload_inventory_v1.csv,.csv,916,,FLEMINGTON|CAULFIELD|MORNINGTON,0,REVIEW,
data\weather\on_track_weather_units_v1.csv,.csv,477,,FLEMINGTON|CAULFIELD|MORNINGTON,0,REVIEW,
data\weather\turftrax_live_request_contract_candidates_v1.csv,.csv,15298,TRACK_CONDITION,FLEMINGTON|CAULFIELD|MORNINGTON,8,REVIEW,
data\weather-source-audit\live-turftrax\caulfield_raw.json,.json,42632,GOING_STICK|IRRIGATION_GENERAL|RAIL_CURRENT|TRACK_CONDITION|UPDATED_TIME,CAULFIELD,2,HIGH_VALUE,
data\weather-source-audit\live-turftrax\ladbrokes_raw.json,.json,31276,IRRIGATION_GENERAL|TRACK_CONDITION|UPDATED_TIME,,2,REVIEW,
data\weather-source-audit\live-turftrax\mornington_raw.json,.json,26329,IRRIGATION_GENERAL|TRACK_CONDITION|UPDATED_TIME,MORNINGTON,2,REVIEW,
data\weather-source-audit\racing-australia-vic\track_conditions_page.html,.html,45401,GOING_STICK|IRRIGATION_GENERAL|MEETING_STATUS|PENETROMETER|TRACK_CONDITION|TRACK_MANAGER_COMMENT|UPDATED_TIME,CAULFIELD|SANDOWN_HILLSIDE|CRANBOURNE|BALLARAT|BALLARAT_SYNTHETIC|DONALD|GEELONG|HAMILTON,12,HIGH_VALUE,
data\weather-source-audit\turftrax\caulfield\004_common.js,.js,21738,TRACK_CONDITION,,0,REVIEW,
data\weather-source-audit\turftrax\caulfield\005_base.js,.js,110072,IRRIGATION_GENERAL|RAINFALL_24H|RAINFALL_7D|TRACK_CONDITION|UPDATED_TIME,,2,HIGH_VALUE,
data\weather-source-audit\turftrax\caulfield\audit.json,.json,708342,GOING_STICK|IRRIGATION_GENERAL|RAINFALL_24H|RAINFALL_7D|TRACK_CONDITION|UPDATED_TIME,CAULFIELD,10,HIGH_VALUE,
data\weather-source-audit\turftrax\caulfield\audit_report.txt,.txt,185056,GOING_STICK|TRACK_CONDITION|UPDATED_TIME,CAULFIELD,9,REVIEW,
data\weather-source-audit\turftrax\caulfield\page.html,.html,28773,GOING_STICK|IRRIGATION_GENERAL|RAINFALL_24H|RAINFALL_7D|TRACK_CONDITION,CAULFIELD,2,HIGH_VALUE,
data\weather-source-audit\turftrax\mornington\004_common.js,.js,21738,TRACK_CONDITION,,0,REVIEW,
data\weather-source-audit\turftrax\mornington\005_base.js,.js,110072,IRRIGATION_GENERAL|RAINFALL_24H|RAINFALL_7D|TRACK_CONDITION|UPDATED_TIME,,2,HIGH_VALUE,
data\weather-source-audit\turftrax\mornington\audit.json,.json,708269,GOING_STICK|IRRIGATION_GENERAL|RAINFALL_24H|RAINFALL_7D|TRACK_CONDITION|UPDATED_TIME,MORNINGTON,10,HIGH_VALUE,
data\weather-source-audit\turftrax\mornington\audit_report.txt,.txt,185060,GOING_STICK|TRACK_CONDITION|UPDATED_TIME,MORNINGTON,9,REVIEW,
data\weather-source-audit\turftrax\mornington\page.html,.html,28865,GOING_STICK|IRRIGATION_GENERAL|RAINFALL_24H|RAINFALL_7D|TRACK_CONDITION,MORNINGTON,2,HIGH_VALUE,
data\weather-source-audit\turftrax\sandown\004_common.js,.js,21738,TRACK_CONDITION,,0,REVIEW,
data\weather-source-audit\turftrax\sandown\005_base.js,.js,110072,IRRIGATION_GENERAL|RAINFALL_24H|RAINFALL_7D|TRACK_CONDITION|UPDATED_TIME,,2,HIGH_VALUE,
data\weather-source-audit\turftrax\sandown\audit.json,.json,708271,GOING_STICK|IRRIGATION_GENERAL|RAINFALL_24H|RAINFALL_7D|TRACK_CONDITION|UPDATED_TIME,,10,HIGH_VALUE,
data\weather-source-audit\turftrax\sandown\audit_report.txt,.txt,185054,GOING_STICK|TRACK_CONDITION|UPDATED_TIME,,9,REVIEW,
data\weather-source-audit\turftrax\sandown\page.html,.html,28931,GOING_STICK|IRRIGATION_GENERAL|RAINFALL_24H|RAINFALL_7D|TRACK_CONDITION,,2,HIGH_VALUE,
data\weather-source-audit\turftrax-stream\001_caulfield_get_plain.json,.json,48,,,0,REVIEW,
data\weather-source-audit\turftrax-stream\002_caulfield_get_path.txt,.txt,319,,CAULFIELD,0,REVIEW,
data\weather-source-audit\turftrax-stream\003_caulfield_get_client.json,.json,48,,,0,REVIEW,
data\weather-source-audit\turftrax-stream\004_caulfield_post_form_client.json,.json,48,,,0,REVIEW,
data\weather-source-audit\turftrax-stream\005_caulfield_post_json_client.json,.json,48,,,0,REVIEW,
data\weather-source-audit\turftrax-stream\006_caulfield_get_clientName.json,.json,48,,,0,REVIEW,
data\weather-source-audit\turftrax-stream\007_caulfield_post_form_clientName.json,.json,48,,,0,REVIEW,
data\weather-source-audit\turftrax-stream\008_caulfield_post_json_clientName.json,.json,48,,,0,REVIEW,
data\weather-source-audit\turftrax-stream\009_caulfield_get_name.json,.json,48,,,0,REVIEW,
data\weather-source-audit\turftrax-stream\010_caulfield_post_form_name.json,.json,48,,,0,REVIEW,
data\weather-source-audit\turftrax-stream\011_caulfield_post_json_name.json,.json,48,,,0,REVIEW,
data\weather-source-audit\turftrax-stream\012_caulfield_get_venue.json,.json,48,,,0,REVIEW,
data\weather-source-audit\turftrax-stream\013_caulfield_post_form_venue.json,.json,48,,,0,REVIEW,
data\weather-source-audit\turftrax-stream\014_caulfield_post_json_venue.json,.json,48,,,0,REVIEW,
data\weather-source-audit\turftrax-stream\015_caulfield_get_course.json,.json,48,,,0,REVIEW,
data\weather-source-audit\turftrax-stream\016_caulfield_post_form_course.json,.json,48,,,0,REVIEW,
data\weather-source-audit\turftrax-stream\017_caulfield_post_json_course.json,.json,48,,,0,REVIEW,
data\weather-source-audit\turftrax-stream\018_caulfield_get_track.json,.json,48,,,0,REVIEW,
data\weather-source-audit\turftrax-stream\019_caulfield_post_form_track.json,.json,48,,,0,REVIEW,
data\weather-source-audit\turftrax-stream\020_caulfield_post_json_track.json,.json,48,,,0,REVIEW,
data\weather-source-audit\turftrax-stream\021_caulfield_get_visualiser.json,.json,48,,,0,REVIEW,
data\weather-source-audit\turftrax-stream\022_caulfield_post_form_visualiser.json,.json,48,,,0,REVIEW,
data\weather-source-audit\turftrax-stream\023_caulfield_post_json_visualiser.json,.json,48,,,0,REVIEW,
data\weather-source-audit\turftrax-stream\024_ladbrokes_get_plain.json,.json,48,,,0,REVIEW,
data\weather-source-audit\turftrax-stream\025_ladbrokes_get_path.txt,.txt,319,,,0,REVIEW,
data\weather-source-audit\turftrax-stream\026_ladbrokes_get_client.json,.json,48,,,0,REVIEW,
data\weather-source-audit\turftrax-stream\027_ladbrokes_post_form_client.json,.json,48,,,0,REVIEW,
data\weather-source-audit\turftrax-stream\028_ladbrokes_post_json_client.json,.json,48,,,0,REVIEW,
data\weather-source-audit\turftrax-stream\029_ladbrokes_get_clientName.json,.json,48,,,0,REVIEW,
data\weather-source-audit\turftrax-stream\030_ladbrokes_post_form_clientName.json,.json,48,,,0,REVIEW,
data\weather-source-audit\turftrax-stream\031_ladbrokes_post_json_clientName.json,.json,48,,,0,REVIEW,
data\weather-source-audit\turftrax-stream\032_ladbrokes_get_name.json,.json,48,,,0,REVIEW,
data\weather-source-audit\turftrax-stream\033_ladbrokes_post_form_name.json,.json,48,,,0,REVIEW,
data\weather-source-audit\turftrax-stream\034_ladbrokes_post_json_name.json,.json,48,,,0,REVIEW,
data\weather-source-audit\turftrax-stream\035_ladbrokes_get_venue.json,.json,48,,,0,REVIEW,
data\weather-source-audit\turftrax-stream\036_ladbrokes_post_form_venue.json,.json,48,,,0,REVIEW,
data\weather-source-audit\turftrax-stream\037_ladbrokes_post_json_venue.json,.json,48,,,0,REVIEW,
data\weather-source-audit\turftrax-stream\038_ladbrokes_get_course.json,.json,48,,,0,REVIEW,
data\weather-source-audit\turftrax-stream\039_ladbrokes_post_form_course.json,.json,48,,,0,REVIEW,
data\weather-source-audit\turftrax-stream\040_ladbrokes_post_json_course.json,.json,48,,,0,REVIEW,
data\weather-source-audit\turftrax-stream\041_ladbrokes_get_track.json,.json,48,,,0,REVIEW,
data\weather-source-audit\turftrax-stream\042_ladbrokes_post_form_track.json,.json,48,,,0,REVIEW,
data\weather-source-audit\turftrax-stream\043_ladbrokes_post_json_track.json,.json,48,,,0,REVIEW,
data\weather-source-audit\turftrax-stream\044_ladbrokes_get_visualiser.json,.json,48,,,0,REVIEW,
data\weather-source-audit\turftrax-stream\045_ladbrokes_post_form_visualiser.json,.json,48,,,0,REVIEW,
data\weather-source-audit\turftrax-stream\046_ladbrokes_post_json_visualiser.json,.json,48,,,0,REVIEW,
data\weather-source-audit\turftrax-stream\047_mornington_get_plain.json,.json,48,,,0,REVIEW,
data\weather-source-audit\turftrax-stream\048_mornington_get_path.txt,.txt,320,,MORNINGTON,0,REVIEW,
data\weather-source-audit\turftrax-stream\049_mornington_get_client.json,.json,48,,,0,REVIEW,
data\weather-source-audit\turftrax-stream\050_mornington_post_form_client.json,.json,48,,,0,REVIEW,
data\weather-source-audit\turftrax-stream\051_mornington_post_json_client.json,.json,48,,,0,REVIEW,
data\weather-source-audit\turftrax-stream\052_mornington_get_clientName.json,.json,48,,,0,REVIEW,
data\weather-source-audit\turftrax-stream\053_mornington_post_form_clientName.json,.json,48,,,0,REVIEW,
data\weather-source-audit\turftrax-stream\054_mornington_post_json_clientName.json,.json,48,,,0,REVIEW,
data\weather-source-audit\turftrax-stream\055_mornington_get_name.json,.json,48,,,0,REVIEW,
data\weather-source-audit\turftrax-stream\056_mornington_post_form_name.json,.json,48,,,0,REVIEW,
data\weather-source-audit\turftrax-stream\057_mornington_post_json_name.json,.json,48,,,0,REVIEW,
data\weather-source-audit\turftrax-stream\058_mornington_get_venue.json,.json,48,,,0,REVIEW,
data\weather-source-audit\turftrax-stream\059_mornington_post_form_venue.json,.json,48,,,0,REVIEW,
data\weather-source-audit\turftrax-stream\060_mornington_post_json_venue.json,.json,48,,,0,REVIEW,
data\weather-source-audit\turftrax-stream\061_mornington_get_course.json,.json,48,,,0,REVIEW,
data\weather-source-audit\turftrax-stream\062_mornington_post_form_course.json,.json,48,,,0,REVIEW,
data\weather-source-audit\turftrax-stream\063_mornington_post_json_course.json,.json,48,,,0,REVIEW,
data\weather-source-audit\turftrax-stream\064_mornington_get_track.json,.json,48,,,0,REVIEW,
data\weather-source-audit\turftrax-stream\065_mornington_post_form_track.json,.json,48,,,0,REVIEW,
data\weather-source-audit\turftrax-stream\066_mornington_post_json_track.json,.json,48,,,0,REVIEW,
data\weather-source-audit\turftrax-stream\067_mornington_get_visualiser.json,.json,48,,,0,REVIEW,
data\weather-source-audit\turftrax-stream\068_mornington_post_form_visualiser.json,.json,48,,,0,REVIEW,
data\weather-source-audit\turftrax-stream\069_mornington_post_json_visualiser.json,.json,48,,,0,REVIEW,
data\weather-source-audit\turftrax-stream\EDGEIQ_TURFTRAX_STREAM_PROBE.txt,.txt,27567,,CAULFIELD|MORNINGTON,22,REVIEW,
data\weather-source-audit\turftrax-stream\turftrax_stream_probe_results.json,.json,80371,,CAULFIELD|MORNINGTON,25,REVIEW,
data\weather-source-audit\turftrax-stream-endpoints\caulfield_response.json,.json,40671,GOING_STICK|IRRIGATION_GENERAL|RAIL_CURRENT|TRACK_CONDITION|UPDATED_TIME,CAULFIELD,2,HIGH_VALUE,
data\weather-source-audit\turftrax-stream-endpoints\caulfield_response.txt,.txt,4091,IRRIGATION_GENERAL|RAIL_CURRENT|TRACK_CONDITION,CAULFIELD,2,REVIEW,
data\weather-source-audit\turftrax-stream-endpoints\EDGEIQ_TURFTRAX_ENDPOINT_TEST.txt,.txt,826,,CAULFIELD|MORNINGTON,3,REVIEW,
data\weather-source-audit\turftrax-stream-endpoints\ladbrokes_response.json,.json,31282,IRRIGATION_GENERAL|TRACK_CONDITION|UPDATED_TIME,,2,REVIEW,
data\weather-source-audit\turftrax-stream-endpoints\ladbrokes_response.txt,.txt,4094,IRRIGATION_GENERAL|TRACK_CONDITION,,2,REVIEW,
data\weather-source-audit\turftrax-stream-endpoints\mornington_response.json,.json,26337,IRRIGATION_GENERAL|TRACK_CONDITION|UPDATED_TIME,MORNINGTON,2,REVIEW,
data\weather-source-audit\turftrax-stream-endpoints\mornington_response.txt,.txt,4097,IRRIGATION_GENERAL|TRACK_CONDITION,MORNINGTON,2,REVIEW,
data\weather-source-audit\turftrax-stream-endpoints\summary.json,.json,1556,,CAULFIELD|MORNINGTON,3,REVIEW,
docs\beta-specifications\ENGINEERING\ARCHIVE\OUTLINE_RECOVERY_V0\WORKSPACES\BETA-002_MEETINGS.md,.md,1486,IRRIGATION_24H|IRRIGATION_GENERAL|RAINFALL_24H,,0,REVIEW,
docs\beta-specifications\ENGINEERING\ARCHIVE\OUTLINE_RECOVERY_V0\WORKSPACES\BETA-003_MEETING_DETAIL.md,.md,935,IRRIGATION_24H|IRRIGATION_GENERAL|RAINFALL_24H,,0,REVIEW,
docs\beta-specifications\ENGINEERING\ARCHIVE\OUTLINE_RECOVERY_V0\WORKSPACES\BETA-006_TRACK.md,.md,1190,GOING_STICK|IRRIGATION_24H|IRRIGATION_7D|IRRIGATION_GENERAL|PENETROMETER|RAINFALL_24H|TRACK_CONDITION|TRACK_MANAGER_COMMENT|UPDATED_TIME,,0,HIGH_VALUE,
docs\beta-specifications\ENGINEERING\WORKSPACES\BETA-002_MEETINGS_ENGINEERING.md,.md,37980,UPDATED_TIME,,0,REVIEW,
docs\beta-specifications\ENGINEERING\WORKSPACES\BETA-003_MEETING_DETAIL_ENGINEERING.md,.md,30631,IRRIGATION_24H|IRRIGATION_GENERAL|RAINFALL_24H|UPDATED_TIME,,0,HIGH_VALUE,
docs\beta-specifications\ENGINEERING\WORKSPACES\BETA-006_TRACK_ENGINEERING.md,.md,25098,GOING_STICK|IRRIGATION_24H|IRRIGATION_7D|IRRIGATION_GENERAL|PENETROMETER|RAINFALL_24H|TRACK_MANAGER_COMMENT|UPDATED_TIME,,0,HIGH_VALUE,
docs\beta-specifications\WORKSPACES\EDGEIQ_ENGINEERING_SPEC_RECOVERY\EDGEIQ_ENGINEERING_SPEC_RECOVERY\WORKSPACES\BETA-002_MEETINGS.md,.md,1486,IRRIGATION_24H|IRRIGATION_GENERAL|RAINFALL_24H,,0,REVIEW,
docs\beta-specifications\WORKSPACES\EDGEIQ_ENGINEERING_SPEC_RECOVERY\EDGEIQ_ENGINEERING_SPEC_RECOVERY\WORKSPACES\BETA-003_MEETING_DETAIL.md,.md,935,IRRIGATION_24H|IRRIGATION_GENERAL|RAINFALL_24H,,0,REVIEW,
docs\beta-specifications\WORKSPACES\EDGEIQ_ENGINEERING_SPEC_RECOVERY\EDGEIQ_ENGINEERING_SPEC_RECOVERY\WORKSPACES\BETA-006_TRACK.md,.md,1190,GOING_STICK|IRRIGATION_24H|IRRIGATION_7D|IRRIGATION_GENERAL|PENETROMETER|RAINFALL_24H|TRACK_CONDITION|TRACK_MANAGER_COMMENT|UPDATED_TIME,,0,HIGH_VALUE,
docs\beta-specifications\WORKSPACES\SPEC-003_MEETINGS.md,.md,9522,IRRIGATION_GENERAL|MEETING_STATUS|PENETROMETER|RAIL_CURRENT|RAINFALL_24H|RAINFALL_7D|TRACK_CONDITION|TRACK_MANAGER_COMMENT|UPDATED_TIME,,0,HIGH_VALUE,
docs\beta-specifications\WORKSPACES\SPEC-004_MEETING_DETAIL.md,.md,8507,IRRIGATION_GENERAL|MEETING_STATUS|RAIL_CURRENT|TRACK_CONDITION|UPDATED_TIME,,0,HIGH_VALUE,
docs\beta-specifications\WORKSPACES\SPEC-007_TRACK.md,.md,7602,IRRIGATION_GENERAL|PENETROMETER|RAIL_CURRENT|RAINFALL_24H|RAINFALL_7D|TRACK_CONDITION,,0,HIGH_VALUE,
public\data\debug_ra_form_pages\GOINGHARD_MTI5MjMzODQzNg==.html,.html,678,,,0,REVIEW,
public\data\debug_ra_form_pages\IMPERIALMEETING_MTMwMzM5NjUxNg==.html,.html,677,,,0,REVIEW,
public\data\edgeiq_accountability_by_track.csv,.csv,2008,,CAULFIELD|MORNINGTON|PAKENHAM|BALLARAT|ECHUCA,0,REVIEW,
public\data\edgeiq_barrier_bias_by_track_v1.csv,.csv,874005,,FLEMINGTON|CAULFIELD|CAULFIELD_HEATH|SANDOWN_HILLSIDE|SANDOWN_LAKESIDE|MORNINGTON|CRANBOURNE|PAKENHAM|PAKENHAM_SYNTHETIC|BALLARAT|BENDIGO|BENALLA|CAMPERDOWN|CASTERTON|COLAC|DONALD|ECHUCA|GEELONG|HAMILTON|HORSHAM|KILMORE|KYNETON|MANSFIELD|MOE|MURTOA|SALE|SEYMOUR|ST_ARNAUD|SWAN_HILL|TERANG|WANGARATTA|WARRACKNABEAL|WARRNAMBOOL|WERRIBEE|WODONGA|YARRA_VALLEY,0,REVIEW,
public\data\edgeiq_barrier_rail_condition_bias_replay_v1.json,.json,48195,RAIL_CURRENT,FLEMINGTON|MORNINGTON|CRANBOURNE|PAKENHAM|PAKENHAM_SYNTHETIC|BALLARAT|BENDIGO|DONALD|ECHUCA|MOE|SALE|SWAN_HILL|WARRNAMBOOL|WERRIBEE|WODONGA,0,REVIEW,
public\data\edgeiq_barrier_rail_condition_bias_replay_v1_summary.csv,.csv,542,,ECHUCA,0,REVIEW,
public\data\edgeiq_barrier_rail_condition_pricing_impact_replay_by_band_v1.csv,.csv,766,,,0,REVIEW,
public\data\edgeiq_barrier_rail_condition_pricing_impact_replay_by_overlay_threshold_v1.csv,.csv,936,,,0,REVIEW,
public\data\edgeiq_barrier_rail_condition_pricing_impact_replay_v1_summary.csv,.csv,1327,,,0,REVIEW,
public\data\edgeiq_barrier_track_dna_v1_summary.csv,.csv,575,,,0,REVIEW,
public\data\edgeiq_bet_feedback_by_track.csv,.csv,1428,MEETING_STATUS,CAULFIELD|PAKENHAM|BALLARAT|WARRNAMBOOL,0,REVIEW,
public\data\edgeiq_certainty_engine_v1_best_conditions.csv,.csv,27041,,,0,REVIEW,
public\data\edgeiq_comprehensive_predictive_model_research_v1_by_track.csv,.csv,57217,,FLEMINGTON|CAULFIELD|CAULFIELD_HEATH|SANDOWN_HILLSIDE|SANDOWN_LAKESIDE|MORNINGTON|CRANBOURNE|PAKENHAM|PAKENHAM_SYNTHETIC|BALLARAT|BALLARAT_SYNTHETIC|BENDIGO|CAMPERDOWN|CASTERTON|COLAC|DONALD|ECHUCA|GEELONG|HAMILTON|HORSHAM|KILMORE|KYNETON|MOE|SALE|SEYMOUR|SWAN_HILL|TERANG|WANGARATTA|WARRACKNABEAL|WARRNAMBOOL|WERRIBEE|WODONGA|YARRA_VALLEY,0,REVIEW,
public\data\edgeiq_condition_bias_by_track_v1.csv,.csv,163592,,FLEMINGTON|CAULFIELD|CAULFIELD_HEATH|SANDOWN_HILLSIDE|SANDOWN_LAKESIDE|MORNINGTON|CRANBOURNE|PAKENHAM|PAKENHAM_SYNTHETIC|BALLARAT|BENDIGO|BENALLA|CAMPERDOWN|CASTERTON|COLAC|DONALD|ECHUCA|GEELONG|HAMILTON|HORSHAM|KILMORE|KYNETON|MANSFIELD|MOE|MURTOA|SALE|SEYMOUR|ST_ARNAUD|SWAN_HILL|TERANG|WANGARATTA|WARRACKNABEAL|WARRNAMBOOL|WERRIBEE|WODONGA|YARRA_VALLEY,0,REVIEW,
public\data\edgeiq_condition_bias_summary_v1.csv,.csv,217,,WARRNAMBOOL|WERRIBEE,0,REVIEW,
public\data\edgeiq_condition_dna_v1_summary.csv,.csv,430,,,0,REVIEW,
public\data\edgeiq_condition_dna_v1_summary.json,.json,210,,,0,REVIEW,
public\data\edgeiq_condition_pars_v1.csv,.csv,439,,,0,REVIEW,
public\data\edgeiq_condition_pars_v3.csv,.csv,1152,,,0,REVIEW,
public\data\edgeiq_condition_pars_v3_audit.csv,.csv,5388,TRACK_CONDITION,,0,REVIEW,
public\data\edgeiq_condition_pars_v5.csv,.csv,724,,,0,REVIEW,
public\data\edgeiq_condition_pars_v5_1.csv,.csv,1363,,,0,REVIEW,
public\data\edgeiq_condition_pars_v5_1_audit.csv,.csv,1081,,,0,REVIEW,
public\data\edgeiq_condition_pars_v5_audit.csv,.csv,154,,,0,REVIEW,
public\data\edgeiq_current_true_track_feed_v1.csv,.csv,5998,TRACK_CONDITION,CAULFIELD|BALLARAT|BALLARAT_SYNTHETIC|BENDIGO,0,REVIEW,
public\data\edgeiq_current_true_track_feed_v1_audit.csv,.csv,1197,,CAULFIELD|BALLARAT|BALLARAT_SYNTHETIC|BENDIGO,0,REVIEW,
public\data\edgeiq_current_true_track_feed_v1_summary.csv,.csv,84,,,0,REVIEW,
public\data\edgeiq_early_market_aware_predictive_model_v1_by_track.csv,.csv,893,,BENDIGO,0,REVIEW,
public\data\edgeiq_epf_v1_1_guardrailed_audit.csv,.csv,1293,,,0,REVIEW,
public\data\edgeiq_epf_v1_1_guardrailed_summary.csv,.csv,405,,,0,REVIEW,
public\data\edgeiq_epf_v1_quality_guardrails_summary.csv,.csv,2962,,BENDIGO,0,REVIEW,
public\data\edgeiq_execution_tracking_v2.csv,.csv,3454,,FLEMINGTON|SWAN_HILL,0,REVIEW,
public\data\edgeiq_execution_tracking_v2_by_action_settlement.csv,.csv,170,,,0,REVIEW,
public\data\edgeiq_execution_tracking_v2_settled.csv,.csv,3660,,FLEMINGTON|SWAN_HILL,0,REVIEW,
public\data\edgeiq_execution_tracking_v2_settlement_summary.csv,.csv,160,,,0,REVIEW,
public\data\edgeiq_execution_tracking_v2_summary.csv,.csv,136,,,0,REVIEW,
public\data\edgeiq_execution_tracking_v3.csv,.csv,7851,,FLEMINGTON|SWAN_HILL,0,REVIEW,
public\data\edgeiq_execution_tracking_v3_by_action.csv,.csv,651,,,0,REVIEW,
public\data\edgeiq_execution_tracking_v3_settled.csv,.csv,8888,,FLEMINGTON|SWAN_HILL,0,REVIEW,
public\data\edgeiq_execution_tracking_v3_settlement_summary.csv,.csv,476,,,0,REVIEW,
public\data\edgeiq_execution_tracking_v3_summary.csv,.csv,137,,,0,REVIEW,
public\data\edgeiq_experiment_tracker_v1.csv,.csv,8074,,CAULFIELD|PAKENHAM|BALLARAT|BENDIGO|MOE|WARRNAMBOOL,0,REVIEW,
public\data\edgeiq_future_meeting_feed_coverage_v1.csv,.csv,5143,,PAKENHAM|PAKENHAM_SYNTHETIC|ECHUCA,0,REVIEW,
public\data\edgeiq_future_meeting_feed_coverage_v1_summary.csv,.csv,1492,,,0,REVIEW,
public\data\edgeiq_graphql_getRacesForMeet_meeting_warehouse_v1.csv,.csv,36519,MEETING_STATUS|RAIL_CURRENT|RAIL_PREVIOUS|TRACK_CONDITION,FLEMINGTON|DONALD,8,HIGH_VALUE,
public\data\edgeiq_graphql_getRacesForMeet_meeting_warehouse_v1_summary.csv,.csv,445,,,0,REVIEW,
public\data\edgeiq_graphql_meeting_harvest_flemington_20250101_v1.json,.json,916073,GOING_STICK|MEETING_STATUS|PENETROMETER|RAIL_CURRENT|RAIL_PREVIOUS|TRACK_CONDITION|UPDATED_TIME,FLEMINGTON|MORNINGTON|DONALD|TERANG|WERRIBEE,98,HIGH_VALUE,
public\data\edgeiq_graphql_meeting_results_flemington_20250101_v1.csv,.csv,0,,,0,REVIEW,
public\data\edgeiq_graphql_meeting_results_flemington_20250101_v1_summary.csv,.csv,742,RAIL_CURRENT|TRACK_CONDITION,FLEMINGTON,1,REVIEW,
public\data\edgeiq_historical_meeting_feed_v1.csv,.csv,726856,,FLEMINGTON|CAULFIELD|CAULFIELD_HEATH|SANDOWN_HILLSIDE|SANDOWN_LAKESIDE|MOONEE_VALLEY|MORNINGTON|CRANBOURNE|PAKENHAM|PAKENHAM_SYNTHETIC|BALLARAT|BALLARAT_SYNTHETIC|BENDIGO|BENALLA|CAMPERDOWN|CASTERTON|COLAC|DONALD|ECHUCA|GEELONG|HAMILTON|HORSHAM|KILMORE|KYNETON|MANSFIELD|MOE|MURTOA|SALE|SEYMOUR|ST_ARNAUD|SWAN_HILL|TERANG|WANGARATTA|WARRACKNABEAL|WARRNAMBOOL|WERRIBEE|WODONGA|YARRA_VALLEY,0,REVIEW,
public\data\edgeiq_historical_rail_backfill_v1.json,.json,2149,PENETROMETER,,0,REVIEW,
public\data\edgeiq_historical_rail_backfill_v1_summary.csv,.csv,450,PENETROMETER,,0,REVIEW,
public\data\edgeiq_historical_rail_backfill_v1_unmatched.csv,.csv,466,PENETROMETER|RAIL_CURRENT|RAIL_PREVIOUS|TRACK_CONDITION,,0,HIGH_VALUE,
public\data\edgeiq_jockey_track_profiles_graphql_v1.csv,.csv,162632,,FLEMINGTON|CAULFIELD|CAULFIELD_HEATH|SANDOWN_HILLSIDE|SANDOWN_LAKESIDE|MORNINGTON|CRANBOURNE|PAKENHAM|BALLARAT|BALLARAT_SYNTHETIC|BENDIGO|COLAC|DONALD|ECHUCA|GEELONG|HAMILTON|KYNETON|MOE|SALE|SEYMOUR|SWAN_HILL|TERANG|WANGARATTA|WARRNAMBOOL|WODONGA,0,REVIEW,
public\data\edgeiq_live_blank_jockey_v2_by_track.csv,.csv,122,,FLEMINGTON|CASTERTON|SWAN_HILL,0,REVIEW,
public\data\edgeiq_live_condition_dna_v1.csv,.csv,64872,TRACK_CONDITION,CAULFIELD|BALLARAT|BALLARAT_SYNTHETIC|BENDIGO,0,REVIEW,
public\data\edgeiq_live_condition_dna_v1_CHECKPOINT_20260625_PRE_DNA_REFRESH.csv,.csv,61362,TRACK_CONDITION,CRANBOURNE|PAKENHAM|PAKENHAM_SYNTHETIC|BALLARAT|BALLARAT_SYNTHETIC|ECHUCA,0,REVIEW,
public\data\edgeiq_live_filter_v1_by_track.csv,.csv,178,,CAULFIELD,0,REVIEW,
public\data\edgeiq_live_on_track_weather_ingestion_v1_final_report.json,.json,3904,RAINFALL_24H|TRACK_CONDITION,FLEMINGTON|CAULFIELD|MORNINGTON,4,REVIEW,
public\data\edgeiq_live_on_track_weather_ingestion_v1_final_report.txt,.txt,2127,RAINFALL_24H|TRACK_CONDITION,FLEMINGTON|CAULFIELD|MORNINGTON,4,REVIEW,
public\data\edgeiq_live_on_track_weather_probe_v1.json,.json,6284,,FLEMINGTON|CAULFIELD|MORNINGTON,8,REVIEW,
public\data\edgeiq_live_on_track_weather_probe_v1.txt,.txt,1445,,FLEMINGTON|CAULFIELD|MORNINGTON,0,REVIEW,
public\data\edgeiq_live_track_bias_feed_v1.csv,.csv,10756,RAIL_CURRENT|TRACK_CONDITION,SANDOWN_LAKESIDE|BALLARAT|BALLARAT_SYNTHETIC|MOE,0,REVIEW,
public\data\edgeiq_live_track_intelligence_v1.csv,.csv,479800,MEETING_STATUS|RAIL_CURRENT|TRACK_CONDITION,CRANBOURNE|PAKENHAM|PAKENHAM_SYNTHETIC|BALLARAT|BALLARAT_SYNTHETIC|DONALD|ECHUCA,331,REVIEW,
public\data\edgeiq_live_track_intelligence_v1.json,.json,425,,,0,REVIEW,
public\data\edgeiq_live_track_intelligence_v1_summary.csv,.csv,389,,,0,REVIEW,
public\data\edgeiq_live_track_intelligence_v1_unmatched.csv,.csv,2270,MEETING_STATUS|RAIL_CURRENT|TRACK_CONDITION,,0,REVIEW,
public\data\edgeiq_live_track_intelligence_v2.csv,.csv,110658,,SALE,0,REVIEW,
public\data\edgeiq_live_track_intelligence_v2_1.csv,.csv,481145,RAIL_CURRENT|TRACK_CONDITION,SANDOWN_HILLSIDE|BALLARAT|DONALD|SALE|SEYMOUR,0,REVIEW,
public\data\edgeiq_live_track_intelligence_v2_1_summary.csv,.csv,320,,,0,REVIEW,
public\data\edgeiq_live_track_intelligence_v2_summary.csv,.csv,239,,,0,REVIEW,
public\data\edgeiq_lone_leader_stability_audit_v1_by_track.csv,.csv,3122,,FLEMINGTON|CAULFIELD|CRANBOURNE|PAKENHAM|PAKENHAM_SYNTHETIC|BALLARAT|GEELONG|HAMILTON|MOE|WARRNAMBOOL,0,REVIEW,
public\data\edgeiq_meeting_detail_data_contract_v1_audit.json,.json,579,,,0,REVIEW,
public\data\edgeiq_meeting_detail_data_contract_v1_audit.txt,.txt,412,,,0,REVIEW,
public\data\edgeiq_meeting_detail_engineering_build_v1_audit.json,.json,1014,,,0,REVIEW,
public\data\edgeiq_meeting_detail_engineering_build_v1_audit.txt,.txt,634,,,0,REVIEW,
public\data\edgeiq_meeting_detail_engineering_build_v1_trace.txt,.txt,2458,MEETING_STATUS|RAIL_CURRENT|TRACK_CONDITION,,0,REVIEW,
public\data\edgeiq_meeting_detail_visual_structure_v1_audit.json,.json,494,,,0,REVIEW,
public\data\edgeiq_meeting_detail_visual_structure_v1_audit.txt,.txt,331,,,0,REVIEW,
public\data\edgeiq_meeting_gear_changes_tab_v1_audit.json,.json,352,,,0,REVIEW,
public\data\edgeiq_meeting_gear_changes_tab_v1_audit.txt,.txt,224,,,0,REVIEW,
public\data\edgeiq_meeting_races_tab_v1_audit.json,.json,400,,,0,REVIEW,
public\data\edgeiq_meeting_races_tab_v1_audit.txt,.txt,272,,,0,REVIEW,
public\data\edgeiq_meeting_results_tab_v1_audit.json,.json,319,,,0,REVIEW,
public\data\edgeiq_meeting_results_tab_v1_audit.txt,.txt,196,,,0,REVIEW,
public\data\edgeiq_meeting_results_terminal_feed_summary_v1.csv,.csv,91,,,0,REVIEW,
public\data\edgeiq_meeting_results_terminal_feed_v1.csv,.csv,3291,TRACK_CONDITION,BALLARAT|HAMILTON,0,REVIEW,
public\data\edgeiq_meeting_scratchings_tab_v1_audit.json,.json,381,,,0,REVIEW,
public\data\edgeiq_meeting_scratchings_tab_v1_audit.txt,.txt,247,,,0,REVIEW,
public\data\edgeiq_meeting_track_tab_v1_audit.json,.json,458,TRACK_CONDITION,,0,REVIEW,
public\data\edgeiq_meeting_track_tab_v1_audit.txt,.txt,309,TRACK_CONDITION,,0,REVIEW,
public\data\edgeiq_meeting_weather_tab_v1_audit.json,.json,341,,,0,REVIEW,
public\data\edgeiq_meeting_weather_tab_v1_audit.txt,.txt,211,,,0,REVIEW,
public\data\edgeiq_meetings_data_contract_v1_audit.json,.json,1880,,,0,REVIEW,
public\data\edgeiq_meetings_data_contract_v1_audit.txt,.txt,907,,,0,REVIEW,
public\data\edgeiq_meetings_engineering_build_v1_audit.json,.json,802,,,0,REVIEW,
public\data\edgeiq_meetings_engineering_build_v1_audit.txt,.txt,506,,,0,REVIEW,
public\data\edgeiq_meetings_engineering_build_v1_trace.txt,.txt,1812,MEETING_STATUS,,0,REVIEW,
public\data\edgeiq_meetings_race_list_fallback_audit_v1.csv,.csv,853,,SANDOWN_LAKESIDE|BALLARAT|BALLARAT_SYNTHETIC|MOE,0,REVIEW,
public\data\edgeiq_meetings_visual_structure_v1_audit.json,.json,1825,,,0,REVIEW,
public\data\edgeiq_meetings_visual_structure_v1_audit.txt,.txt,1087,,,0,REVIEW,
public\data\edgeiq_meetings_workspace_v2_audit.csv,.csv,1339,,,0,REVIEW,
public\data\edgeiq_meetings_workspace_v2_report.txt,.txt,1755,IRRIGATION_GENERAL,,0,REVIEW,
public\data\edgeiq_meetings_workspace_v2_summary.csv,.csv,307,,,0,REVIEW,
public\data\edgeiq_model_tracking_dashboard_v1.csv,.csv,166,,,0,REVIEW,
public\data\edgeiq_model_tracking_dashboard_v1_WORKING_TODAY_ONLY_TAB_20260615.csv,.csv,2445,,PAKENHAM|PAKENHAM_SYNTHETIC,0,REVIEW,
public\data\edgeiq_model_tracking_v1.csv,.csv,5510,,PAKENHAM|PAKENHAM_SYNTHETIC|WANGARATTA|WARRNAMBOOL,0,REVIEW,
public\data\edgeiq_model_tracking_v1_summary.csv,.csv,113,,,0,REVIEW,
public\data\edgeiq_on_track_weather_freshness_v1.json,.json,2338,,FLEMINGTON|CAULFIELD|MORNINGTON,0,REVIEW,
public\data\edgeiq_on_track_weather_freshness_v1_audit.json,.json,2623,,FLEMINGTON|CAULFIELD|MORNINGTON,0,REVIEW,
public\data\edgeiq_on_track_weather_freshness_v1_audit.txt,.txt,251,,,0,REVIEW,
public\data\edgeiq_on_track_weather_governed_v1_1.json,.json,10231,RAINFALL_24H|TRACK_CONDITION,FLEMINGTON|CAULFIELD|MORNINGTON,10,REVIEW,
public\data\edgeiq_on_track_weather_governed_v1_1_audit.json,.json,796,,,0,REVIEW,
public\data\edgeiq_on_track_weather_governed_v1_1_audit.txt,.txt,374,,,0,REVIEW,
public\data\edgeiq_on_track_weather_governed_v1_2.json,.json,5876,RAINFALL_24H|TRACK_CONDITION,FLEMINGTON|CAULFIELD|MORNINGTON,8,REVIEW,
public\data\edgeiq_on_track_weather_governed_v1_2_audit.json,.json,622,,,0,REVIEW,
public\data\edgeiq_on_track_weather_governed_v1_2_audit.txt,.txt,331,,,0,REVIEW,
public\data\edgeiq_on_track_weather_observation_v1.json,.json,7851,RAINFALL_24H|TRACK_CONDITION,FLEMINGTON|CAULFIELD|MORNINGTON,10,REVIEW,
public\data\edgeiq_on_track_weather_observation_v1_audit.json,.json,1045,,FLEMINGTON|CAULFIELD|MORNINGTON,0,REVIEW,
public\data\edgeiq_on_track_weather_observation_v1_audit.txt,.txt,493,,,0,REVIEW,
public\data\edgeiq_overlay_tracking_v1.csv,.csv,11803,,FLEMINGTON|SWAN_HILL,0,REVIEW,
public\data\edgeiq_overlay_tracking_v1_summary.csv,.csv,99,,,0,REVIEW,
public\data\edgeiq_policy_performance_tracker_v1.csv,.csv,1223,,,0,REVIEW,
public\data\edgeiq_pre_result_market_rank1_join_audit_v1_by_track.csv,.csv,2779,,FLEMINGTON|CAULFIELD|CAULFIELD_HEATH|SANDOWN_HILLSIDE|SANDOWN_LAKESIDE|MORNINGTON|CRANBOURNE|PAKENHAM|PAKENHAM_SYNTHETIC|BALLARAT|BENDIGO|BENALLA|CAMPERDOWN|CASTERTON|COLAC|DONALD|ECHUCA|GEELONG|HAMILTON|HORSHAM|KILMORE|KYNETON|MANSFIELD|MOE|MURTOA|SALE|SEYMOUR|ST_ARNAUD|SWAN_HILL|TERANG|WANGARATTA|WARRACKNABEAL|WARRNAMBOOL|WERRIBEE|WODONGA|YARRA_VALLEY,0,REVIEW,
public\data\edgeiq_predictive_engine_baseline_benchmark_v1_by_track.csv,.csv,33314,,FLEMINGTON|CAULFIELD|CAULFIELD_HEATH|SANDOWN_HILLSIDE|SANDOWN_LAKESIDE|MORNINGTON|CRANBOURNE|PAKENHAM|PAKENHAM_SYNTHETIC|BALLARAT|BALLARAT_SYNTHETIC|BENDIGO|CAMPERDOWN|CASTERTON|COLAC|DONALD|ECHUCA|GEELONG|HAMILTON|HORSHAM|KILMORE|KYNETON|MOE|SALE|SEYMOUR|SWAN_HILL|TERANG|WANGARATTA|WARRACKNABEAL|WARRNAMBOOL|WERRIBEE|WODONGA|YARRA_VALLEY,0,REVIEW,
public\data\edgeiq_predictive_engine_baseline_v1_by_track.csv,.csv,7318,,FLEMINGTON|CAULFIELD|CAULFIELD_HEATH|SANDOWN_HILLSIDE|SANDOWN_LAKESIDE|MORNINGTON|CRANBOURNE|PAKENHAM|PAKENHAM_SYNTHETIC|BALLARAT|BALLARAT_SYNTHETIC|BENDIGO|CAMPERDOWN|CASTERTON|COLAC|DONALD|ECHUCA|GEELONG|HAMILTON|HORSHAM|KILMORE|KYNETON|MOE|SALE|SEYMOUR|SWAN_HILL|TERANG|WANGARATTA|WARRACKNABEAL|WARRNAMBOOL|WERRIBEE|WODONGA|YARRA_VALLEY,0,REVIEW,
public\data\edgeiq_product_shell_meetings_v1.csv,.csv,582,MEETING_STATUS|RAIL_CURRENT|TRACK_CONDITION,CAULFIELD|BALLARAT|BALLARAT_SYNTHETIC|BENDIGO,0,REVIEW,
public\data\edgeiq_race_strength_conditional_audit_v1.csv,.csv,1263118,,FLEMINGTON|CAULFIELD|CAULFIELD_HEATH|SANDOWN_HILLSIDE|SANDOWN_LAKESIDE|MORNINGTON|CRANBOURNE|PAKENHAM|PAKENHAM_SYNTHETIC|BALLARAT|BENDIGO|BENALLA|CAMPERDOWN|CASTERTON|COLAC|DONALD|ECHUCA|GEELONG|HAMILTON|HORSHAM|KILMORE|KYNETON|MANSFIELD|MOE|MURTOA|SALE|SEYMOUR|ST_ARNAUD|SWAN_HILL|TERANG|WANGARATTA|WARRACKNABEAL|WARRNAMBOOL|WERRIBEE|WODONGA|YARRA_VALLEY,0,REVIEW,
public\data\edgeiq_race_strength_conditional_audit_v1_by_band.csv,.csv,777,,,0,REVIEW,
public\data\edgeiq_race_strength_conditional_audit_v1_conditional.csv,.csv,3918,,,0,REVIEW,
public\data\edgeiq_race_strength_conditional_audit_v1_summary.csv,.csv,468,,,0,REVIEW,
public\data\edgeiq_race_strength_conditional_audit_v1_verdict.csv,.csv,461,,,0,REVIEW,
public\data\edgeiq_racingcom_three_day_raw_meetings_v1.json,.json,285213,MEETING_STATUS,FLEMINGTON|CAULFIELD|CAULFIELD_HEATH|SANDOWN_HILLSIDE|SANDOWN_LAKESIDE|MORNINGTON|CRANBOURNE|PAKENHAM|PAKENHAM_SYNTHETIC|BALLARAT|BALLARAT_SYNTHETIC|BENDIGO|CASTERTON|DONALD|ECHUCA|GEELONG|HAMILTON|MOE|MURTOA|SALE|SEYMOUR|ST_ARNAUD|SWAN_HILL|WANGARATTA|WARRNAMBOOL|WERRIBEE|WODONGA,101,REVIEW,
public\data\edgeiq_rail_data_discovery_audit_summary_v1.csv,.csv,1075,PENETROMETER|TRACK_CONDITION,,0,REVIEW,
public\data\edgeiq_rail_data_discovery_audit_v1.csv,.csv,667266,PENETROMETER|RAIL_CURRENT|RAIL_PREVIOUS|TRACK_CONDITION,FLEMINGTON|CAULFIELD|CAULFIELD_HEATH|SANDOWN_HILLSIDE|SANDOWN_LAKESIDE|MORNINGTON|CRANBOURNE|PAKENHAM|PAKENHAM_SYNTHETIC|BALLARAT|BENDIGO|BENALLA|CAMPERDOWN|CASTERTON|COLAC|DONALD|ECHUCA|GEELONG|HAMILTON|HORSHAM|KILMORE|KYNETON|MANSFIELD|MOE|MURTOA|SALE|SEYMOUR|ST_ARNAUD|SWAN_HILL|TERANG|WANGARATTA|WARRACKNABEAL|WARRNAMBOOL|WERRIBEE|WODONGA|YARRA_VALLEY,3373,HIGH_VALUE,
public\data\edgeiq_rail_data_discovery_audit_v1.json,.json,15277,PENETROMETER|RAIL_CURRENT|TRACK_CONDITION,MORNINGTON|GEELONG,11,REVIEW,
public\data\edgeiq_rail_dna_v1_summary.csv,.csv,544,,,0,REVIEW,
public\data\edgeiq_real_vic_meetings_from_browser_v1.csv,.csv,2,,,0,REVIEW,
public\data\edgeiq_results_calendar_meetings_v1.csv,.csv,1026356,MEETING_STATUS|PENETROMETER|RAIL_CURRENT|TRACK_CONDITION,FLEMINGTON|CAULFIELD|CAULFIELD_HEATH|SANDOWN_HILLSIDE|SANDOWN_LAKESIDE|MOONEE_VALLEY|MORNINGTON|CRANBOURNE|PAKENHAM|PAKENHAM_SYNTHETIC|BALLARAT|BALLARAT_SYNTHETIC|BENDIGO|BENALLA|CAMPERDOWN|CASTERTON|COLAC|DONALD|ECHUCA|GEELONG|HAMILTON|HORSHAM|KILMORE|KYNETON|MANSFIELD|MOE|MURTOA|SALE|SEYMOUR|ST_ARNAUD|SWAN_HILL|TERANG|WANGARATTA|WARRACKNABEAL|WARRNAMBOOL|WERRIBEE|WODONGA|YARRA_VALLEY,0,HIGH_VALUE,
public\data\edgeiq_results_track_distance_condition_profile_v1.csv,.csv,2097,,MORNINGTON|CASTERTON|SALE|SWAN_HILL,0,REVIEW,
public\data\edgeiq_results_warehouse_track_coverage_v1.csv,.csv,323979,,FLEMINGTON|CAULFIELD|CAULFIELD_HEATH|SANDOWN_HILLSIDE|SANDOWN_LAKESIDE|MORNINGTON|CRANBOURNE|PAKENHAM|PAKENHAM_SYNTHETIC|BALLARAT|BENDIGO|BENALLA|CAMPERDOWN|CASTERTON|COLAC|DONALD|ECHUCA|GEELONG|HAMILTON|HORSHAM|KILMORE|KYNETON|MANSFIELD|MOE|MURTOA|SALE|SEYMOUR|ST_ARNAUD|SWAN_HILL|TERANG|WANGARATTA|WARRACKNABEAL|WARRNAMBOOL|WERRIBEE|WODONGA|YARRA_VALLEY,0,REVIEW,
public\data\edgeiq_run_style_bias_by_track_v1.csv,.csv,61518,,FLEMINGTON|CAULFIELD|CAULFIELD_HEATH|SANDOWN_HILLSIDE|SANDOWN_LAKESIDE|MORNINGTON|CRANBOURNE|PAKENHAM|PAKENHAM_SYNTHETIC|BALLARAT|BENDIGO|BENALLA|CAMPERDOWN|CASTERTON|COLAC|DONALD|ECHUCA|GEELONG|HAMILTON|HORSHAM|KILMORE|KYNETON|MANSFIELD|MOE|MURTOA|SALE|SEYMOUR|ST_ARNAUD|SWAN_HILL|TERANG|WANGARATTA|WARRACKNABEAL|WARRNAMBOOL|WERRIBEE|WODONGA|YARRA_VALLEY,0,REVIEW,
public\data\edgeiq_sectional_outcome_tracking_summary_v1.csv,.csv,519,,,0,REVIEW,
public\data\edgeiq_sectional_outcome_tracking_v1.csv,.csv,118746,,CAULFIELD|CAULFIELD_HEATH,0,REVIEW,
public\data\edgeiq_shadow_out_of_sample_tracker_v1.csv,.csv,6305,,HORSHAM,0,REVIEW,
public\data\edgeiq_sp_bias_audit_v1_by_track.csv,.csv,6041,,FLEMINGTON|CAULFIELD|CAULFIELD_HEATH|SANDOWN_HILLSIDE|SANDOWN_LAKESIDE|MORNINGTON|CRANBOURNE|PAKENHAM|PAKENHAM_SYNTHETIC|BALLARAT|BENDIGO|BENALLA|CAMPERDOWN|CASTERTON|COLAC|DONALD|ECHUCA|GEELONG|HAMILTON|HORSHAM|KILMORE|KYNETON|MANSFIELD|MOE|MURTOA|SALE|SEYMOUR|ST_ARNAUD|SWAN_HILL|TERANG|WANGARATTA|WARRACKNABEAL|WARRNAMBOOL|WERRIBEE|WODONGA|YARRA_VALLEY,0,REVIEW,
public\data\edgeiq_sp_coverage_diagnosis_v1_by_track.csv,.csv,4629,,FLEMINGTON|CAULFIELD|CAULFIELD_HEATH|SANDOWN_HILLSIDE|SANDOWN_LAKESIDE|MORNINGTON|CRANBOURNE|PAKENHAM|PAKENHAM_SYNTHETIC|BALLARAT|BENDIGO|BENALLA|CAMPERDOWN|CASTERTON|COLAC|DONALD|ECHUCA|GEELONG|HAMILTON|HORSHAM|KILMORE|KYNETON|MANSFIELD|MOE|MURTOA|SALE|SEYMOUR|ST_ARNAUD|SWAN_HILL|TERANG|WANGARATTA|WARRACKNABEAL|WARRNAMBOOL|WERRIBEE|WODONGA|YARRA_VALLEY,0,REVIEW,
public\data\edgeiq_tab_vic_thoroughbred_meetings_v1.csv,.csv,2,,,0,REVIEW,
public\data\edgeiq_track_alias_bridge_v1.csv,.csv,7999,,FLEMINGTON|CAULFIELD|CAULFIELD_HEATH|SANDOWN_HILLSIDE|SANDOWN_LAKESIDE|MORNINGTON|CRANBOURNE|PAKENHAM|PAKENHAM_SYNTHETIC|BALLARAT|BENDIGO|BENALLA|CAMPERDOWN|CASTERTON|COLAC|DONALD|ECHUCA|GEELONG|HAMILTON|HORSHAM|KILMORE|KYNETON|MOE|MURTOA|SALE|SEYMOUR|ST_ARNAUD|TERANG|WANGARATTA|WARRNAMBOOL|WERRIBEE|WODONGA|YARRA_VALLEY,0,REVIEW,
public\data\edgeiq_track_alias_engine_v1.csv,.csv,38223,,FLEMINGTON|CAULFIELD|CAULFIELD_HEATH|SANDOWN_HILLSIDE|SANDOWN_LAKESIDE|MOONEE_VALLEY|MORNINGTON|CRANBOURNE|PAKENHAM|PAKENHAM_SYNTHETIC|BALLARAT|BENDIGO|CAMPERDOWN|CASTERTON|COLAC|DONALD|ECHUCA|GEELONG|HAMILTON|HORSHAM|KILMORE|KYNETON|MOE|MURTOA|SALE|SEYMOUR|SWAN_HILL|TERANG|WANGARATTA|WARRACKNABEAL|WARRNAMBOOL|WERRIBEE|WODONGA|YARRA_VALLEY,0,REVIEW,
public\data\edgeiq_track_bias_by_track_v1.csv,.csv,12789,,FLEMINGTON|CAULFIELD|CAULFIELD_HEATH|SANDOWN_HILLSIDE|SANDOWN_LAKESIDE|MORNINGTON|CRANBOURNE|PAKENHAM|PAKENHAM_SYNTHETIC|BALLARAT|BENDIGO|BENALLA|CAMPERDOWN|CASTERTON|COLAC|DONALD|ECHUCA|GEELONG|HAMILTON|HORSHAM|KILMORE|KYNETON|MANSFIELD|MOE|MURTOA|SALE|SEYMOUR|ST_ARNAUD|SWAN_HILL|TERANG|WANGARATTA|WARRACKNABEAL|WARRNAMBOOL|WERRIBEE|WODONGA|YARRA_VALLEY,0,REVIEW,
public\data\edgeiq_track_bias_data_audit_v1.csv,.csv,2127,TRACK_CONDITION,,0,REVIEW,
public\data\edgeiq_track_bias_data_audit_v1.json,.json,5200,RAIL_CURRENT|TRACK_CONDITION,,0,REVIEW,
public\data\edgeiq_track_bias_dna_v1.csv,.csv,324291,,FLEMINGTON|CAULFIELD|CAULFIELD_HEATH|SANDOWN_HILLSIDE|SANDOWN_LAKESIDE|MOONEE_VALLEY|MORNINGTON|CRANBOURNE|PAKENHAM|PAKENHAM_SYNTHETIC|BALLARAT|BALLARAT_SYNTHETIC|BENDIGO|BENALLA|CAMPERDOWN|CASTERTON|COLAC|DONALD|ECHUCA|GEELONG|HAMILTON|HORSHAM|KILMORE|KYNETON|MANSFIELD|MOE|MURTOA|SALE|SEYMOUR|ST_ARNAUD|SWAN_HILL|TERANG|WANGARATTA|WARRACKNABEAL|WARRNAMBOOL|WERRIBEE|WODONGA|YARRA_VALLEY,0,REVIEW,
public\data\edgeiq_track_bias_dna_v1_summary.csv,.csv,464,,,0,REVIEW,
public\data\edgeiq_track_bias_engine_audit_v1.csv,.csv,664,,,0,REVIEW,
public\data\edgeiq_track_bias_engine_summary_v1.csv,.csv,256,,,0,REVIEW,
public\data\edgeiq_track_bias_engine_v1_audit.csv,.csv,1014,,CAULFIELD|BALLARAT|BALLARAT_SYNTHETIC|BENDIGO,0,REVIEW,
public\data\edgeiq_track_bias_engine_v1_summary.csv,.csv,97,,,0,REVIEW,
public\data\edgeiq_track_bias_summary_v1.csv,.csv,316,,FLEMINGTON,0,REVIEW,
public\data\edgeiq_track_canonical_dictionary_v1.csv,.csv,7036,,FLEMINGTON|CAULFIELD|CAULFIELD_HEATH|SANDOWN_HILLSIDE|SANDOWN_LAKESIDE|MORNINGTON|CRANBOURNE|PAKENHAM|PAKENHAM_SYNTHETIC|BALLARAT|BALLARAT_SYNTHETIC|BENDIGO|BENALLA|CAMPERDOWN|CASTERTON|COLAC|DONALD|ECHUCA|GEELONG|HAMILTON|HORSHAM|KILMORE|KYNETON|MANSFIELD|MOE|MURTOA|SALE|SEYMOUR|ST_ARNAUD|SWAN_HILL|TERANG|WANGARATTA|WARRACKNABEAL|WARRNAMBOOL|WERRIBEE|WODONGA|YARRA_VALLEY,0,REVIEW,
public\data\edgeiq_track_canonical_dictionary_v2.csv,.csv,9058,,FLEMINGTON|CAULFIELD|CAULFIELD_HEATH|SANDOWN_HILLSIDE|SANDOWN_LAKESIDE|MOONEE_VALLEY|MORNINGTON|CRANBOURNE|PAKENHAM|PAKENHAM_SYNTHETIC|BALLARAT|BALLARAT_SYNTHETIC|BENDIGO|BENALLA|CAMPERDOWN|CASTERTON|COLAC|DONALD|ECHUCA|GEELONG|HAMILTON|HORSHAM|KILMORE|KYNETON|MANSFIELD|MOE|MURTOA|SALE|SEYMOUR|ST_ARNAUD|SWAN_HILL|TERANG|WANGARATTA|WARRACKNABEAL|WARRNAMBOOL|WERRIBEE|WODONGA|YARRA_VALLEY,0,REVIEW,
public\data\edgeiq_track_canonical_dictionary_v2_summary.csv,.csv,360,,,0,REVIEW,
public\data\edgeiq_track_condition_dna_v1_summary.csv,.csv,581,TRACK_CONDITION,,0,REVIEW,
public\data\edgeiq_track_condition_runstyle_summary_v1.csv,.csv,192,,WARRNAMBOOL,0,REVIEW,
public\data\edgeiq_track_condition_runstyle_v1.csv,.csv,169166,TRACK_CONDITION,FLEMINGTON|CAULFIELD|CAULFIELD_HEATH|SANDOWN_HILLSIDE|SANDOWN_LAKESIDE|MORNINGTON|CRANBOURNE|PAKENHAM|PAKENHAM_SYNTHETIC|BALLARAT|BENDIGO|BENALLA|CAMPERDOWN|CASTERTON|COLAC|DONALD|ECHUCA|GEELONG|HAMILTON|HORSHAM|KILMORE|KYNETON|MANSFIELD|MOE|MURTOA|SALE|SEYMOUR|ST_ARNAUD|SWAN_HILL|TERANG|WANGARATTA|WARRACKNABEAL|WARRNAMBOOL|WERRIBEE|WODONGA|YARRA_VALLEY,0,REVIEW,
public\data\edgeiq_track_data_contract_v1_audit.json,.json,685,TRACK_CONDITION,,0,REVIEW,
public\data\edgeiq_track_data_contract_v1_audit.txt,.txt,543,TRACK_CONDITION,,0,REVIEW,
public\data\edgeiq_track_distance_bias_summary_v1.csv,.csv,212,,MANSFIELD,0,REVIEW,
public\data\edgeiq_track_distance_bias_v1.csv,.csv,45572,,FLEMINGTON|CAULFIELD|CAULFIELD_HEATH|SANDOWN_HILLSIDE|SANDOWN_LAKESIDE|MORNINGTON|CRANBOURNE|PAKENHAM|PAKENHAM_SYNTHETIC|BALLARAT|BENDIGO|BENALLA|CAMPERDOWN|CASTERTON|COLAC|DONALD|ECHUCA|GEELONG|HAMILTON|HORSHAM|KILMORE|KYNETON|MANSFIELD|MOE|MURTOA|SALE|SEYMOUR|ST_ARNAUD|SWAN_HILL|TERANG|WANGARATTA|WARRACKNABEAL|WARRNAMBOOL|WERRIBEE|WODONGA|YARRA_VALLEY,0,REVIEW,
public\data\edgeiq_track_distance_condition_dna_v1_summary.csv,.csv,583,,,0,REVIEW,
public\data\edgeiq_track_distance_dna_v1_summary.csv,.csv,578,,,0,REVIEW,
public\data\edgeiq_track_dna_v1.json,.json,479,,,0,REVIEW,
public\data\edgeiq_track_dna_v1_1_canonical_summary.csv,.csv,415,,,0,REVIEW,
public\data\edgeiq_track_dna_v1_summary.csv,.csv,270,,,0,REVIEW,
public\data\edgeiq_track_engineering_build_v1_audit.json,.json,907,,,0,REVIEW,
public\data\edgeiq_track_engineering_build_v1_audit.txt,.txt,524,,,0,REVIEW,
public\data\edgeiq_track_engineering_build_v1_lineage.txt,.txt,884,RAIL_CURRENT|TRACK_CONDITION,,0,REVIEW,
public\data\edgeiq_track_engineering_build_v1_trace.txt,.txt,868,TRACK_CONDITION,,0,REVIEW,
public\data\edgeiq_track_historical_comparison_v1_audit.json,.json,344,,,0,REVIEW,
public\data\edgeiq_track_historical_comparison_v1_audit.txt,.txt,257,,,0,REVIEW,
public\data\edgeiq_track_intelligence_by_distance_v2.csv,.csv,6530,,,0,REVIEW,
public\data\edgeiq_track_intelligence_by_track_v2.csv,.csv,107207,,MOE|SALE,0,REVIEW,
public\data\edgeiq_track_intelligence_card_v1.csv,.csv,25310,,CRANBOURNE|PAKENHAM|PAKENHAM_SYNTHETIC|BALLARAT|BALLARAT_SYNTHETIC|ECHUCA,0,REVIEW,
public\data\edgeiq_track_intelligence_card_v1_summary.csv,.csv,370,,,0,REVIEW,
public\data\edgeiq_track_intelligence_profile_by_condition_v2.csv,.csv,485746,,MOE|SALE,0,REVIEW,
public\data\edgeiq_track_intelligence_profile_v2.csv,.csv,465174,,MOE|SALE,0,REVIEW,
public\data\edgeiq_track_intelligence_profile_v2.json,.json,1043,,,0,REVIEW,
public\data\edgeiq_track_intelligence_profile_v2_summary.csv,.csv,902,,,0,REVIEW,
public\data\edgeiq_track_map_manifest_v1.csv,.csv,1387,,FLEMINGTON|CAULFIELD|CAULFIELD_HEATH|CRANBOURNE|PAKENHAM|BALLARAT|BENDIGO|GEELONG,0,REVIEW,
public\data\edgeiq_track_profile_v1.csv,.csv,3748,,MORNINGTON|CASTERTON|SALE|SWAN_HILL,0,REVIEW,
public\data\edgeiq_track_profile_v1.json,.json,400,,,0,REVIEW,
public\data\edgeiq_track_profile_v1_summary.csv,.csv,333,,,0,REVIEW,
public\data\edgeiq_track_profile_v2.csv,.csv,12987,,MORNINGTON|CASTERTON|SALE|SWAN_HILL,0,REVIEW,
public\data\edgeiq_track_profile_v2.json,.json,436,,,0,REVIEW,
public\data\edgeiq_track_profile_v2_join_audit.csv,.csv,664,RAIL_CURRENT,,0,REVIEW,
public\data\edgeiq_track_profile_v2_summary.csv,.csv,359,,,0,REVIEW,
public\data\edgeiq_track_profile_winner_origin_v2.csv,.csv,7911,,MORNINGTON|CASTERTON|SALE|SWAN_HILL,0,REVIEW,
public\data\edgeiq_track_specialist_index_v1.csv,.csv,499716,,FLEMINGTON|CAULFIELD|CAULFIELD_HEATH|SANDOWN_HILLSIDE|SANDOWN_LAKESIDE|MOONEE_VALLEY|MORNINGTON|CRANBOURNE|PAKENHAM|PAKENHAM_SYNTHETIC|BALLARAT|BALLARAT_SYNTHETIC|BENDIGO|BENALLA|CAMPERDOWN|CASTERTON|COLAC|DONALD|ECHUCA|GEELONG|HAMILTON|HORSHAM|KILMORE|KYNETON|MANSFIELD|MOE|MURTOA|SALE|SEYMOUR|ST_ARNAUD|SWAN_HILL|TERANG|WANGARATTA|WARRACKNABEAL|WARRNAMBOOL|WERRIBEE|WODONGA|YARRA_VALLEY,0,REVIEW,
public\data\edgeiq_track_specialist_index_v1_summary.csv,.csv,475,,,0,REVIEW,
public\data\edgeiq_track_thumbnails_v3_summary.csv,.csv,8056,,FLEMINGTON|CAULFIELD|MORNINGTON|CRANBOURNE|PAKENHAM|BALLARAT|BENDIGO|BENALLA|CAMPERDOWN|CASTERTON|COLAC|DONALD|ECHUCA|GEELONG|HAMILTON|HORSHAM|KILMORE|KYNETON|MANSFIELD|MOE|MURTOA|SALE|SEYMOUR|TERANG|WANGARATTA|WARRACKNABEAL|WARRNAMBOOL|WERRIBEE|WODONGA,0,REVIEW,
public\data\edgeiq_track_universe_audit_v1.csv,.csv,5616,,FLEMINGTON|CAULFIELD|CAULFIELD_HEATH|SANDOWN_HILLSIDE|SANDOWN_LAKESIDE|MOONEE_VALLEY|MORNINGTON|CRANBOURNE|PAKENHAM|PAKENHAM_SYNTHETIC|BALLARAT|BALLARAT_SYNTHETIC|BENDIGO|BENALLA|CAMPERDOWN|CASTERTON|COLAC|DONALD|ECHUCA|GEELONG|HAMILTON|HORSHAM|KILMORE|KYNETON|MANSFIELD|MOE|MURTOA|SALE|SEYMOUR|ST_ARNAUD|SWAN_HILL|TERANG|WANGARATTA|WARRACKNABEAL|WARRNAMBOOL|WERRIBEE|WODONGA|YARRA_VALLEY,0,REVIEW,
public\data\edgeiq_track_universe_audit_v1_summary.csv,.csv,273,,,0,REVIEW,
public\data\edgeiq_track_variant_engine_v1_summary.csv,.csv,486,,,0,REVIEW,
public\data\edgeiq_track_visual_structure_v1_audit.json,.json,361,,,0,REVIEW,
public\data\edgeiq_track_visual_structure_v1_audit.txt,.txt,267,,,0,REVIEW,
public\data\edgeiq_trainer_track_profiles_graphql_v1.csv,.csv,334032,,FLEMINGTON|CAULFIELD|CAULFIELD_HEATH|SANDOWN_HILLSIDE|SANDOWN_LAKESIDE|MORNINGTON|CRANBOURNE|PAKENHAM|BALLARAT|BALLARAT_SYNTHETIC|BENDIGO|COLAC|DONALD|ECHUCA|GEELONG|HAMILTON|KYNETON|MOE|SALE|SEYMOUR|SWAN_HILL|TERANG|WANGARATTA|WARRNAMBOOL|WODONGA,0,REVIEW,
public\data\edgeiq_transition_track_ecology_state_v1.csv,.csv,650,,,0,REVIEW,
public\data\edgeiq_transition_track_memory_v1.csv,.csv,663,,,0,REVIEW,
public\data\edgeiq_true_track_rating_summary_v1.csv,.csv,70,,,0,REVIEW,
public\data\edgeiq_true_track_rating_v1_audit.csv,.csv,662,,,0,REVIEW,
public\data\edgeiq_true_track_rating_v1_summary.csv,.csv,281,TRACK_CONDITION,,0,REVIEW,
public\data\edgeiq_turftrax_live_request_trace_v1.json,.json,17608,TRACK_CONDITION,FLEMINGTON|CAULFIELD|MORNINGTON,10,REVIEW,
public\data\edgeiq_turftrax_live_request_trace_v1.txt,.txt,1042,,FLEMINGTON|CAULFIELD|MORNINGTON,4,REVIEW,
public\data\edgeiq_v6_1_segment_guardrail_replay_v1_summary.csv,.csv,8194,,,0,REVIEW,
public\data\edgeiq_v6_3_medium_guardrail_extreme_score_audit_v1.csv,.csv,152388,,FLEMINGTON|CAULFIELD|CAULFIELD_HEATH|SANDOWN_HILLSIDE|SANDOWN_LAKESIDE|MORNINGTON|CRANBOURNE|PAKENHAM|PAKENHAM_SYNTHETIC|BALLARAT|BENDIGO|BENALLA|CAMPERDOWN|CASTERTON|COLAC|DONALD|ECHUCA|GEELONG|HAMILTON|HORSHAM|KILMORE|KYNETON|MOE|SALE|SEYMOUR|ST_ARNAUD|SWAN_HILL|TERANG|WANGARATTA|WARRACKNABEAL|WARRNAMBOOL|WERRIBEE|WODONGA|YARRA_VALLEY,0,REVIEW,
public\data\edgeiq_v6_3_medium_guardrail_extreme_score_audit_v1_summary.csv,.csv,284,,,0,REVIEW,
public\data\edgeiq_vic_official_track_conditions_v1.json,.json,13696,GOING_STICK|IRRIGATION_GENERAL|PENETROMETER|RAINFALL_24H|RAINFALL_7D|TRACK_CONDITION,CAULFIELD|SANDOWN_HILLSIDE|CRANBOURNE|BALLARAT|BALLARAT_SYNTHETIC|DONALD|GEELONG|HAMILTON,1,HIGH_VALUE,
public\data\edgeiq_vic_official_track_conditions_v1_summary.txt,.txt,1826,IRRIGATION_GENERAL|RAINFALL_24H|RAINFALL_7D|TRACK_CONDITION,CAULFIELD|SANDOWN_HILLSIDE|CRANBOURNE|BALLARAT|BALLARAT_SYNTHETIC|DONALD|GEELONG|HAMILTON,0,HIGH_VALUE,
public\data\edgeiq_vic_real_meetings_mar_apr_may_2026_v1.csv,.csv,7515,,FLEMINGTON|CAULFIELD|CAULFIELD_HEATH|SANDOWN_HILLSIDE|SANDOWN_LAKESIDE|MORNINGTON|CRANBOURNE|PAKENHAM|PAKENHAM_SYNTHETIC|BALLARAT|BALLARAT_SYNTHETIC|BENDIGO|COLAC|DONALD|ECHUCA|GEELONG|HAMILTON|HORSHAM|KILMORE|KYNETON|MOE|SALE|SEYMOUR|SWAN_HILL|TERANG|WANGARATTA|WARRACKNABEAL|WARRNAMBOOL|WERRIBEE|WODONGA|YARRA_VALLEY,0,REVIEW,
public\data\edgeiq_vic_three_day_meeting_calendar_v1.csv,.csv,196,,BALLARAT|BALLARAT_SYNTHETIC|HAMILTON,0,REVIEW,
public\data\edgeiq_vic_three_day_meeting_diagnostics.csv,.csv,1606,MEETING_STATUS,BALLARAT|BALLARAT_SYNTHETIC|HAMILTON,0,REVIEW,
public\data\edgeiq_vic_three_day_meeting_diagnostics_CHECKPOINT_CALENDAR_REFACTOR_20260616.csv,.csv,1510,,BALLARAT|BALLARAT_SYNTHETIC,0,REVIEW,
public\data\edgeiq_vic_three_day_meeting_universe.csv,.csv,54136,MEETING_STATUS|RAIL_CURRENT|TRACK_CONDITION,BALLARAT|HAMILTON,0,REVIEW,
public\data\edgeiq_vic_three_day_meeting_universe_CHECKPOINT_BEFORE_CURRENT_INTEL_BRIDGE_20260711_153609.csv,.csv,166918,MEETING_STATUS|RAIL_CURRENT|TRACK_CONDITION,FLEMINGTON|BENDIGO,201,REVIEW,
public\data\edgeiq_vic_three_day_meeting_universe_CHECKPOINT_BEFORE_CURRENT_INTEL_BRIDGE_20260711_163748.csv,.csv,257414,RAIL_CURRENT|TRACK_CONDITION,CAULFIELD|BALLARAT|DONALD|GEELONG|HAMILTON,128,REVIEW,
public\data\edgeiq_vic_three_day_meeting_universe_CHECKPOINT_BEFORE_CURRENT_INTEL_BRIDGE_20260711_193502.csv,.csv,257414,RAIL_CURRENT|TRACK_CONDITION,CAULFIELD|BALLARAT|DONALD|GEELONG|HAMILTON,128,REVIEW,
public\data\edgeiq_vic_three_day_meeting_universe_CHECKPOINT_BEFORE_CURRENT_INTEL_BRIDGE_20260711_211017.csv,.csv,257414,RAIL_CURRENT|TRACK_CONDITION,CAULFIELD|BALLARAT|DONALD|GEELONG|HAMILTON,128,REVIEW,
public\data\edgeiq_vic_three_day_meeting_universe_CHECKPOINT_BEFORE_CURRENT_INTEL_BRIDGE_20260712_065207.csv,.csv,257414,RAIL_CURRENT|TRACK_CONDITION,CAULFIELD|BALLARAT|DONALD|GEELONG|HAMILTON,128,REVIEW,
public\data\edgeiq_visible_calendar_vic_meetings_v1.csv,.csv,3255,,FLEMINGTON|CAULFIELD|CAULFIELD_HEATH|SANDOWN_LAKESIDE|MORNINGTON|CRANBOURNE|PAKENHAM|PAKENHAM_SYNTHETIC|BALLARAT|BALLARAT_SYNTHETIC|BENDIGO|CASTERTON|DONALD|ECHUCA|GEELONG|HAMILTON|HORSHAM|KILMORE|KYNETON|MOE|SALE|SEYMOUR|WANGARATTA|WARRNAMBOOL|WERRIBEE|WODONGA,0,REVIEW,
public\data\edgeiq_weight_condition_interaction_v1.csv,.csv,1096411,,FLEMINGTON|CAULFIELD|CAULFIELD_HEATH|SANDOWN_HILLSIDE|SANDOWN_LAKESIDE|MOONEE_VALLEY|MORNINGTON|CRANBOURNE|PAKENHAM|PAKENHAM_SYNTHETIC|BALLARAT|BENDIGO|BENALLA|CAMPERDOWN|CASTERTON|COLAC|DONALD|ECHUCA|GEELONG|HAMILTON|HORSHAM|KILMORE|KYNETON|MOE|MURTOA|SALE|SEYMOUR|ST_ARNAUD|SWAN_HILL|TERANG|WANGARATTA|WARRACKNABEAL|WARRNAMBOOL|WERRIBEE|WODONGA|YARRA_VALLEY,0,REVIEW,
public\data\edgeiq_weight_condition_interaction_v1_report.txt,.txt,2738,TRACK_CONDITION,,0,REVIEW,
public\data\edgeiq_weight_condition_interaction_v1_summary.csv,.csv,2948,TRACK_CONDITION,,0,REVIEW,
public\data\edgeiq_winner_origin_by_condition_v1.csv,.csv,863,,,0,REVIEW,
public\data\edgeiq_winner_origin_by_track_v1.csv,.csv,8925,,FLEMINGTON|CAULFIELD|CAULFIELD_HEATH|SANDOWN_HILLSIDE|SANDOWN_LAKESIDE|MORNINGTON|CRANBOURNE|PAKENHAM|PAKENHAM_SYNTHETIC|BALLARAT|BENDIGO|BENALLA|CAMPERDOWN|CASTERTON|COLAC|DONALD|ECHUCA|GEELONG|HAMILTON|HORSHAM|KILMORE|KYNETON|MANSFIELD|MOE|MURTOA|SALE|SEYMOUR|ST_ARNAUD|SWAN_HILL|TERANG|WANGARATTA|WARRACKNABEAL|WARRNAMBOOL|WERRIBEE|WODONGA|YARRA_VALLEY,0,REVIEW,
public\data\edgeiq_winner_origin_track_profile_v1.csv,.csv,118220,,FLEMINGTON|CAULFIELD|CAULFIELD_HEATH|SANDOWN_HILLSIDE|SANDOWN_LAKESIDE|MORNINGTON|CRANBOURNE|PAKENHAM|PAKENHAM_SYNTHETIC|BALLARAT|BENDIGO|BENALLA|CAMPERDOWN|CASTERTON|COLAC|DONALD|ECHUCA|GEELONG|HAMILTON|HORSHAM|KILMORE|KYNETON|MANSFIELD|MOE|MURTOA|SALE|SEYMOUR|ST_ARNAUD|SWAN_HILL|TERANG|WANGARATTA|WARRACKNABEAL|WARRNAMBOOL|WERRIBEE|WODONGA|YARRA_VALLEY,0,REVIEW,
public\data\ladbrokes_market_probe_raw\ladbrokes_meetings_dayplus2_2026-07-04.json,.json,28036,TRACK_CONDITION,FLEMINGTON,0,REVIEW,
public\data\ladbrokes_market_probe_raw\ladbrokes_meetings_today_2026-07-02.json,.json,15569,TRACK_CONDITION,BALLARAT|BALLARAT_SYNTHETIC,0,REVIEW,
public\data\ladbrokes_market_probe_raw\ladbrokes_meetings_tomorrow_2026-07-03.json,.json,23039,TRACK_CONDITION,BALLARAT|BALLARAT_SYNTHETIC|DONALD|MOE|SALE,0,REVIEW,
public\data\model_results_by_track.csv,.csv,2,,,0,REVIEW,
public\data\racingcom_historical_meeting_discovery_v1_audit.csv,.csv,932,,,0,REVIEW,
public\data\racingcom_rendered_speed_data_meeting_types_v1.csv,.csv,2317,,SANDOWN_LAKESIDE|MORNINGTON,9,REVIEW,
public\data\racingcom_rendered_speed_data_meeting_types_v1_audit.csv,.csv,151,,,0,REVIEW,
public\data\tab_api_meetings_probe_v1.json,.json,847,,,4,REVIEW,
public\data\tab_api_meetings_probe_v1_summary.csv,.csv,660,,,4,REVIEW,
public\data\tab_meeting_capture.json,.json,1560,,,7,REVIEW,
public\data\tab_meetings_2026_06_16_R.html,.html,33415,,,4,REVIEW,
public\data\tab_meetings_today_full.json,.json,259,,,1,REVIEW,
public\data\tab_network_meetings_capture_v1.json,.json,2,,,0,REVIEW,
public\data\tab_network_meetings_capture_v1.txt,.txt,0,,,0,REVIEW,
public\data\tab_race_page_debug_v1\body_000_https_www_tab_com_au_racing_meetings_2026_06_06_G_TRE_races_2.txt,.txt,33943,,,6,REVIEW,
public\data\tab_race_page_debug_v1\body_007_https_trc_taboola_com_1025816_trc_3_json_tim_1780697172160_data_7B_22id_22_3A387_2C_22ii_22_3A_22_2Fracing_2Fmeetings_2F2026_06_06_2Fg_2Ftre_2Fraces_2F2_22_2C_2.txt,.txt,3056,,,0,REVIEW,
public\data\tab_race_page_debug_v1\body_009_https_www_google_analytics_com_j_collect_v_1_v_j102_a_875508153_t_pageview_s_1_dl_https_3A_2F_2Fwww_tab_com_au_2Fracing_2Fmeetings_2F2026_06_06_2FG_2FTRE_2Frace.txt,.txt,3,,,0,REVIEW,
public\data\tab_race_page_debug_v1\body_013_https_www_facebook_com_tr_id_1499481627026315_ev_PageView_dl_https_3A_2F_2Fwww_tab_com_au_2Fracing_2Fmeetings_2F2026_06_06_2FG_2FTRE_2Fraces_2F2_rl_if_false_ts_.txt,.txt,0,,,0,REVIEW,
public\data\tab_race_page_debug_v1\body_025_https_www_facebook_com_tr_id_426048357968187_ev_PageView_dl_https_3A_2F_2Fwww_tab_com_au_2Fracing_2Fmeetings_2F2026_06_06_2FG_2FTRE_2Fraces_2F2_rl_if_false_ts_1.txt,.txt,0,,,0,REVIEW,
public\data\tab_race_page_debug_v1\body_029_https_insight_adsrvr_org_track_cei_advertiser_id_p76wu81_cookie_sync_1_upv_3_0_0_upid_usmiyhp_ref_https_www_tab_com_au_racing_meetings_2026_06_06_G_TRE_races_2.txt,.txt,1220,,,0,REVIEW,
public\data\tab_race_page_debug_v1\body_030_https_bam_nr_data_net_1_9652262b82_a_718431233_sa_1_v_974_7d740e1_t_Unnamed_20Transaction_rst_26777_ref_https_www_tab_com_au_racing_meetings_2026_06_06_G_TRE_ra.txt,.txt,98,,,0,REVIEW,
public\data\tab_race_page_debug_v1\body_032_https_bam_nr_data_net_events_1_9652262b82_a_718431233_sa_1_v_974_7d740e1_t_Unnamed_20Transaction_rst_38171_ref_https_www_tab_com_au_racing_meetings_2026_06_06_G.txt,.txt,24,,,0,REVIEW,
public\data\tab_race_page_debug_v1\body_034_https_www_facebook_com_tr_id_1499481627026315_ev_SubscribedButtonClick_dl_https_3A_2F_2Fwww_tab_com_au_2Fracing_2Fmeetings_2F2026_06_06_2FG_2FTRE_2Fraces_2F2_rl.txt,.txt,0,,,0,REVIEW,
public\data\tab_race_page_debug_v1\body_035_https_www_facebook_com_tr_id_426048357968187_ev_SubscribedButtonClick_dl_https_3A_2F_2Fwww_tab_com_au_2Fracing_2Fmeetings_2F2026_06_06_2FG_2FTRE_2Fraces_2F2_rl_.txt,.txt,0,,,0,REVIEW,
public\data\tab_race_page_debug_v1\body_038_https_www_facebook_com_tr_id_1499481627026315_ev_SubscribedButtonClick_dl_https_3A_2F_2Fwww_tab_com_au_2Fracing_2Fmeetings_2F2026_06_06_2FG_2FTRE_2Fraces_2F2_rl.txt,.txt,0,,,0,REVIEW,
public\data\tab_race_page_debug_v1\body_039_https_www_facebook_com_tr_id_426048357968187_ev_SubscribedButtonClick_dl_https_3A_2F_2Fwww_tab_com_au_2Fracing_2Fmeetings_2F2026_06_06_2FG_2FTRE_2Fraces_2F2_rl_.txt,.txt,0,,,0,REVIEW,
public\data\tab_vic_meetings_20260701_debug.json,.json,3,,,0,REVIEW,
public\data\track_bias_profile.csv,.csv,48451,TRACK_CONDITION,MOE|SALE,0,REVIEW,
public\data\track_directions.csv,.csv,375,,FLEMINGTON|CAULFIELD|MOONEE_VALLEY|MORNINGTON,0,REVIEW,
public\data\track_intelligence_missing_runner_style.csv,.csv,2123,,SALE,0,REVIEW,
scripts\add_operational_state_rail_v1.py,.py,2068,,,0,REVIEW,
scripts\apply_edgeiq_live_on_track_weather_ingestion_v1.py,.py,45747,GOING_STICK|IRRIGATION_GENERAL|RAINFALL_24H|RAINFALL_7D|TRACK_CONDITION,FLEMINGTON|CAULFIELD|MORNINGTON,7,HIGH_VALUE,
scripts\audit_edgeiq_current_day_source_inventory_v1_CHECKPOINT_DYNAMIC_MEETING_CACHE_FIX_20260616.py,.py,17385,,PAKENHAM|PAKENHAM_SYNTHETIC,0,REVIEW,
scripts\audit_edgeiq_current_day_source_inventory_v1_CHECKPOINT_DYNAMIC_SELECTED_MEETING_20260616.py,.py,16183,,PAKENHAM|PAKENHAM_SYNTHETIC,0,REVIEW,
scripts\audit_edgeiq_current_day_source_inventory_v1_CHECKPOINT_SELECTED_MEETING_CACHE_FIX_20260616.py,.py,17385,,PAKENHAM|PAKENHAM_SYNTHETIC,0,REVIEW,
scripts\audit_edgeiq_epf_v1_quality_guardrails.py,.py,20279,TRACK_CONDITION,BENDIGO,0,REVIEW,
scripts\audit_edgeiq_final_meeting_wiring_source_v1.py,.py,2975,,FLEMINGTON|CAULFIELD|MORNINGTON|CRANBOURNE|PAKENHAM|BALLARAT|BENDIGO|GEELONG,0,REVIEW,
scripts\audit_edgeiq_future_meeting_feed_coverage_v1.py,.py,10202,MEETING_STATUS,,0,REVIEW,
scripts\audit_edgeiq_live_on_track_weather_ingestion_v1.py,.py,5245,RAINFALL_24H|TRACK_CONDITION,FLEMINGTON|CAULFIELD|MORNINGTON,0,REVIEW,
scripts\audit_edgeiq_meeting_detail_data_contract_v1.py,.py,2022,TRACK_CONDITION,,0,REVIEW,
scripts\audit_edgeiq_meeting_detail_engineering_build_v1.py,.py,2172,,,0,REVIEW,
scripts\audit_edgeiq_meeting_detail_visual_structure_v1.py,.py,2446,IRRIGATION_24H|IRRIGATION_GENERAL|RAINFALL_24H,,0,REVIEW,
scripts\audit_edgeiq_meeting_gear_changes_tab_v1.py,.py,1016,,,0,REVIEW,
scripts\audit_edgeiq_meeting_races_tab_v1.py,.py,1734,,,0,REVIEW,
scripts\audit_edgeiq_meeting_results_tab_v1.py,.py,1204,MEETING_STATUS,,0,REVIEW,
scripts\audit_edgeiq_meeting_scratchings_tab_v1.py,.py,937,,,0,REVIEW,
scripts\audit_edgeiq_meeting_track_tab_v1.py,.py,1066,IRRIGATION_24H|IRRIGATION_7D|IRRIGATION_GENERAL|RAIL_CURRENT|RAINFALL_24H|RAINFALL_7D|TRACK_CONDITION,,0,HIGH_VALUE,
scripts\audit_edgeiq_meeting_weather_tab_v1.py,.py,902,,,0,REVIEW,
scripts\audit_edgeiq_meetings_data_contract_v1.py,.py,4127,,,0,REVIEW,
scripts\audit_edgeiq_meetings_engineering_build_v1.py,.py,2019,,,0,REVIEW,
scripts\audit_edgeiq_meetings_race_list_fallback_v1.py,.py,5248,,SANDOWN_LAKESIDE|BALLARAT|BALLARAT_SYNTHETIC|MOE,0,REVIEW,
scripts\audit_edgeiq_meetings_visual_structure_v1.py,.py,3772,IRRIGATION_24H|IRRIGATION_GENERAL|RAINFALL_24H,,0,REVIEW,
scripts\audit_edgeiq_on_track_weather_freshness_v1.py,.py,5271,,,0,REVIEW,
scripts\audit_edgeiq_tab_shell_v4_CHECKPOINT_EDGEIQ_SHELL_FIX_V6_MEETINGS_20260702.ps1,.ps1,3264,,,0,REVIEW,
scripts\audit_edgeiq_track_bias_engine_v1.py,.py,4704,,,0,REVIEW,
scripts\audit_edgeiq_track_conditions_sources_fast_v1.py,.py,14036,GOING_STICK|IRRIGATION_24H|IRRIGATION_7D|IRRIGATION_GENERAL|MEETING_STATUS|PENETROMETER|RAINFALL_24H|RAINFALL_7D|TRACK_CONDITION|TRACK_MANAGER_COMMENT|UPDATED_TIME,FLEMINGTON|CAULFIELD|CAULFIELD_HEATH|SANDOWN_HILLSIDE|SANDOWN_LAKESIDE|MOONEE_VALLEY|MORNINGTON|CRANBOURNE|PAKENHAM|PAKENHAM_SYNTHETIC|BALLARAT|BALLARAT_SYNTHETIC|BENDIGO|BENALLA|CAMPERDOWN|CASTERTON|COLAC|DONALD|ECHUCA|GEELONG|HAMILTON|HORSHAM|KILMORE|KYNETON|MANSFIELD|MOE|MURTOA|SALE|SEYMOUR|ST_ARNAUD|SWAN_HILL|TERANG|WANGARATTA|WARRACKNABEAL|WARRNAMBOOL|WERRIBEE|WODONGA|YARRA_VALLEY,0,HIGH_VALUE,
scripts\audit_edgeiq_track_conditions_sources_indexed_v1.py,.py,13786,GOING_STICK|IRRIGATION_24H|IRRIGATION_7D|IRRIGATION_GENERAL|MEETING_STATUS|PENETROMETER|RAINFALL_24H|RAINFALL_7D|TRACK_CONDITION|TRACK_MANAGER_COMMENT|UPDATED_TIME,FLEMINGTON|CAULFIELD|CAULFIELD_HEATH|SANDOWN_HILLSIDE|SANDOWN_LAKESIDE|MOONEE_VALLEY|MORNINGTON|CRANBOURNE|PAKENHAM|PAKENHAM_SYNTHETIC|BALLARAT|BALLARAT_SYNTHETIC|BENDIGO|BENALLA|CAMPERDOWN|CASTERTON|COLAC|DONALD|ECHUCA|GEELONG|HAMILTON|HORSHAM|KILMORE|KYNETON|MANSFIELD|MOE|MURTOA|SALE|SEYMOUR|ST_ARNAUD|SWAN_HILL|TERANG|WANGARATTA|WARRACKNABEAL|WARRNAMBOOL|WERRIBEE|WODONGA|YARRA_VALLEY,0,HIGH_VALUE,
scripts\audit_edgeiq_track_conditions_sources_v1.py,.py,15476,GOING_STICK|IRRIGATION_24H|IRRIGATION_7D|IRRIGATION_GENERAL|MEETING_STATUS|PENETROMETER|RAINFALL_24H|RAINFALL_7D|TRACK_CONDITION|TRACK_MANAGER_COMMENT|UPDATED_TIME,FLEMINGTON|CAULFIELD|CAULFIELD_HEATH|SANDOWN_HILLSIDE|SANDOWN_LAKESIDE|MOONEE_VALLEY|MORNINGTON|CRANBOURNE|PAKENHAM|PAKENHAM_SYNTHETIC|BALLARAT|BALLARAT_SYNTHETIC|BENDIGO|BENALLA|CAMPERDOWN|CASTERTON|COLAC|DONALD|ECHUCA|GEELONG|HAMILTON|HORSHAM|KILMORE|KYNETON|MANSFIELD|MOE|MURTOA|SALE|SEYMOUR|ST_ARNAUD|SWAN_HILL|TERANG|WANGARATTA|WARRACKNABEAL|WARRNAMBOOL|WERRIBEE|WODONGA|YARRA_VALLEY,0,HIGH_VALUE,
scripts\audit_edgeiq_track_data_contract_v1.py,.py,3240,GOING_STICK|IRRIGATION_24H|IRRIGATION_7D|IRRIGATION_GENERAL|PENETROMETER|RAINFALL_24H|TRACK_CONDITION|TRACK_MANAGER_COMMENT|UPDATED_TIME,,0,HIGH_VALUE,
scripts\audit_edgeiq_track_engineering_build_v1.py,.py,2839,TRACK_CONDITION,,0,REVIEW,
scripts\audit_edgeiq_track_historical_comparison_v1.py,.py,2121,,,0,REVIEW,
scripts\audit_edgeiq_track_visual_structure_v1.py,.py,2549,RAIL_CURRENT|TRACK_CONDITION,,0,REVIEW,
scripts\audit_edgeiq_turftrax_stream_v1.py,.py,7598,IRRIGATION_GENERAL,CAULFIELD|MORNINGTON,4,REVIEW,
scripts\audit_edgeiq_turftrax_visualiser_v1.py,.py,8153,GOING_STICK|IRRIGATION_GENERAL,CAULFIELD|MORNINGTON,3,REVIEW,
scripts\audit_edgeiq_v6_3_medium_guardrail_extreme_score_audit_v1.py,.py,3147,,,0,REVIEW,
scripts\audit_racingcom_rendered_speed_data_meeting_types_v1.py,.py,9009,,,0,REVIEW,
scripts\build_edgeiq_active_race_selector_CHECKPOINT_DYNAMIC_MEETING_CACHE_FIX_20260616.py,.py,6056,,PAKENHAM|PAKENHAM_SYNTHETIC,0,REVIEW,
scripts\build_edgeiq_active_race_selector_CHECKPOINT_SELECTED_MEETING_CACHE_FIX_20260616.py,.py,6056,,PAKENHAM|PAKENHAM_SYNTHETIC,0,REVIEW,
scripts\build_edgeiq_barrier_rail_condition_bias_replay_v1.py,.py,21633,PENETROMETER|RAIL_CURRENT|TRACK_CONDITION,,0,REVIEW,
scripts\build_edgeiq_barrier_rail_condition_pricing_impact_replay_v1.py,.py,19166,,,0,REVIEW,
scripts\build_edgeiq_barrier_track_dna_v1.py,.py,6525,,,0,REVIEW,
scripts\build_edgeiq_condition_bias_engine_v1.py,.py,3578,,,0,REVIEW,
scripts\build_edgeiq_condition_dna_v1.py,.py,5456,TRACK_CONDITION,,0,REVIEW,
scripts\build_edgeiq_condition_pars_v3.py,.py,11424,TRACK_CONDITION,,0,REVIEW,
scripts\build_edgeiq_condition_pars_v5.py,.py,4133,,,0,REVIEW,
scripts\build_edgeiq_condition_pars_v5_1.py,.py,6842,,,0,REVIEW,
scripts\build_edgeiq_current_true_track_feed_v1.py,.py,5638,TRACK_CONDITION,,0,REVIEW,
scripts\build_edgeiq_epf_v1_1_guardrailed.py,.py,14678,TRACK_CONDITION,,0,REVIEW,
scripts\build_edgeiq_execution_tracking_settlement_v2.py,.py,10835,,,0,REVIEW,
scripts\build_edgeiq_execution_tracking_settlement_v3.py,.py,17210,,,0,REVIEW,
scripts\build_edgeiq_execution_tracking_v2.py,.py,9436,,,0,REVIEW,
scripts\build_edgeiq_execution_tracking_v3.py,.py,7864,,,0,REVIEW,
scripts\build_edgeiq_experiment_tracker_v1.py,.py,10642,,,0,REVIEW,
scripts\build_edgeiq_graphql_getRacesForMeet_meeting_warehouse_v1.py,.py,6118,MEETING_STATUS|RAIL_CURRENT|RAIL_PREVIOUS|TRACK_CONDITION,,0,HIGH_VALUE,
scripts\build_edgeiq_historical_meeting_feed_v1.py,.py,1826,,,0,REVIEW,
scripts\build_edgeiq_historical_rail_backfill_v1.py,.py,23869,MEETING_STATUS|PENETROMETER|RAIL_CURRENT|RAIL_PREVIOUS|TRACK_CONDITION,PAKENHAM|PAKENHAM_SYNTHETIC|BALLARAT|BALLARAT_SYNTHETIC|WARRACKNABEAL|WODONGA,3,HIGH_VALUE,
scripts\build_edgeiq_horse_intelligence_v1_from_track_v2_1.py,.py,9734,,,0,REVIEW,
scripts\build_edgeiq_live_on_track_weather_snapshot_v1.py,.py,5421,,,0,REVIEW,
scripts\build_edgeiq_live_runner_board_from_terminal_v1_CHECKPOINT_DYNAMIC_MEETING_CACHE_FIX_20260616.py,.py,13972,RAIL_CURRENT|TRACK_CONDITION,PAKENHAM|PAKENHAM_SYNTHETIC,0,REVIEW,
scripts\build_edgeiq_live_runner_board_from_terminal_v1_CHECKPOINT_FUTURE_MEETING_COVERAGE_20260620.py,.py,14735,RAIL_CURRENT|TRACK_CONDITION,,0,REVIEW,
scripts\build_edgeiq_live_runner_board_from_terminal_v1_CHECKPOINT_SELECTED_MEETING_CACHE_FIX_20260616.py,.py,13972,RAIL_CURRENT|TRACK_CONDITION,PAKENHAM|PAKENHAM_SYNTHETIC,0,REVIEW,
scripts\build_edgeiq_live_runner_board_governed_v1_CHECKPOINT_FUTURE_MEETING_COVERAGE_20260620.py,.py,3987,,,0,REVIEW,
scripts\build_edgeiq_live_terminal_feed_v1_tab_only_today_CHECKPOINT_DYNAMIC_MEETING_CACHE_FIX_20260616.py,.py,19901,RAIL_CURRENT|TRACK_CONDITION,PAKENHAM|PAKENHAM_SYNTHETIC,0,REVIEW,
scripts\build_edgeiq_live_track_intelligence_v1.py,.py,12925,TRACK_CONDITION,FLEMINGTON|CAULFIELD|CAULFIELD_HEATH|SANDOWN_HILLSIDE|SANDOWN_LAKESIDE|MOONEE_VALLEY|MORNINGTON|CRANBOURNE|PAKENHAM|PAKENHAM_SYNTHETIC|BALLARAT|BALLARAT_SYNTHETIC|BENDIGO|BENALLA|CASTERTON|COLAC|DONALD|ECHUCA|GEELONG|HAMILTON|HORSHAM|KILMORE|KYNETON|MOE|SALE|SEYMOUR|SWAN_HILL|TERANG|WANGARATTA|WARRNAMBOOL|WERRIBEE|WODONGA,0,REVIEW,
scripts\build_edgeiq_live_track_intelligence_v2.py,.py,11320,,,0,REVIEW,
scripts\build_edgeiq_live_track_intelligence_v2_1.py,.py,13156,RAIL_CURRENT|TRACK_CONDITION,FLEMINGTON|CAULFIELD|MORNINGTON|CRANBOURNE|PAKENHAM|BALLARAT|BENDIGO|BENALLA|CASTERTON|COLAC|ECHUCA|GEELONG|HAMILTON|HORSHAM|KILMORE|KYNETON|MOE|SALE|SEYMOUR|TERANG|WANGARATTA|WARRNAMBOOL|WODONGA,0,REVIEW,
scripts\build_edgeiq_meeting_results_terminal_feed_v1.py,.py,5869,MEETING_STATUS|TRACK_CONDITION,,0,REVIEW,
scripts\build_edgeiq_model_tracking_candidates_v1.py,.py,3235,,,0,REVIEW,
scripts\build_edgeiq_model_tracking_dashboard_v1.py,.py,1722,,,0,REVIEW,
scripts\build_edgeiq_on_track_weather_governed_v1_1.py,.py,9045,RAINFALL_24H|RAINFALL_7D,,0,REVIEW,
scripts\build_edgeiq_on_track_weather_governed_v1_2.py,.py,11898,RAINFALL_24H|TRACK_CONDITION,FLEMINGTON|CAULFIELD|MORNINGTON,0,REVIEW,
scripts\build_edgeiq_on_track_weather_observation_v1.py,.py,16755,RAINFALL_24H|RAINFALL_7D|TRACK_CONDITION,FLEMINGTON|CAULFIELD|MORNINGTON,4,REVIEW,
scripts\build_edgeiq_overlay_tracking_v1.py,.py,5243,,,0,REVIEW,
scripts\build_edgeiq_policy_performance_tracker_v1.py,.py,15672,,,0,REVIEW,
scripts\build_edgeiq_race_strength_conditional_audit_v1.py,.py,10056,,,0,REVIEW,
scripts\build_edgeiq_racing_australia_track_and_audit_bom_v1.py,.py,20876,IRRIGATION_GENERAL|PENETROMETER|RAINFALL_24H|RAINFALL_7D|TRACK_CONDITION,CAULFIELD|CAULFIELD_HEATH|SANDOWN_HILLSIDE|SANDOWN_LAKESIDE|BALLARAT|BALLARAT_SYNTHETIC|GEELONG,1,HIGH_VALUE,
scripts\build_edgeiq_rail_data_discovery_audit_v1.py,.py,36083,PENETROMETER|RAIL_CURRENT|RAIL_PREVIOUS|TRACK_CONDITION,FLEMINGTON|CAULFIELD|CAULFIELD_HEATH|MORNINGTON|CRANBOURNE|PAKENHAM|PAKENHAM_SYNTHETIC|BALLARAT|BALLARAT_SYNTHETIC|GEELONG|SWAN_HILL|WARRACKNABEAL|WARRNAMBOOL|WODONGA,4,HIGH_VALUE,
scripts\build_edgeiq_rail_dna_v1.py,.py,5620,RAIL_CURRENT,,0,REVIEW,
scripts\build_edgeiq_sectional_outcome_tracking_v1.py,.py,7520,,,0,REVIEW,
scripts\build_edgeiq_shadow_out_of_sample_tracker_v1.py,.py,14730,,FLEMINGTON|CAULFIELD|CAULFIELD_HEATH|SANDOWN_HILLSIDE|SANDOWN_LAKESIDE|MOONEE_VALLEY|MORNINGTON|CRANBOURNE|PAKENHAM|PAKENHAM_SYNTHETIC|BALLARAT|BALLARAT_SYNTHETIC|BENDIGO|GEELONG|HORSHAM|SALE|SEYMOUR|WANGARATTA|WERRIBEE|WODONGA,0,REVIEW,
scripts\build_edgeiq_track_alias_engine_v1.py,.py,5045,,FLEMINGTON|CAULFIELD|CAULFIELD_HEATH|SANDOWN_HILLSIDE|SANDOWN_LAKESIDE|MOONEE_VALLEY|MORNINGTON|CRANBOURNE|PAKENHAM|PAKENHAM_SYNTHETIC|BALLARAT|BENDIGO|CAMPERDOWN|CASTERTON|COLAC|DONALD|ECHUCA|GEELONG|HAMILTON|HORSHAM|KILMORE|KYNETON|MOE|MURTOA|SALE|SEYMOUR|SWAN_HILL|TERANG|WANGARATTA|WARRNAMBOOL|WERRIBEE|WODONGA|YARRA_VALLEY,0,REVIEW,
scripts\build_edgeiq_track_bias_data_audit_v1.py,.py,8195,RAIL_CURRENT|TRACK_CONDITION,,0,REVIEW,
scripts\build_edgeiq_track_bias_dna_v1.py,.py,7699,TRACK_CONDITION,,0,REVIEW,
scripts\build_edgeiq_track_bias_engine_v1.py,.py,19182,RAIL_CURRENT|TRACK_CONDITION,FLEMINGTON|CAULFIELD|PAKENHAM|BALLARAT|GEELONG|SEYMOUR|WERRIBEE,0,REVIEW,
scripts\build_edgeiq_track_canonical_dictionary_v1.py,.py,2373,,FLEMINGTON|CAULFIELD|CAULFIELD_HEATH|SANDOWN_HILLSIDE|SANDOWN_LAKESIDE|MOONEE_VALLEY|PAKENHAM|BALLARAT|BALLARAT_SYNTHETIC|BENDIGO|GEELONG|HAMILTON|KILMORE,0,REVIEW,
scripts\build_edgeiq_track_canonical_dictionary_v2.py,.py,5904,,FLEMINGTON|CAULFIELD|CAULFIELD_HEATH|SANDOWN_HILLSIDE|SANDOWN_LAKESIDE|MOONEE_VALLEY|MORNINGTON|CRANBOURNE|PAKENHAM|PAKENHAM_SYNTHETIC|BALLARAT|BALLARAT_SYNTHETIC|BENDIGO|BENALLA|CAMPERDOWN|CASTERTON|COLAC|DONALD|GEELONG|HAMILTON|HORSHAM|KILMORE|KYNETON|MANSFIELD|MOE|MURTOA|SALE|SEYMOUR|ST_ARNAUD|SWAN_HILL|TERANG|WANGARATTA|WARRACKNABEAL|WARRNAMBOOL|WERRIBEE|WODONGA|YARRA_VALLEY,0,REVIEW,
scripts\build_edgeiq_track_condition_dna_v1.py,.py,549,TRACK_CONDITION,,0,REVIEW,
scripts\build_edgeiq_track_condition_runstyle_v1.py,.py,2572,TRACK_CONDITION,,0,REVIEW,
scripts\build_edgeiq_track_distance_bias_v1.py,.py,4331,,,0,REVIEW,
scripts\build_edgeiq_track_distance_condition_dna_v1.py,.py,7474,TRACK_CONDITION,,0,REVIEW,
scripts\build_edgeiq_track_distance_dna_v1.py,.py,7493,,,0,REVIEW,
scripts\build_edgeiq_track_dna_v1.py,.py,4642,,,0,REVIEW,
scripts\build_edgeiq_track_dna_v1_1_canonical.py,.py,6109,,,0,REVIEW,
scripts\build_edgeiq_track_intelligence_card_v1.py,.py,8331,,,0,REVIEW,
scripts\build_edgeiq_track_intelligence_profile_v2.py,.py,16400,,,0,REVIEW,
scripts\build_edgeiq_track_profile_v1.py,.py,12381,TRACK_CONDITION,,0,REVIEW,
scripts\build_edgeiq_track_profile_v2.py,.py,18990,RAIL_CURRENT|TRACK_CONDITION,,0,REVIEW,
scripts\build_edgeiq_track_specialist_index_v1.py,.py,3768,,,0,REVIEW,
scripts\build_edgeiq_track_thumbnails_v1.py,.py,663,,,0,REVIEW,
scripts\build_edgeiq_track_thumbnails_v2.py,.py,658,,,0,REVIEW,
scripts\build_edgeiq_track_thumbnails_v3.py,.py,3178,,,0,REVIEW,
scripts\build_edgeiq_track_universe_audit_v1.py,.py,3952,RAIL_CURRENT,,0,REVIEW,
scripts\build_edgeiq_track_variant_engine_v1.py,.py,13778,RAIL_CURRENT|TRACK_CONDITION,,0,REVIEW,
scripts\build_edgeiq_true_track_rating_engine_v1.py,.py,3040,TRACK_CONDITION,,0,REVIEW,
scripts\build_edgeiq_true_track_rating_v1.py,.py,11802,TRACK_CONDITION,,0,REVIEW,
scripts\build_edgeiq_v6_1_probability_calibration_v2_by_match_tier_CHECKPOINT_TRACK_ALIAS_BRIDGE_20260619.py,.py,25269,,,0,REVIEW,
scripts\build_edgeiq_v6_1_segment_guardrail_replay_v1.py,.py,23426,,,0,REVIEW,
scripts\build_edgeiq_v6_1_settled_gap_replay_v2_expanded_CHECKPOINT_TRACK_ALIAS_BRIDGE_20260619.py,.py,27322,,,0,REVIEW,
scripts\build_edgeiq_vic_three_day_meeting_calendar_v1.py,.py,7762,MEETING_STATUS,FLEMINGTON|CAULFIELD|CAULFIELD_HEATH|MOONEE_VALLEY|MORNINGTON|CRANBOURNE|PAKENHAM|PAKENHAM_SYNTHETIC|BALLARAT|BALLARAT_SYNTHETIC|BENDIGO|BENALLA|CASTERTON|COLAC|DONALD|ECHUCA|GEELONG|HAMILTON|HORSHAM|KILMORE|KYNETON|MOE|MURTOA|SALE|SEYMOUR|ST_ARNAUD|SWAN_HILL|TERANG|WANGARATTA|WARRACKNABEAL|WARRNAMBOOL|WERRIBEE|WODONGA|YARRA_VALLEY,0,REVIEW,
scripts\build_edgeiq_vic_three_day_meeting_calendar_v1_CHECKPOINT_DATE_ROLLOVER_20260617.py,.py,7522,MEETING_STATUS,FLEMINGTON|CAULFIELD|CAULFIELD_HEATH|MOONEE_VALLEY|MORNINGTON|CRANBOURNE|PAKENHAM|PAKENHAM_SYNTHETIC|BALLARAT|BALLARAT_SYNTHETIC|BENDIGO|BENALLA|CASTERTON|COLAC|DONALD|ECHUCA|GEELONG|HAMILTON|HORSHAM|KILMORE|KYNETON|MOE|MURTOA|SALE|SEYMOUR|ST_ARNAUD|SWAN_HILL|TERANG|WANGARATTA|WARRACKNABEAL|WARRNAMBOOL|WERRIBEE|WODONGA|YARRA_VALLEY,0,REVIEW,
scripts\build_edgeiq_vic_three_day_meeting_universe.py,.py,31055,MEETING_STATUS|RAIL_CURRENT|TRACK_CONDITION,FLEMINGTON|CAULFIELD|CAULFIELD_HEATH|MOONEE_VALLEY|MORNINGTON|CRANBOURNE|PAKENHAM|PAKENHAM_SYNTHETIC|BALLARAT|BALLARAT_SYNTHETIC|BENDIGO|BENALLA|CASTERTON|COLAC|DONALD|ECHUCA|GEELONG|HAMILTON|HORSHAM|KILMORE|KYNETON|MOE|MURTOA|SALE|SEYMOUR|ST_ARNAUD|SWAN_HILL|TERANG|WANGARATTA|WARRACKNABEAL|WARRNAMBOOL|WERRIBEE|WODONGA|YARRA_VALLEY,0,REVIEW,
scripts\build_edgeiq_vic_three_day_meeting_universe_BEFORE_ALL_VIC_3DAY_FIX.py,.py,22976,TRACK_CONDITION,FLEMINGTON|CAULFIELD|MOONEE_VALLEY|MORNINGTON|CRANBOURNE|PAKENHAM|BALLARAT|BENDIGO|BENALLA|COLAC|DONALD|ECHUCA|GEELONG|HAMILTON|HORSHAM|KILMORE|KYNETON|MOE|MURTOA|SALE|SEYMOUR|ST_ARNAUD|TERANG|WANGARATTA|WARRACKNABEAL|WARRNAMBOOL|WERRIBEE|WODONGA|YARRA_VALLEY,0,REVIEW,
scripts\build_edgeiq_vic_three_day_meeting_universe_CHECKPOINT_CALENDAR_REFACTOR_20260616.py,.py,23129,RAIL_CURRENT|TRACK_CONDITION,FLEMINGTON|CAULFIELD|MOONEE_VALLEY|MORNINGTON|CRANBOURNE|PAKENHAM|BALLARAT|BENDIGO|BENALLA|CASTERTON|COLAC|DONALD|ECHUCA|GEELONG|HAMILTON|HORSHAM|KILMORE|KYNETON|MOE|MURTOA|SALE|SEYMOUR|ST_ARNAUD|SWAN_HILL|TERANG|WANGARATTA|WARRACKNABEAL|WARRNAMBOOL|WERRIBEE|WODONGA|YARRA_VALLEY,0,REVIEW,
scripts\build_edgeiq_vic_three_day_meeting_universe_CHECKPOINT_DAILY_AUTO_REFRESH_20260619.py,.py,30231,MEETING_STATUS|RAIL_CURRENT|TRACK_CONDITION,FLEMINGTON|CAULFIELD|CAULFIELD_HEATH|MOONEE_VALLEY|MORNINGTON|CRANBOURNE|PAKENHAM|PAKENHAM_SYNTHETIC|BALLARAT|BALLARAT_SYNTHETIC|BENDIGO|BENALLA|CASTERTON|COLAC|DONALD|ECHUCA|GEELONG|HAMILTON|HORSHAM|KILMORE|KYNETON|MOE|MURTOA|SALE|SEYMOUR|ST_ARNAUD|SWAN_HILL|TERANG|WANGARATTA|WARRACKNABEAL|WARRNAMBOOL|WERRIBEE|WODONGA|YARRA_VALLEY,0,REVIEW,
scripts\build_edgeiq_vic_three_day_meeting_universe_CHECKPOINT_DAILY_AUTO_REFRESH_20260619_B.py,.py,30231,MEETING_STATUS|RAIL_CURRENT|TRACK_CONDITION,FLEMINGTON|CAULFIELD|CAULFIELD_HEATH|MOONEE_VALLEY|MORNINGTON|CRANBOURNE|PAKENHAM|PAKENHAM_SYNTHETIC|BALLARAT|BALLARAT_SYNTHETIC|BENDIGO|BENALLA|CASTERTON|COLAC|DONALD|ECHUCA|GEELONG|HAMILTON|HORSHAM|KILMORE|KYNETON|MOE|MURTOA|SALE|SEYMOUR|ST_ARNAUD|SWAN_HILL|TERANG|WANGARATTA|WARRACKNABEAL|WARRNAMBOOL|WERRIBEE|WODONGA|YARRA_VALLEY,0,REVIEW,
scripts\build_edgeiq_vic_three_day_meeting_universe_CHECKPOINT_DATE_ROLLOVER_20260617.py,.py,30231,MEETING_STATUS|RAIL_CURRENT|TRACK_CONDITION,FLEMINGTON|CAULFIELD|CAULFIELD_HEATH|MOONEE_VALLEY|MORNINGTON|CRANBOURNE|PAKENHAM|PAKENHAM_SYNTHETIC|BALLARAT|BALLARAT_SYNTHETIC|BENDIGO|BENALLA|CASTERTON|COLAC|DONALD|ECHUCA|GEELONG|HAMILTON|HORSHAM|KILMORE|KYNETON|MOE|MURTOA|SALE|SEYMOUR|ST_ARNAUD|SWAN_HILL|TERANG|WANGARATTA|WARRACKNABEAL|WARRNAMBOOL|WERRIBEE|WODONGA|YARRA_VALLEY,0,REVIEW,
scripts\build_edgeiq_weight_condition_interaction_v1.py,.py,1080,TRACK_CONDITION,,0,REVIEW,
scripts\build_racingcom_historical_meeting_discovery_v1.py,.py,31936,,FLEMINGTON|CAULFIELD|CAULFIELD_HEATH|SANDOWN_LAKESIDE|MOONEE_VALLEY|MORNINGTON|CRANBOURNE|PAKENHAM|BALLARAT|BENDIGO|BENALLA|CASTERTON|COLAC|DONALD|ECHUCA|GEELONG|HAMILTON|HORSHAM|KILMORE|KYNETON|MOE|SALE|SEYMOUR|SWAN_HILL|TERANG|WANGARATTA|WARRNAMBOOL|WERRIBEE|WODONGA|YARRA_VALLEY,2,REVIEW,
scripts\capture_tab_meeting_v1.py,.py,787,,,1,REVIEW,
scripts\capture_tab_meetings_network_v1.py,.py,2212,,,3,REVIEW,
scripts\capture_tab_meetings_today_v1.py,.py,870,,,0,REVIEW,
scripts\capture_tab_meetings_today_v2.py,.py,858,,,0,REVIEW,
scripts\capture_tab_meetings_today_v3.py,.py,1115,,,1,REVIEW,
scripts\checkpoint_edgeiq_meeting_detail_engineering_build_v1.py,.py,2929,,,0,REVIEW,
scripts\checkpoint_edgeiq_meeting_workspace_v1.py,.py,1720,,,0,REVIEW,
scripts\checkpoint_edgeiq_meetings_engineering_build_v1.py,.py,2941,,,0,REVIEW,
scripts\checkpoint_edgeiq_track_engineering_build_v1.py,.py,1414,,,0,REVIEW,
scripts\discover_real_browser_meetings_v1.py,.py,1246,,,1,REVIEW,
scripts\discover_real_vic_racingcom_meetings_90day_v1.py,.py,3005,,,3,REVIEW,
scripts\edgeiq_meeting_workspace_audit_common_v1.py,.py,1398,,,0,REVIEW,
scripts\edgeiq_track_alias_bridge_v1.py,.py,8565,,FLEMINGTON|CAULFIELD|SANDOWN_HILLSIDE|SANDOWN_LAKESIDE|MORNINGTON|CRANBOURNE|PAKENHAM|PAKENHAM_SYNTHETIC|BALLARAT|BENDIGO|BENALLA|CAMPERDOWN|CASTERTON|ECHUCA|GEELONG|HAMILTON|HORSHAM|KILMORE|KYNETON|SEYMOUR|TERANG|WANGARATTA|WARRNAMBOOL|WERRIBEE|WODONGA|YARRA_VALLEY,0,REVIEW,
scripts\extract_meetings_screen_v1.py,.py,2718,,,0,REVIEW,
scripts\extract_product_shell_meetings_v1.py,.py,10263,IRRIGATION_24H|IRRIGATION_7D|MEETING_STATUS|RAIL_CURRENT|RAINFALL_24H|RAINFALL_7D|TRACK_CONDITION,FLEMINGTON|CAULFIELD|BALLARAT,0,HIGH_VALUE,
scripts\extract_visible_calendar_vic_meetings_v1.py,.py,1746,,,0,REVIEW,
scripts\fix_condition_colour_text_only_v1.py,.py,960,TRACK_CONDITION,,0,REVIEW,
scripts\fix_dynamic_selected_meeting_inventory_v1.py,.py,1441,,PAKENHAM|PAKENHAM_SYNTHETIC,0,REVIEW,
scripts\merge_tab_calendar_into_runner_board_v1_CHECKPOINT_FUTURE_MEETING_COVERAGE_20260620.py,.py,9740,,,0,REVIEW,
scripts\patch_edgeiq_meeting_builders_canonical_timezone_v1.py,.py,3097,,,0,REVIEW,
scripts\patch_edgeiq_weather_workspace_on_track_feed_v1.py,.py,932,,,0,REVIEW,
scripts\patch_live_merge_track_race_horse.py,.py,1568,,,0,REVIEW,
scripts\probe_edgeiq_live_on_track_weather_v1.py,.py,6499,,FLEMINGTON,0,REVIEW,
scripts\probe_tab_meetings_api_v1.py,.py,1955,,,6,REVIEW,
scripts\refactor_track_map_slug_v1.py,.py,2381,,MOONEE_VALLEY|PAKENHAM|PAKENHAM_SYNTHETIC|BALLARAT|BALLARAT_SYNTHETIC|GEELONG|ST_ARNAUD|SWAN_HILL|YARRA_VALLEY,0,REVIEW,
scripts\remove_formtab_runner_rail.py,.py,876,,,0,REVIEW,
scripts\repair_command_v4_rail_and_smoke_v1.py,.py,2430,,,0,REVIEW,
scripts\run_edgeiq_daily_auto_refresh_v1_CHECKPOINT_FUTURE_MEETING_COVERAGE_20260620.ps1,.ps1,24900,,,0,REVIEW,
scripts\run_edgeiq_today_tab_only_dashboard_refresh_v1_CHECKPOINT_DYNAMIC_MEETING_CACHE_FIX_20260616.ps1,.ps1,10856,,PAKENHAM|PAKENHAM_SYNTHETIC|BENDIGO|WANGARATTA|WARRNAMBOOL,0,REVIEW,
scripts\run_edgeiq_today_tab_only_dashboard_refresh_v1_CHECKPOINT_SELECTED_MEETING_CACHE_FIX_20260616.ps1,.ps1,10856,,PAKENHAM|PAKENHAM_SYNTHETIC|BENDIGO|WANGARATTA|WARRNAMBOOL,0,REVIEW,
scripts\scrape_tab_all_active_races_v1_CHECKPOINT_DYNAMIC_MEETING_CACHE_FIX_20260616.py,.py,6116,,PAKENHAM|PAKENHAM_SYNTHETIC,1,REVIEW,
scripts\test_turftrax_stream_endpoint_v1.py,.py,2370,,CAULFIELD|MORNINGTON,4,REVIEW,
scripts\trace_edgeiq_turftrax_live_request_v1.py,.py,8930,,FLEMINGTON|CAULFIELD|MORNINGTON,7,REVIEW,
scripts\trace_turftrax_stream_request_v1.py,.py,1251,,CAULFIELD|MORNINGTON,0,REVIEW,
src\App_BEFORE_CONDITION_HEADER_POLISH.tsx,.tsx,38580,TRACK_CONDITION,,0,REVIEW,
src\App_BEFORE_TRACKING_TAB_20260614.tsx,.tsx,79934,MEETING_STATUS|TRACK_CONDITION,FLEMINGTON|CAULFIELD|SANDOWN_HILLSIDE|SANDOWN_LAKESIDE|MOONEE_VALLEY|MORNINGTON|CRANBOURNE|PAKENHAM|PAKENHAM_SYNTHETIC|BALLARAT|BALLARAT_SYNTHETIC|BENDIGO|BENALLA|CAMPERDOWN|CASTERTON|COLAC|ECHUCA|GEELONG|HAMILTON|HORSHAM|KILMORE|KYNETON|SALE|SEYMOUR|SWAN_HILL|TERANG|WANGARATTA|WARRNAMBOOL|WERRIBEE|WODONGA|YARRA_VALLEY,0,REVIEW,
src\components\MeetingRaceSelector.tsx,.tsx,1944,,,0,REVIEW,
src\components\UpcomingStateMeetingNavigator.tsx,.tsx,37301,TRACK_CONDITION,,0,REVIEW,
src\components\workspaces\RaceTrackWorkspace.tsx,.tsx,1364,TRACK_CONDITION,,0,REVIEW,
src\config\edgeiqVicTracks.ts,.ts,621,,FLEMINGTON|CAULFIELD|CAULFIELD_HEATH|MOONEE_VALLEY|MORNINGTON|CRANBOURNE|PAKENHAM|BALLARAT|BENDIGO|BENALLA|CASTERTON|COLAC|ECHUCA|GEELONG|HAMILTON|HORSHAM|KILMORE|KYNETON|MOE|SALE|SEYMOUR|SWAN_HILL|TERANG|WANGARATTA|WARRNAMBOOL|WODONGA,0,REVIEW,
src\data\edgeiq_live_track_intelligence_v2_1.csv,.csv,481145,RAIL_CURRENT|TRACK_CONDITION,SANDOWN_HILLSIDE|BALLARAT|DONALD|SALE|SEYMOUR,0,REVIEW,
src\edgeiq-os\command\components\OperationalStateRail.tsx,.tsx,1427,,,0,REVIEW,
src\edgeiq-os\command\components\OperationsRailV2.tsx,.tsx,1358,,,0,REVIEW,
src\edgeiq-os\command\components\RaceStateRail.tsx,.tsx,1100,RAIL_CURRENT|TRACK_CONDITION|UPDATED_TIME,,0,REVIEW,
src\edgeiq-os\components\EdgeiqOperationalRail.tsx,.tsx,790,,,0,REVIEW,
src\edgeiq-os\race\components\MeetingGearChangesWorkspace.tsx,.tsx,15396,,,0,REVIEW,
src\edgeiq-os\race\components\MeetingResultsWorkspace.tsx,.tsx,13174,MEETING_STATUS|TRACK_MANAGER_COMMENT,,0,REVIEW,
src\edgeiq-os\race\components\MeetingScratchingsWorkspace.tsx,.tsx,14343,UPDATED_TIME,,0,REVIEW,
src\edgeiq-os\race\components\MeetingsWorkspace.tsx,.tsx,13471,IRRIGATION_24H|IRRIGATION_GENERAL|MEETING_STATUS|RAINFALL_24H|UPDATED_TIME,,0,HIGH_VALUE,
src\edgeiq-os\race\components\MeetingsWorkspace_CHECKPOINT_BEFORE_PRO_PUNTER_LANGUAGE_20260710_064411.tsx,.tsx,2100,TRACK_CONDITION,,0,REVIEW,
src\edgeiq-os\race\components\MeetingsWorkspace_CHECKPOINT_BEFORE_THREE_DAY_ROUTING_20260710_123427.tsx,.tsx,2109,TRACK_CONDITION,,0,REVIEW,
src\edgeiq-os\race\components\MeetingsWorkspace_CHECKPOINT_BEFORE_THREE_DAY_ROUTING_FINAL_20260710_130642.tsx,.tsx,4394,TRACK_CONDITION,,0,REVIEW,
src\edgeiq-os\race\components\MeetingTrackWorkspace.tsx,.tsx,10037,RAIL_CURRENT|TRACK_CONDITION,,0,REVIEW,
src\edgeiq-os\race\components\MeetingWeatherWorkspace.tsx,.tsx,8518,,,0,REVIEW,
src\edgeiq-os\race\components\MeetingWeatherWorkspace_CHECKPOINT_BEFORE_FACTUAL_WEATHER_V2_20260710_103814.tsx,.tsx,3770,RAIL_CURRENT|TRACK_CONDITION,,0,REVIEW,
src\edgeiq-os\race\components\MeetingWeatherWorkspace_CHECKPOINT_BEFORE_LIVE_REFRESH_20260710_110601.tsx,.tsx,11151,GOING_STICK|IRRIGATION_GENERAL|RAIL_CURRENT|RAINFALL_24H|TRACK_CONDITION,,0,HIGH_VALUE,
src\edgeiq-os\race\components\MeetingWeatherWorkspace_CHECKPOINT_BEFORE_METRO_WIRING_20260710_120553.tsx,.tsx,11663,GOING_STICK|IRRIGATION_GENERAL|RAIL_CURRENT|RAINFALL_24H|TRACK_CONDITION,,0,HIGH_VALUE,
src\edgeiq-os\race\components\MeetingWeatherWorkspace_CHECKPOINT_BEFORE_VRC_WEATHER_ENGINE_V1_20260710_105105.tsx,.tsx,8411,RAIL_CURRENT|RAINFALL_24H|TRACK_CONDITION,,0,REVIEW,
src\edgeiq-os\race\components\MeetingWorkspace.tsx,.tsx,13087,,,0,REVIEW,
src\edgeiq-os\race\components\MeetingWorkspace_CHECKPOINT_BEFORE_THREE_DAY_ROUTING_20260710_123427.tsx,.tsx,2942,TRACK_CONDITION,,0,REVIEW,
src\edgeiq-os\race\components\MeetingWorkspace_CHECKPOINT_BEFORE_THREE_DAY_ROUTING_FINAL_20260710_130642.tsx,.tsx,4240,TRACK_CONDITION,,0,REVIEW,
src\edgeiq-os\race\components\MeetingWorkspace_CHECKPOINT_BEFORE_WEATHER_TAB_V1_20260710.tsx,.tsx,2890,TRACK_CONDITION,,0,REVIEW,
src\edgeiq-os\race\services\meetingDetailFeed.ts,.ts,14171,IRRIGATION_24H|IRRIGATION_GENERAL|MEETING_STATUS|RAIL_CURRENT|RAINFALL_24H|TRACK_CONDITION|UPDATED_TIME,,0,HIGH_VALUE,
src\edgeiq-os\race\services\meetingsFeed.ts,.ts,14207,IRRIGATION_24H|IRRIGATION_GENERAL|MEETING_STATUS|RAIL_CURRENT|RAINFALL_24H|TRACK_CONDITION,,0,HIGH_VALUE,
src\edgeiq-os\race\services\trackFeed.ts,.ts,19025,GOING_STICK|IRRIGATION_24H|IRRIGATION_7D|IRRIGATION_GENERAL|PENETROMETER|RAIL_CURRENT|RAINFALL_24H|RAINFALL_7D|TRACK_CONDITION|TRACK_MANAGER_COMMENT|UPDATED_TIME,,0,HIGH_VALUE,
src\edgeiq-os\services\adapters\TrackAdapter.ts,.ts,2905,RAIL_CURRENT|TRACK_CONDITION|TRACK_MANAGER_COMMENT,,0,REVIEW,
src\edgeiq-os\services\track-signature.ts,.ts,1834,TRACK_CONDITION,,0,REVIEW,
src\edgeiq-os\services\TrackSignatureService.ts,.ts,121,,,0,REVIEW,
src\screens\MeetingsScreen.tsx,.tsx,15416,IRRIGATION_24H|IRRIGATION_7D|IRRIGATION_GENERAL|RAIL_CURRENT|RAINFALL_24H|RAINFALL_7D|TRACK_CONDITION,FLEMINGTON|MOONEE_VALLEY|PAKENHAM|PAKENHAM_SYNTHETIC|BALLARAT|BALLARAT_SYNTHETIC|GEELONG|ST_ARNAUD|SWAN_HILL|YARRA_VALLEY,0,HIGH_VALUE,
src\services\productShellMeetingService.ts,.ts,9207,IRRIGATION_24H|IRRIGATION_7D|MEETING_STATUS|RAIL_CURRENT|RAINFALL_24H|RAINFALL_7D|TRACK_CONDITION,FLEMINGTON|CAULFIELD|BALLARAT,0,HIGH_VALUE,
src\terminal\tabs\TrackingTab.tsx,.tsx,37347,MEETING_STATUS,,0,REVIEW,
src\utils\meetingDisplayState.ts,.ts,1775,MEETING_STATUS,,0,REVIEW,
src\utils\trackMaps.ts,.ts,805,,MOONEE_VALLEY|PAKENHAM|PAKENHAM_SYNTHETIC|BALLARAT|BALLARAT_SYNTHETIC|GEELONG|ST_ARNAUD|SWAN_HILL|YARRA_VALLEY,0,REVIEW,
