meeting_date,track,race_no,runner_number,horse,current_runner_id,current_horse_id,normalized_horse,scratched,history_match,history_rows,latest_eligible_history_date,latest_eligible_epi,epr_value,epr_status,epr_source_artifact,failure_reason,epr_missing_class,current_join_status,prior_failure_verdict
2026-08-22,Sandown Hillside,1,2,Hydrobomb,15767436,5358771,HYDROBOMB,NO,YES,6,2026-03-25,80.94,32.525,EPI_AVAILABLE,edgeiq_epi_performance_fact_v1.csv:latest_prior_fullForm_match,NONE_POPULATED,,POPULATED_GOVERNED_EPR,STALE_PUBLICATION_RESOLVED_BY_CURRENT_REFRESH
2026-08-22,Sandown Hillside,1,3,Milsons Point,15751267,5365269,MILSONSPOINT,NO,YES,9,2026-03-14,52.17,33.275,EPI_AVAILABLE,edgeiq_epi_performance_fact_v1.csv:latest_prior_fullForm_match,NONE_POPULATED,,POPULATED_GOVERNED_EPR,STALE_PUBLICATION_RESOLVED_BY_CURRENT_REFRESH
2026-08-22,Sandown Hillside,1,5,Commit,15761593,5366680,COMMIT,NO,YES,33,2025-10-15,78.16,43.225,EPI_AVAILABLE,edgeiq_epi_performance_fact_v1.csv:latest_prior_fullForm_match,NONE_POPULATED,,POPULATED_GOVERNED_EPR,STALE_PUBLICATION_RESOLVED_BY_CURRENT_REFRESH
2026-08-22,Sandown Hillside,1,6,Vallice,15751268,5370058,VALLICE,NO,YES,7,2026-06-03,79.61,,INSUFFICIENT_PERFORMANCE_HISTORY,,LEGITIMATE_INSUFFICIENT_HISTORY,LEGITIMATE_INSUFFICIENT_HISTORY,LEGITIMATE_GOVERNED_EXCLUSION,LEGITIMATE_GOVERNED_EXCLUSION
2026-08-22,Sandown Hillside,1,7,Glide,15755615,5374798,GLIDE,NO,NO,0,,,,NO_PRIOR_FORM_HISTORY,,LEGITIMATE_FIRST_STARTER,LEGITIMATE_FIRST_STARTER,LEGITIMATE_GOVERNED_EXCLUSION,LEGITIMATE_GOVERNED_EXCLUSION
2026-08-22,Sandown Hillside,1,8,Judas Tree,15766206,5365757,JUDASTREE,NO,YES,1,,,,INSUFFICIENT_PERFORMANCE_HISTORY,,LEGITIMATE_INSUFFICIENT_HISTORY,LEGITIMATE_INSUFFICIENT_HISTORY,LEGITIMATE_GOVERNED_EXCLUSION,LEGITIMATE_GOVERNED_EXCLUSION
2026-08-22,Sandown Hillside,2,1,Prestige Forever,15765965,5349493,PRESTIGEFOREVER,NO,YES,13,2026-05-31,66.49,12.25,EPI_AVAILABLE,edgeiq_epi_performance_fact_v1.csv:latest_prior_fullForm_match,NONE_POPULATED,,POPULATED_GOVERNED_EPR,STALE_PUBLICATION_RESOLVED_BY_CURRENT_REFRESH
2026-08-22,Sandown Hillside,2,4,Buccleuch,15767422,5341046,BUCCLEUCH,NO,YES,16,2026-02-07,62.7,53.625,EPI_AVAILABLE,edgeiq_epi_performance_fact_v1.csv:latest_prior_fullForm_match,NONE_POPULATED,,POPULATED_GOVERNED_EPR,STALE_PUBLICATION_RESOLVED_BY_CURRENT_REFRESH
2026-08-22,Sandown Hillside,2,5,Cruiserweight,15767440,5376607,CRUISERWEIGHT,NO,YES,2,,,,INSUFFICIENT_PERFORMANCE_HISTORY,,LEGITIMATE_INSUFFICIENT_HISTORY,LEGITIMATE_INSUFFICIENT_HISTORY,LEGITIMATE_GOVERNED_EXCLUSION,LEGITIMATE_GOVERNED_EXCLUSION
2026-08-22,Sandown Hillside,2,6,Nic's Choice,15765078,5323727,NICSCHOICE,NO,YES,43,2026-03-14,81,46.925,EPI_AVAILABLE,edgeiq_epi_performance_fact_v1.csv:latest_prior_fullForm_match,NONE_POPULATED,,POPULATED_GOVERNED_EPR,STALE_PUBLICATION_RESOLVED_BY_CURRENT_REFRESH
2026-08-22,Sandown Hillside,2,9,Two Wolves,15766769,5327960,TWOWOLVES,NO,YES,16,2026-02-21,63.16,43.075,EPI_AVAILABLE,edgeiq_epi_performance_fact_v1.csv:latest_prior_fullForm_match,NONE_POPULATED,,POPULATED_GOVERNED_EPR,STALE_PUBLICATION_RESOLVED_BY_CURRENT_REFRESH
2026-08-22,Sandown Hillside,2,10,Cherish Me,15751269,5339915,CHERISHME,NO,YES,20,2026-05-09,70.34,52.0,EPI_AVAILABLE,edgeiq_epi_performance_fact_v1.csv:latest_prior_fullForm_match,NONE_POPULATED,,POPULATED_GOVERNED_EPR,STALE_PUBLICATION_RESOLVED_BY_CURRENT_REFRESH
2026-08-22,Sandown Hillside,2,11,Fear No Evil,15767860,5339448,FEARNOEVIL,NO,YES,17,2025-10-29,80.15,29.35,EPI_AVAILABLE,edgeiq_epi_performance_fact_v1.csv:latest_prior_fullForm_match,NONE_POPULATED,,POPULATED_GOVERNED_EPR,STALE_PUBLICATION_RESOLVED_BY_CURRENT_REFRESH
2026-08-22,Sandown Hillside,2,13,I Am Velvet,15744082,5330502,IAMVELVET,NO,YES,27,2026-04-04,61.45,64.3,EPI_AVAILABLE,edgeiq_epi_performance_fact_v1.csv:latest_prior_fullForm_match,NONE_POPULATED,,POPULATED_GOVERNED_EPR,STALE_PUBLICATION_RESOLVED_BY_CURRENT_REFRESH
2026-08-22,Sandown Hillside,2,19,Touxlove,15765420,5323631,TOUXLOVE,NO,YES,32,2026-05-16,62.73,15.475,EPI_AVAILABLE,edgeiq_epi_performance_fact_v1.csv:latest_prior_fullForm_match,NONE_POPULATED,,POPULATED_GOVERNED_EPR,STALE_PUBLICATION_RESOLVED_BY_CURRENT_REFRESH
2026-08-22,Sandown Hillside,3,1,Smokin' Romans,15751289,5254267,SMOKINROMANS,NO,YES,97,2026-05-09,54.64,11.675,EPI_AVAILABLE,edgeiq_epi_performance_fact_v1.csv:latest_prior_fullForm_match,NONE_POPULATED,,POPULATED_GOVERNED_EPR,STALE_PUBLICATION_RESOLVED_BY_CURRENT_REFRESH
2026-08-22,Sandown Hillside,3,2,Brayden Star,15766028,5332698,BRAYDENSTAR,NO,YES,64,2026-05-09,76.96,39.875,EPI_AVAILABLE,edgeiq_epi_performance_fact_v1.csv:latest_prior_fullForm_match,NONE_POPULATED,,POPULATED_GOVERNED_EPR,STALE_PUBLICATION_RESOLVED_BY_CURRENT_REFRESH
2026-08-22,Sandown Hillside,3,3,Chief Little Rock,15765758,5369950,CHIEFLITTLEROCK,NO,YES,8,,,,INSUFFICIENT_PERFORMANCE_HISTORY,,LEGITIMATE_INSUFFICIENT_HISTORY,LEGITIMATE_INSUFFICIENT_HISTORY,LEGITIMATE_GOVERNED_EXCLUSION,LEGITIMATE_GOVERNED_EXCLUSION
2026-08-22,Sandown Hillside,3,4,Diwali,15764971,5313865,DIWALI,NO,YES,51,2026-01-31,55.17,0.0,EPI_AVAILABLE,edgeiq_epi_performance_fact_v1.csv:latest_prior_fullForm_match,NONE_POPULATED,,POPULATED_GOVERNED_EPR,STALE_PUBLICATION_RESOLVED_BY_CURRENT_REFRESH
2026-08-22,Sandown Hillside,3,5,Go Daddy,15751288,5373697,GODADDY,NO,YES,17,2026-05-30,73.53,32.3,EPI_AVAILABLE,edgeiq_epi_performance_fact_v1.csv:latest_prior_fullForm_match,NONE_POPULATED,,POPULATED_GOVERNED_EPR,STALE_PUBLICATION_RESOLVED_BY_CURRENT_REFRESH
2026-08-22,Sandown Hillside,3,6,Nearco Frod,15766207,5376347,NEARCOFROD,NO,YES,14,2026-05-29,77.43,11.475,EPI_AVAILABLE,edgeiq_epi_performance_fact_v1.csv:latest_prior_fullForm_match,NONE_POPULATED,,POPULATED_GOVERNED_EPR,STALE_PUBLICATION_RESOLVED_BY_CURRENT_REFRESH
2026-08-22,Sandown Hillside,3,7,Smokin' Princess,15764457,5283762,SMOKINPRINCESS,NO,YES,62,2026-06-06,77.12,23.6875,EPI_AVAILABLE,edgeiq_epi_performance_fact_v1.csv:latest_prior_fullForm_match,NONE_POPULATED,,POPULATED_GOVERNED_EPR,STALE_PUBLICATION_RESOLVED_BY_CURRENT_REFRESH
2026-08-22,Sandown Hillside,3,8,Tempesti,15767165,5361917,TEMPESTI,NO,YES,23,2026-05-31,67.11,100.0,EPI_AVAILABLE,edgeiq_epi_performance_fact_v1.csv:latest_prior_fullForm_match,NONE_POPULATED,,POPULATED_GOVERNED_EPR,STALE_PUBLICATION_RESOLVED_BY_CURRENT_REFRESH
2026-08-22,Sandown Hillside,3,9,Think Giant,15761588,5391497,THINKGIANT,NO,NO,0,,,,NO_PRIOR_FORM_HISTORY,,LEGITIMATE_FIRST_STARTER,LEGITIMATE_FIRST_STARTER,LEGITIMATE_GOVERNED_EXCLUSION,LEGITIMATE_GOVERNED_EXCLUSION
2026-08-22,Sandown Hillside,3,10,Beach Pad,15767611,5311674,BEACHPAD,NO,YES,10,2026-05-05,48.34,67.525,EPI_AVAILABLE,edgeiq_epi_performance_fact_v1.csv:latest_prior_fullForm_match,NONE_POPULATED,,POPULATED_GOVERNED_EPR,STALE_PUBLICATION_RESOLVED_BY_CURRENT_REFRESH
2026-08-22,Sandown Hillside,4,1,Regal Zeus,15763556,5303581,REGALZEUS,NO,YES,75,2026-02-07,67.2,71.725,EPI_AVAILABLE,edgeiq_epi_performance_fact_v1.csv:latest_prior_fullForm_match,NONE_POPULATED,,POPULATED_GOVERNED_EPR,STALE_PUBLICATION_RESOLVED_BY_CURRENT_REFRESH
2026-08-22,Sandown Hillside,4,4,Freedom Rally,15764969,5289160,FREEDOMRALLY,NO,YES,32,2026-05-23,60.37,15.6625,EPI_AVAILABLE,edgeiq_epi_performance_fact_v1.csv:latest_prior_fullForm_match,NONE_POPULATED,,POPULATED_GOVERNED_EPR,STALE_PUBLICATION_RESOLVED_BY_CURRENT_REFRESH
2026-08-22,Sandown Hillside,4,5,First Chorus,15767077,5338334,FIRSTCHORUS,NO,YES,39,2026-05-30,79.1,45.85,EPI_AVAILABLE,edgeiq_epi_performance_fact_v1.csv:latest_prior_fullForm_match,NONE_POPULATED,,POPULATED_GOVERNED_EPR,STALE_PUBLICATION_RESOLVED_BY_CURRENT_REFRESH
2026-08-22,Sandown Hillside,4,6,Justadeel,15767452,5304277,JUSTADEEL,NO,YES,31,2026-03-08,76.72,64.5,EPI_AVAILABLE,edgeiq_epi_performance_fact_v1.csv:latest_prior_fullForm_match,NONE_POPULATED,,POPULATED_GOVERNED_EPR,STALE_PUBLICATION_RESOLVED_BY_CURRENT_REFRESH
2026-08-22,Sandown Hillside,4,7,Asva,15766385,5306676,ASVA,NO,YES,7,,,,INSUFFICIENT_PERFORMANCE_HISTORY,,LEGITIMATE_INSUFFICIENT_HISTORY,LEGITIMATE_INSUFFICIENT_HISTORY,LEGITIMATE_GOVERNED_EXCLUSION,LEGITIMATE_GOVERNED_EXCLUSION
2026-08-22,Sandown Hillside,4,8,St Lawrence,15764970,5316795,STLAWRENCE,NO,YES,38,2026-05-23,49.29,0.0,EPI_AVAILABLE,edgeiq_epi_performance_fact_v1.csv:latest_prior_fullForm_match,NONE_POPULATED,,POPULATED_GOVERNED_EPR,STALE_PUBLICATION_RESOLVED_BY_CURRENT_REFRESH
2026-08-22,Sandown Hillside,5,2,Incognito,15766962,5363954,INCOGNITO,NO,NO,0,,,,NO_PRIOR_FORM_HISTORY,,LEGITIMATE_FIRST_STARTER,LEGITIMATE_FIRST_STARTER,LEGITIMATE_GOVERNED_EXCLUSION,LEGITIMATE_GOVERNED_EXCLUSION
2026-08-22,Sandown Hillside,5,3,Divine Dot,15763554,5365762,DIVINEDOT,NO,YES,11,2026-06-06,59.25,38.75,EPI_AVAILABLE,edgeiq_epi_performance_fact_v1.csv:latest_prior_fullForm_match,NONE_POPULATED,,POPULATED_GOVERNED_EPR,STALE_PUBLICATION_RESOLVED_BY_CURRENT_REFRESH
2026-08-22,Sandown Hillside,5,5,Jacaranda,15767433,5367954,JACARANDA,NO,YES,6,2026-02-28,63.96,44.1,EPI_AVAILABLE,edgeiq_epi_performance_fact_v1.csv:latest_prior_fullForm_match,NONE_POPULATED,,POPULATED_GOVERNED_EPR,STALE_PUBLICATION_RESOLVED_BY_CURRENT_REFRESH
2026-08-22,Sandown Hillside,5,7,One Day At A Time,15766205,5362884,ONEDAYATATIME,NO,YES,2,2025-10-04,84.87,34.95,EPI_AVAILABLE,edgeiq_epi_performance_fact_v1.csv:latest_prior_fullForm_match,NONE_POPULATED,,POPULATED_GOVERNED_EPR,STALE_PUBLICATION_RESOLVED_BY_CURRENT_REFRESH
2026-08-22,Sandown Hillside,5,8,Oxley Tycoon,15768236,5361511,OXLEYTYCOON,NO,YES,4,2026-03-19,47.37,,INSUFFICIENT_PERFORMANCE_HISTORY,,LEGITIMATE_INSUFFICIENT_HISTORY,LEGITIMATE_INSUFFICIENT_HISTORY,LEGITIMATE_GOVERNED_EXCLUSION,LEGITIMATE_GOVERNED_EXCLUSION
2026-08-22,Sandown Hillside,5,9,Shooting Brake,15755612,5367632,SHOOTINGBRAKE,NO,YES,8,2026-05-09,67.13,46.25,EPI_AVAILABLE,edgeiq_epi_performance_fact_v1.csv:latest_prior_fullForm_match,NONE_POPULATED,,POPULATED_GOVERNED_EPR,STALE_PUBLICATION_RESOLVED_BY_CURRENT_REFRESH
2026-08-22,Sandown Hillside,5,10,Somers Green,15761144,5371664,SOMERSGREEN,NO,YES,4,,,,INSUFFICIENT_PERFORMANCE_HISTORY,,LEGITIMATE_INSUFFICIENT_HISTORY,LEGITIMATE_INSUFFICIENT_HISTORY,LEGITIMATE_GOVERNED_EXCLUSION,LEGITIMATE_GOVERNED_EXCLUSION
2026-08-22,Sandown Hillside,5,11,Calamari Ring,15751263,5362256,CALAMARIRING,NO,YES,3,2025-11-08,91.97,19.125,EPI_AVAILABLE,edgeiq_epi_performance_fact_v1.csv:latest_prior_fullForm_match,NONE_POPULATED,,POPULATED_GOVERNED_EPR,STALE_PUBLICATION_RESOLVED_BY_CURRENT_REFRESH
2026-08-22,Sandown Hillside,5,12,Buggsy,15761587,5375756,BUGGSY,NO,YES,14,2026-04-11,76.81,30.85,EPI_AVAILABLE,edgeiq_epi_performance_fact_v1.csv:latest_prior_fullForm_match,NONE_POPULATED,,POPULATED_GOVERNED_EPR,STALE_PUBLICATION_RESOLVED_BY_CURRENT_REFRESH
2026-08-22,Sandown Hillside,6,1,Saluted,15767264,5345818,SALUTED,NO,YES,27,2026-05-20,79.99,46.875,EPI_AVAILABLE,edgeiq_epi_performance_fact_v1.csv:latest_prior_fullForm_match,NONE_POPULATED,,POPULATED_GOVERNED_EPR,STALE_PUBLICATION_RESOLVED_BY_CURRENT_REFRESH
2026-08-22,Sandown Hillside,6,2,Per Sempre,15765148,5335886,PERSEMPRE,NO,YES,95,2026-05-23,78.21,36.25,EPI_AVAILABLE,edgeiq_epi_performance_fact_v1.csv:latest_prior_fullForm_match,NONE_POPULATED,,POPULATED_GOVERNED_EPR,STALE_PUBLICATION_RESOLVED_BY_CURRENT_REFRESH
2026-08-22,Sandown Hillside,6,5,Mrs Archibald,15768516,5332054,MRSARCHIBALD,NO,YES,49,2025-10-03,65.65,72.35,EPI_AVAILABLE,edgeiq_epi_performance_fact_v1.csv:latest_prior_fullForm_match,NONE_POPULATED,,POPULATED_GOVERNED_EPR,STALE_PUBLICATION_RESOLVED_BY_CURRENT_REFRESH
2026-08-22,Sandown Hillside,6,6,Semelle Rouge,15761591,5350244,SEMELLEROUGE,NO,YES,14,2026-06-03,47.64,25.325,EPI_AVAILABLE,edgeiq_epi_performance_fact_v1.csv:latest_prior_fullForm_match,NONE_POPULATED,,POPULATED_GOVERNED_EPR,STALE_PUBLICATION_RESOLVED_BY_CURRENT_REFRESH
2026-08-22,Sandown Hillside,6,8,No Limitation,15767439,5346327,NOLIMITATION,NO,YES,17,2026-02-20,54.88,43.3,EPI_AVAILABLE,edgeiq_epi_performance_fact_v1.csv:latest_prior_fullForm_match,NONE_POPULATED,,POPULATED_GOVERNED_EPR,STALE_PUBLICATION_RESOLVED_BY_CURRENT_REFRESH
2026-08-22,Sandown Hillside,6,9,Silver Cliff,15764351,5309788,SILVERCLIFF,NO,YES,36,2026-04-12,63.22,65.35,EPI_AVAILABLE,edgeiq_epi_performance_fact_v1.csv:latest_prior_fullForm_match,NONE_POPULATED,,POPULATED_GOVERNED_EPR,STALE_PUBLICATION_RESOLVED_BY_CURRENT_REFRESH
2026-08-22,Sandown Hillside,6,11,Set Me Loose,15767076,5349574,SETMELOOSE,NO,YES,7,2025-12-19,76.91,31.75,EPI_AVAILABLE,edgeiq_epi_performance_fact_v1.csv:latest_prior_fullForm_match,NONE_POPULATED,,POPULATED_GOVERNED_EPR,STALE_PUBLICATION_RESOLVED_BY_CURRENT_REFRESH
2026-08-22,Sandown Hillside,6,14,Conscience,15768246,5348556,CONSCIENCE,NO,YES,13,2026-02-18,77.31,51.2,EPI_AVAILABLE,edgeiq_epi_performance_fact_v1.csv:latest_prior_fullForm_match,NONE_POPULATED,,POPULATED_GOVERNED_EPR,STALE_PUBLICATION_RESOLVED_BY_CURRENT_REFRESH
2026-08-22,Sandown Hillside,6,15,Final Moment,15764612,5350327,FINALMOMENT,NO,YES,25,2026-05-14,57.62,82.75,EPI_AVAILABLE,edgeiq_epi_performance_fact_v1.csv:latest_prior_fullForm_match,NONE_POPULATED,,POPULATED_GOVERNED_EPR,STALE_PUBLICATION_RESOLVED_BY_CURRENT_REFRESH
2026-08-22,Sandown Hillside,6,16,Miss Cotoletta,15765296,5338993,MISSCOTOLETTA,NO,YES,23,2026-04-08,67.86,28.675,EPI_AVAILABLE,edgeiq_epi_performance_fact_v1.csv:latest_prior_fullForm_match,NONE_POPULATED,,POPULATED_GOVERNED_EPR,STALE_PUBLICATION_RESOLVED_BY_CURRENT_REFRESH
2026-08-22,Sandown Hillside,6,17,All Pink,15764343,5359486,ALLPINK,NO,YES,18,2025-12-05,38.99,20.7,EPI_AVAILABLE,edgeiq_epi_performance_fact_v1.csv:latest_prior_fullForm_match,NONE_POPULATED,,POPULATED_GOVERNED_EPR,STALE_PUBLICATION_RESOLVED_BY_CURRENT_REFRESH
2026-08-22,Sandown Hillside,7,1,Hedged,15764968,5313190,HEDGED,NO,YES,65,2026-02-21,78.69,67.35,EPI_AVAILABLE,edgeiq_epi_performance_fact_v1.csv:latest_prior_fullForm_match,NONE_POPULATED,,POPULATED_GOVERNED_EPR,STALE_PUBLICATION_RESOLVED_BY_CURRENT_REFRESH
2026-08-22,Sandown Hillside,7,3,Klabel,15764812,5303538,KLABEL,NO,YES,20,2025-12-06,72,44.25,EPI_AVAILABLE,edgeiq_epi_performance_fact_v1.csv:latest_prior_fullForm_match,NONE_POPULATED,,POPULATED_GOVERNED_EPR,STALE_PUBLICATION_RESOLVED_BY_CURRENT_REFRESH
2026-08-22,Sandown Hillside,7,4,Losesomewinmore,15764813,5285794,LOSESOMEWINMORE,NO,YES,22,2026-05-16,83.98,51.75,EPI_AVAILABLE,edgeiq_epi_performance_fact_v1.csv:latest_prior_fullForm_match,NONE_POPULATED,,POPULATED_GOVERNED_EPR,STALE_PUBLICATION_RESOLVED_BY_CURRENT_REFRESH
2026-08-22,Sandown Hillside,7,5,Beast Mode,15767450,5289128,BEASTMODE,NO,YES,40,2026-01-24,59.57,53.875,EPI_AVAILABLE,edgeiq_epi_performance_fact_v1.csv:latest_prior_fullForm_match,NONE_POPULATED,,POPULATED_GOVERNED_EPR,STALE_PUBLICATION_RESOLVED_BY_CURRENT_REFRESH
2026-08-22,Sandown Hillside,7,7,Cavalry Girl,15764477,5346225,CAVALRYGIRL,NO,YES,39,2026-05-20,74.18,25.375,EPI_AVAILABLE,edgeiq_epi_performance_fact_v1.csv:latest_prior_fullForm_match,NONE_POPULATED,,POPULATED_GOVERNED_EPR,STALE_PUBLICATION_RESOLVED_BY_CURRENT_REFRESH
2026-08-22,Sandown Hillside,7,8,Stokke,15764344,5307039,STOKKE,NO,YES,28,2025-11-06,91.24,56.875,EPI_AVAILABLE,edgeiq_epi_performance_fact_v1.csv:latest_prior_fullForm_match,NONE_POPULATED,,POPULATED_GOVERNED_EPR,STALE_PUBLICATION_RESOLVED_BY_CURRENT_REFRESH
2026-08-22,Sandown Hillside,7,10,Bazaball Rewarded,15765198,5331055,BAZABALLREWARDED,NO,YES,42,2026-05-30,69.02,53.875,EPI_AVAILABLE,edgeiq_epi_performance_fact_v1.csv:latest_prior_fullForm_match,NONE_POPULATED,,POPULATED_GOVERNED_EPR,STALE_PUBLICATION_RESOLVED_BY_CURRENT_REFRESH
2026-08-22,Sandown Hillside,7,11,Signature Scent,15751283,5345774,SIGNATURESCENT,NO,YES,16,2026-02-28,55.74,48.55,EPI_AVAILABLE,edgeiq_epi_performance_fact_v1.csv:latest_prior_fullForm_match,NONE_POPULATED,,POPULATED_GOVERNED_EPR,STALE_PUBLICATION_RESOLVED_BY_CURRENT_REFRESH
2026-08-22,Sandown Hillside,8,1,Carbonados,15767447,5348238,CARBONADOS,NO,YES,40,2026-01-03,51.74,32.0,EPI_AVAILABLE,edgeiq_epi_performance_fact_v1.csv:latest_prior_fullForm_match,NONE_POPULATED,,POPULATED_GOVERNED_EPR,STALE_PUBLICATION_RESOLVED_BY_CURRENT_REFRESH
2026-08-22,Sandown Hillside,8,2,Tennessee Bound,15751281,5333616,TENNESSEEBOUND,NO,YES,11,2025-11-19,86.6,54.25,EPI_AVAILABLE,edgeiq_epi_performance_fact_v1.csv:latest_prior_fullForm_match,NONE_POPULATED,,POPULATED_GOVERNED_EPR,STALE_PUBLICATION_RESOLVED_BY_CURRENT_REFRESH
2026-08-22,Sandown Hillside,8,4,Piastri,15751278,5305101,PIASTRI,NO,YES,29,2026-05-09,62.49,44.125,EPI_AVAILABLE,edgeiq_epi_performance_fact_v1.csv:latest_prior_fullForm_match,NONE_POPULATED,,POPULATED_GOVERNED_EPR,STALE_PUBLICATION_RESOLVED_BY_CURRENT_REFRESH
2026-08-22,Sandown Hillside,8,6,Moby Dick,15764972,5307560,MOBYDICK,NO,YES,53,2026-05-07,46.76,48.75,EPI_AVAILABLE,edgeiq_epi_performance_fact_v1.csv:latest_prior_fullForm_match,NONE_POPULATED,,POPULATED_GOVERNED_EPR,STALE_PUBLICATION_RESOLVED_BY_CURRENT_REFRESH
2026-08-22,Sandown Hillside,8,7,Gold Coast Belle,15766133,5340334,GOLDCOASTBELLE,NO,YES,21,2026-05-02,90.27,24.725,EPI_AVAILABLE,edgeiq_epi_performance_fact_v1.csv:latest_prior_fullForm_match,NONE_POPULATED,,POPULATED_GOVERNED_EPR,STALE_PUBLICATION_RESOLVED_BY_CURRENT_REFRESH
2026-08-22,Sandown Hillside,8,8,Rhapsody Chic,15765643,5345040,RHAPSODYCHIC,NO,YES,26,2025-07-12,52.45,22.65,EPI_AVAILABLE,edgeiq_epi_performance_fact_v1.csv:latest_prior_fullForm_match,NONE_POPULATED,,POPULATED_GOVERNED_EPR,STALE_PUBLICATION_RESOLVED_BY_CURRENT_REFRESH
2026-08-22,Sandown Hillside,8,9,Romantic Encounter,15767449,5374877,ROMANTICENCOUNTER,NO,YES,38,2026-02-28,56.58,49.075,EPI_AVAILABLE,edgeiq_epi_performance_fact_v1.csv:latest_prior_fullForm_match,NONE_POPULATED,,POPULATED_GOVERNED_EPR,STALE_PUBLICATION_RESOLVED_BY_CURRENT_REFRESH
2026-08-22,Sandown Hillside,9,4,Ziryab,15751275,5356491,ZIRYAB,NO,YES,40,2026-03-28,57.34,63.7625,EPI_AVAILABLE,edgeiq_epi_performance_fact_v1.csv:latest_prior_fullForm_match,NONE_POPULATED,,POPULATED_GOVERNED_EPR,STALE_PUBLICATION_RESOLVED_BY_CURRENT_REFRESH
2026-08-22,Sandown Hillside,9,5,Makdane,15765987,5309932,MAKDANE,NO,YES,46,2026-05-30,70,40.625,EPI_AVAILABLE,edgeiq_epi_performance_fact_v1.csv:latest_prior_fullForm_match,NONE_POPULATED,,POPULATED_GOVERNED_EPR,STALE_PUBLICATION_RESOLVED_BY_CURRENT_REFRESH
2026-08-22,Sandown Hillside,9,7,Mukhtalif,15761677,5391024,MUKHTALIF,NO,YES,7,2026-04-25,46.29,9.675,EPI_AVAILABLE,edgeiq_epi_performance_fact_v1.csv:latest_prior_fullForm_match,NONE_POPULATED,,POPULATED_GOVERNED_EPR,STALE_PUBLICATION_RESOLVED_BY_CURRENT_REFRESH
2026-08-22,Sandown Hillside,9,8,Somewhere,15766121,5324662,SOMEWHERE,NO,YES,29,2026-01-17,60.53,12.8125,EPI_AVAILABLE,edgeiq_epi_performance_fact_v1.csv:latest_prior_fullForm_match,NONE_POPULATED,,POPULATED_GOVERNED_EPR,STALE_PUBLICATION_RESOLVED_BY_CURRENT_REFRESH
2026-08-22,Sandown Hillside,9,9,Stay Silent,15761678,5326722,STAYSILENT,NO,YES,49,2026-05-29,71.12,70.25,EPI_AVAILABLE,edgeiq_epi_performance_fact_v1.csv:latest_prior_fullForm_match,NONE_POPULATED,,POPULATED_GOVERNED_EPR,STALE_PUBLICATION_RESOLVED_BY_CURRENT_REFRESH
2026-08-22,Sandown Hillside,9,10,Dictionary,15765079,5287173,DICTIONARY,NO,YES,84,2026-03-09,45.16,32.25,EPI_AVAILABLE,edgeiq_epi_performance_fact_v1.csv:latest_prior_fullForm_match,NONE_POPULATED,,POPULATED_GOVERNED_EPR,STALE_PUBLICATION_RESOLVED_BY_CURRENT_REFRESH
2026-08-22,Sandown Hillside,9,11,Furious,15767582,5291025,FURIOUS,NO,YES,153,2026-03-14,64.04,31.6,EPI_AVAILABLE,edgeiq_epi_performance_fact_v1.csv:latest_prior_fullForm_match,NONE_POPULATED,,POPULATED_GOVERNED_EPR,STALE_PUBLICATION_RESOLVED_BY_CURRENT_REFRESH
2026-08-22,Sandown Hillside,9,12,Supernima,15768242,5340842,SUPERNIMA,NO,YES,51,2025-12-20,65.82,27.5,EPI_AVAILABLE,edgeiq_epi_performance_fact_v1.csv:latest_prior_fullForm_match,NONE_POPULATED,,POPULATED_GOVERNED_EPR,STALE_PUBLICATION_RESOLVED_BY_CURRENT_REFRESH
2026-08-22,Sandown Hillside,9,14,Just Too Fly,15755687,5346423,JUSTTOOFLY,NO,YES,1,2025-11-22,43.75,,INSUFFICIENT_PERFORMANCE_HISTORY,,LEGITIMATE_INSUFFICIENT_HISTORY,LEGITIMATE_INSUFFICIENT_HISTORY,LEGITIMATE_GOVERNED_EXCLUSION,LEGITIMATE_GOVERNED_EXCLUSION
2026-08-22,Sandown Hillside,9,15,Lovelycut,15765642,5334982,LOVELYCUT,NO,YES,33,2026-06-03,75.61,0.0,EPI_AVAILABLE,edgeiq_epi_performance_fact_v1.csv:latest_prior_fullForm_match,NONE_POPULATED,,POPULATED_GOVERNED_EPR,STALE_PUBLICATION_RESOLVED_BY_CURRENT_REFRESH
2026-08-22,Sandown Hillside,9,17,Castle On High,15761742,5351856,CASTLEONHIGH,NO,YES,33,2025-10-11,44.37,0.0,EPI_AVAILABLE,edgeiq_epi_performance_fact_v1.csv:latest_prior_fullForm_match,NONE_POPULATED,,POPULATED_GOVERNED_EPR,STALE_PUBLICATION_RESOLVED_BY_CURRENT_REFRESH
2026-08-22,Sandown Hillside,9,18,Male Model,15763030,5296994,MALEMODEL,NO,YES,55,2026-06-03,73.9,6.4375,EPI_AVAILABLE,edgeiq_epi_performance_fact_v1.csv:latest_prior_fullForm_match,NONE_POPULATED,,POPULATED_GOVERNED_EPR,STALE_PUBLICATION_RESOLVED_BY_CURRENT_REFRESH
